x,y,radius,brightness
7,23,0.33,239
8,23,0.34,244
22,23,0.37,239
23,23,0.34,240
24,23,0.4,242
25,23,0.33,239
26,23,0.39,241
27,23,0.36,239
28,23,0.4,242
32,23,0.35,243
35,23,0.37,242
50,23,0.37,241
7,24,0.35,240
8,24,0.33,242
9,24,0.38,243
10,24,0.34,243
11,24,0.4,239
12,24,0.33,241
14,24,0.37,245
15,24,0.38,238
16,24,0.4,240
17,24,0.34,239
18,24,0.34,240
19,24,0.4,244
21,24,0.33,244
22,24,0.4,240
23,24,0.39,240
24,24,0.36,242
25,24,0.4,241
26,24,0.4,241
27,24,0.37,240
28,24,0.4,240
29,24,0.35,239
30,24,0.4,241
31,24,0.39,240
32,24,0.4,239
33,24,0.37,244
34,24,0.38,243
35,24,0.4,240
36,24,0.39,242
37,24,0.4,242
38,24,0.4,241
40,24,0.4,242
41,24,0.4,241
42,24,0.38,241
43,24,0.4,243
47,24,0.37,239
48,24,0.33,241
49,24,0.4,241
50,24,0.35,241
51,24,0.4,243
52,24,0.4,241
53,24,0.4,240
57,24,0.35,245
61,24,0.37,242
64,24,0.37,242
65,24,0.34,246
69,24,0.38,244
70,24,0.4,241
71,24,0.36,239
72,24,0.35,242
1,25,0.33,239
2,25,0.4,243
3,25,0.33,242
4,25,0.37,242
5,25,0.35,241
6,25,0.39,239
9,25,0.4,242
10,25,0.4,245
11,25,0.4,244
12,25,0.4,239
15,25,0.4,240
17,25,0.4,243
18,25,0.36,242
19,25,0.39,245
20,25,0.35,245
21,25,0.4,241
22,25,0.38,240
23,25,0.4,240
24,25,0.33,241
25,25,0.34,241
26,25,0.35,241
27,25,0.36,241
28,25,0.37,241
29,25,0.36,241
30,25,0.38,243
31,25,0.38,240
32,25,0.34,241
33,25,0.33,241
34,25,0.37,240
35,25,0.34,242
36,25,0.38,242
37,25,0.33,241
38,25,0.39,241
39,25,0.33,240
40,25,0.4,241
41,25,0.37,240
42,25,0.4,241
43,25,0.36,242
44,25,0.38,242
45,25,0.4,238
46,25,0.37,241
47,25,0.37,240
48,25,0.4,241
49,25,0.4,240
50,25,0.4,241
51,25,0.38,240
52,25,0.4,241
53,25,0.4,241
54,25,0.37,241
55,25,0.35,241
56,25,0.34,241
57,25,0.4,241
58,25,0.33,241
59,25,0.39,241
60,25,0.39,241
61,25,0.34,240
62,25,0.4,241
63,25,0.4,243
64,25,0.4,241
65,25,0.37,241
67,25,0.34,241
68,25,0.4,242
69,25,0.39,242
70,25,0.4,241
71,25,0.4,241
72,25,0.37,242
73,25,0.33,240
74,25,0.34,241
75,25,0.4,242
76,25,0.37,242
77,25,0.4,241
78,25,0.4,239
81,25,0.4,241
83,25,0.4,240
84,25,0.36,240
85,25,0.4,240
86,25,0.33,242
87,25,0.39,241
96,25,0.4,241
1,26,0.39,240
2,26,0.34,242
6,26,0.39,243
22,26,0.39,241
23,26,0.37,237
24,26,0.4,241
25,26,0.36,237
26,26,0.36,238
27,26,0.38,236
29,26,0.35,240
30,26,0.36,238
31,26,0.38,243
32,26,0.4,239
33,26,0.34,241
34,26,0.35,242
35,26,0.35,240
36,26,0.4,241
37,26,0.4,239
38,26,0.35,240
39,26,0.4,242
40,26,0.33,239
41,26,0.36,240
42,26,0.37,240
43,26,0.39,241
44,26,0.4,243
45,26,0.4,239
46,26,0.39,242
47,26,0.4,242
48,26,0.38,241
49,26,0.4,241
50,26,0.4,241
51,26,0.36,241
52,26,0.4,241
53,26,0.4,241
54,26,0.38,241
55,26,0.37,242
56,26,0.35,241
57,26,0.39,241
58,26,0.34,242
59,26,0.4,240
60,26,0.4,239
61,26,0.4,241
62,26,0.4,240
63,26,0.39,241
64,26,0.4,240
65,26,0.34,240
66,26,0.33,239
67,26,0.4,239
68,26,0.37,242
69,26,0.4,241
70,26,0.38,242
71,26,0.37,241
72,26,0.4,242
73,26,0.37,239
74,26,0.4,240
75,26,0.4,240
76,26,0.35,242
77,26,0.4,242
78,26,0.33,240
79,26,0.38,241
80,26,0.39,241
81,26,0.4,241
82,26,0.35,242
83,26,0.39,241
84,26,0.37,241
85,26,0.4,242
86,26,0.34,243
87,26,0.36,241
88,26,0.4,242
89,26,0.37,242
90,26,0.4,241
91,26,0.33,240
92,26,0.37,240
93,26,0.34,241
94,26,0.39,237
95,26,0.4,239
96,26,0.37,242
97,26,0.4,241
98,26,0.36,240
99,26,0.38,241
100,26,0.4,242
101,26,0.36,242
102,26,0.4,242
103,26,0.39,242
104,26,0.4,240
105,26,0.36,237
106,26,0.4,242
107,26,0.35,243
108,26,0.33,239
109,26,0.4,241
110,26,0.4,241
111,26,0.38,242
112,26,0.33,238
115,26,0.4,241
116,26,0.34,242
119,26,0.4,241
1,27,0.4,238
36,27,0.35,241
37,27,0.4,239
41,27,0.38,242
42,27,0.4,239
44,27,0.4,240
45,27,0.4,242
46,27,0.36,241
47,27,0.39,240
48,27,0.4,241
49,27,0.36,238
50,27,0.37,241
51,27,0.4,239
52,27,0.33,241
53,27,0.36,240
54,27,0.35,242
55,27,0.38,241
56,27,0.38,241
57,27,0.4,241
58,27,0.38,240
60,27,0.34,238
61,27,0.33,242
62,27,0.39,241
63,27,0.4,241
64,27,0.4,240
65,27,0.4,243
66,27,0.36,240
67,27,0.4,239
68,27,0.38,241
69,27,0.36,242
70,27,0.34,241
71,27,0.38,242
72,27,0.39,242
73,27,0.36,240
74,27,0.35,242
75,27,0.4,244
76,27,0.33,240
77,27,0.4,241
78,27,0.38,242
79,27,0.4,242
80,27,0.34,239
81,27,0.39,241
82,27,0.4,240
83,27,0.38,240
84,27,0.37,240
85,27,0.38,240
86,27,0.35,241
87,27,0.35,240
88,27,0.36,241
89,27,0.33,241
90,27,0.4,242
91,27,0.34,243
92,27,0.4,242
93,27,0.33,241
94,27,0.4,240
95,27,0.39,241
96,27,0.33,241
97,27,0.4,241
98,27,0.4,241
99,27,0.4,241
100,27,0.38,241
101,27,0.36,241
102,27,0.35,242
103,27,0.34,241
104,27,0.4,241
105,27,0.4,240
106,27,0.35,241
107,27,0.33,242
108,27,0.37,241
109,27,0.34,241
110,27,0.35,242
111,27,0.35,239
112,27,0.4,239
113,27,0.38,241
114,27,0.39,242
115,27,0.37,240
116,27,0.4,242
117,27,0.39,242
118,27,0.33,240
119,27,0.34,242
120,27,0.4,241
123,27,0.4,239
124,27,0.34,238
328,27,0.38,237
329,27,0.4,243
331,27,0.39,240
332,27,0.33,240
335,27,0.39,247
336,27,0.36,242
25,28,0.35,241
47,28,0.4,242
48,28,0.34,241
49,28,0.4,242
50,28,0.4,236
52,28,0.4,243
53,28,0.37,241
54,28,0.34,241
55,28,0.4,241
56,28,0.4,239
60,28,0.35,240
61,28,0.34,240
62,28,0.39,243
63,28,0.4,241
64,28,0.33,242
66,28,0.4,242
67,28,0.34,243
68,28,0.33,242
70,28,0.34,242
71,28,0.38,243
72,28,0.4,240
73,28,0.4,240
74,28,0.33,239
75,28,0.35,243
76,28,0.38,241
77,28,0.34,241
78,28,0.4,241
79,28,0.37,241
80,28,0.4,240
81,28,0.4,242
82,28,0.4,242
83,28,0.36,245
84,28,0.38,241
85,28,0.4,240
86,28,0.34,243
87,28,0.33,240
88,28,0.37,241
89,28,0.38,243
90,28,0.4,241
91,28,0.4,242
92,28,0.33,241
93,28,0.34,242
94,28,0.4,242
95,28,0.36,241
96,28,0.34,241
97,28,0.4,241
98,28,0.4,242
99,28,0.4,242
100,28,0.4,241
101,28,0.4,242
102,28,0.4,240
103,28,0.36,240
104,28,0.38,240
105,28,0.4,242
106,28,0.37,240
107,28,0.4,240
108,28,0.4,241
109,28,0.4,240
110,28,0.4,241
111,28,0.37,241
112,28,0.4,240
113,28,0.33,241
114,28,0.37,241
115,28,0.4,241
116,28,0.4,241
117,28,0.33,240
118,28,0.4,241
119,28,0.4,242
120,28,0.38,241
121,28,0.34,241
122,28,0.4,241
123,28,0.4,241
124,28,0.35,241
125,28,0.4,241
126,28,0.33,241
128,28,0.35,238
129,28,0.37,243
131,28,0.4,243
132,28,0.36,242
134,28,0.4,239
135,28,0.4,238
138,28,0.35,242
139,28,0.33,242
140,28,0.4,237
145,28,0.4,240
323,28,0.4,241
324,28,0.4,241
326,28,0.4,242
327,28,0.37,241
328,28,0.34,240
329,28,0.4,246
330,28,0.4,242
331,28,0.36,242
332,28,0.4,241
335,28,0.33,240
336,28,0.34,243
337,28,0.36,242
338,28,0.34,241
339,28,0.38,241
340,28,0.4,238
341,28,0.39,243
342,28,0.39,243
343,28,0.34,240
344,28,0.39,240
9,29,0.4,243
10,29,0.37,244
11,29,0.4,240
12,29,0.4,242
14,29,0.4,242
17,29,0.4,244
18,29,0.38,245
19,29,0.35,239
22,29,0.34,240
23,29,0.34,241
24,29,0.34,239
25,29,0.4,240
26,29,0.4,240
27,29,0.4,238
53,29,0.4,242
54,29,0.37,242
55,29,0.4,242
56,29,0.4,243
57,29,0.34,240
58,29,0.33,243
59,29,0.35,241
60,29,0.4,241
63,29,0.4,241
80,29,0.34,241
81,29,0.4,241
82,29,0.35,241
83,29,0.36,240
84,29,0.35,242
85,29,0.4,238
86,29,0.4,242
87,29,0.34,242
88,29,0.33,243
89,29,0.4,241
90,29,0.37,242
91,29,0.39,241
92,29,0.4,241
93,29,0.39,240
94,29,0.35,240
95,29,0.36,241
96,29,0.4,239
97,29,0.4,239
98,29,0.36,239
99,29,0.33,241
100,29,0.34,241
101,29,0.36,241
102,29,0.4,240
103,29,0.38,241
104,29,0.39,242
105,29,0.38,240
106,29,0.4,241
107,29,0.4,241
108,29,0.35,243
109,29,0.4,241
110,29,0.39,239
111,29,0.4,241
112,29,0.33,241
113,29,0.4,242
114,29,0.35,241
115,29,0.39,240
116,29,0.4,239
117,29,0.38,240
118,29,0.39,240
119,29,0.37,242
120,29,0.4,241
121,29,0.4,242
122,29,0.34,241
123,29,0.33,240
124,29,0.39,240
125,29,0.36,240
126,29,0.33,242
127,29,0.4,240
128,29,0.35,241
129,29,0.4,243
130,29,0.34,241
131,29,0.4,242
132,29,0.4,242
133,29,0.4,242
134,29,0.4,241
135,29,0.4,241
136,29,0.37,241
137,29,0.35,241
138,29,0.4,237
139,29,0.4,242
140,29,0.4,241
141,29,0.34,239
142,29,0.33,240
143,29,0.35,242
144,29,0.4,240
145,29,0.34,242
147,29,0.4,242
148,29,0.4,242
149,29,0.37,241
150,29,0.38,242
152,29,0.36,241
154,29,0.37,240
155,29,0.35,238
156,29,0.39,239
158,29,0.4,242
297,29,0.39,241
309,29,0.4,238
313,29,0.4,242
314,29,0.4,240
315,29,0.4,242
320,29,0.34,240
321,29,0.4,240
322,29,0.4,241
323,29,0.4,241
324,29,0.38,242
325,29,0.4,244
326,29,0.4,242
327,29,0.4,240
329,29,0.38,241
334,29,0.37,236
335,29,0.4,239
336,29,0.38,242
337,29,0.4,241
338,29,0.36,240
340,29,0.39,238
341,29,0.39,241
342,29,0.39,238
343,29,0.4,243
344,29,0.36,239
347,29,0.35,243
348,29,0.37,240
351,29,0.4,242
352,29,0.38,240
353,29,0.37,240
354,29,0.38,243
4,30,0.35,241
5,30,0.34,243
9,30,0.4,243
13,30,0.34,242
15,30,0.4,241
16,30,0.4,244
17,30,0.39,241
18,30,0.4,241
20,30,0.4,242
21,30,0.39,242
22,30,0.39,241
23,30,0.35,240
25,30,0.4,242
27,30,0.39,240
28,30,0.37,242
29,30,0.4,237
30,30,0.4,238
32,30,0.38,240
33,30,0.4,239
34,30,0.4,239
42,30,0.4,241
59,30,0.37,244
63,30,0.38,241
64,30,0.36,245
66,30,0.4,239
67,30,0.4,241
86,30,0.4,236
87,30,0.4,240
88,30,0.34,241
91,30,0.4,243
92,30,0.34,242
93,30,0.4,241
94,30,0.35,242
96,30,0.4,240
98,30,0.4,240
99,30,0.35,242
100,30,0.39,241
102,30,0.36,240
103,30,0.4,241
104,30,0.35,239
105,30,0.4,242
108,30,0.39,242
109,30,0.33,242
110,30,0.35,242
115,30,0.37,240
118,30,0.4,239
121,30,0.4,240
122,30,0.35,241
123,30,0.38,240
124,30,0.4,241
125,30,0.38,241
126,30,0.36,241
127,30,0.4,240
128,30,0.4,240
130,30,0.4,243
131,30,0.4,242
132,30,0.38,242
133,30,0.33,243
134,30,0.33,240
135,30,0.4,241
136,30,0.37,241
137,30,0.4,242
138,30,0.4,243
139,30,0.39,241
140,30,0.4,241
141,30,0.39,242
142,30,0.4,240
143,30,0.4,240
144,30,0.4,241
145,30,0.4,240
146,30,0.33,240
147,30,0.34,241
148,30,0.38,241
149,30,0.4,242
150,30,0.4,241
151,30,0.38,241
152,30,0.4,240
153,30,0.37,241
154,30,0.4,242
155,30,0.34,242
156,30,0.4,241
158,30,0.37,241
159,30,0.36,242
160,30,0.33,241
161,30,0.35,242
162,30,0.33,243
163,30,0.39,238
164,30,0.4,240
165,30,0.33,240
166,30,0.39,243
167,30,0.38,240
168,30,0.4,240
169,30,0.33,242
170,30,0.35,241
171,30,0.37,242
172,30,0.37,243
177,30,0.38,241
271,30,0.39,243
277,30,0.37,237
282,30,0.37,239
284,30,0.4,240
285,30,0.34,240
290,30,0.36,242
291,30,0.4,240
294,30,0.37,240
295,30,0.35,241
296,30,0.4,243
297,30,0.38,241
298,30,0.4,240
299,30,0.4,240
300,30,0.4,244
306,30,0.38,243
307,30,0.38,243
308,30,0.33,242
309,30,0.33,239
311,30,0.4,238
312,30,0.4,241
313,30,0.37,241
314,30,0.4,240
315,30,0.4,242
317,30,0.37,239
318,30,0.33,240
319,30,0.4,242
320,30,0.34,242
321,30,0.38,241
322,30,0.39,240
323,30,0.33,241
325,30,0.35,238
327,30,0.36,240
346,30,0.4,241
347,30,0.34,241
348,30,0.4,239
349,30,0.37,242
350,30,0.39,242
354,30,0.4,240
355,30,0.4,240
1,31,0.4,240
2,31,0.35,241
3,31,0.36,241
4,31,0.38,241
5,31,0.35,240
7,31,0.36,241
8,31,0.4,242
9,31,0.35,242
13,31,0.39,242
16,31,0.37,241
28,31,0.4,244
29,31,0.38,242
30,31,0.4,240
31,31,0.38,239
33,31,0.4,241
34,31,0.34,244
35,31,0.38,243
36,31,0.38,241
37,31,0.34,243
38,31,0.4,243
39,31,0.4,240
41,31,0.37,241
42,31,0.4,243
43,31,0.39,241
44,31,0.35,240
62,31,0.33,241
64,31,0.4,239
67,31,0.4,239
68,31,0.38,240
69,31,0.4,241
70,31,0.4,242
71,31,0.4,239
96,31,0.35,241
97,31,0.39,245
98,31,0.4,241
99,31,0.38,246
101,31,0.4,241
102,31,0.34,242
103,31,0.37,241
104,31,0.33,241
105,31,0.38,242
106,31,0.4,239
107,31,0.34,240
108,31,0.35,241
109,31,0.4,243
110,31,0.35,246
112,31,0.4,240
123,31,0.4,241
125,31,0.38,242
127,31,0.35,241
128,31,0.36,241
129,31,0.36,243
130,31,0.4,240
131,31,0.36,241
132,31,0.4,242
133,31,0.33,241
135,31,0.4,242
136,31,0.4,240
137,31,0.4,240
138,31,0.4,243
139,31,0.33,241
140,31,0.35,241
141,31,0.37,244
142,31,0.4,241
143,31,0.35,241
144,31,0.33,240
145,31,0.36,241
146,31,0.37,241
147,31,0.33,239
148,31,0.4,241
149,31,0.38,239
150,31,0.34,240
151,31,0.39,239
152,31,0.33,241
153,31,0.4,242
154,31,0.4,239
155,31,0.38,240
156,31,0.34,239
157,31,0.4,242
158,31,0.35,242
159,31,0.4,243
160,31,0.4,241
161,31,0.4,241
162,31,0.4,241
164,31,0.4,240
165,31,0.36,242
166,31,0.38,241
167,31,0.4,241
168,31,0.4,243
169,31,0.34,241
170,31,0.35,240
174,31,0.4,242
176,31,0.4,241
177,31,0.39,240
178,31,0.4,240
179,31,0.4,241
180,31,0.4,244
183,31,0.35,241
184,31,0.39,240
185,31,0.35,240
215,31,0.4,241
228,31,0.34,242
253,31,0.36,242
254,31,0.35,243
255,31,0.32,237
257,31,0.4,241
259,31,0.4,237
260,31,0.4,245
262,31,0.35,241
263,31,0.4,241
266,31,0.36,242
267,31,0.4,244
268,31,0.4,242
269,31,0.4,242
271,31,0.33,238
272,31,0.36,240
273,31,0.39,242
278,31,0.36,242
279,31,0.4,240
280,31,0.4,242
283,31,0.4,241
284,31,0.33,240
285,31,0.4,241
286,31,0.34,241
287,31,0.39,242
288,31,0.4,241
289,31,0.34,243
290,31,0.38,239
291,31,0.39,241
292,31,0.38,247
293,31,0.36,242
294,31,0.4,241
295,31,0.4,239
298,31,0.34,242
305,31,0.37,241
306,31,0.38,242
307,31,0.4,241
308,31,0.38,241
309,31,0.36,242
310,31,0.4,240
311,31,0.38,239
312,31,0.37,241
313,31,0.4,240
314,31,0.35,239
315,31,0.37,245
316,31,0.4,242
317,31,0.36,240
318,31,0.39,240
319,31,0.34,240
320,31,0.33,242
321,31,0.4,240
322,31,0.37,241
323,31,0.38,242
324,31,0.37,243
330,31,0.35,239
331,31,0.35,241
355,31,0.4,242
356,31,0.34,234
357,31,0.38,236
358,31,0.35,243
0,32,0.4,241
1,32,0.39,242
2,32,0.4,241
3,32,0.38,240
4,32,0.37,241
9,32,0.36,241
10,32,0.39,239
14,32,0.4,240
15,32,0.4,242
16,32,0.37,241
17,32,0.4,241
18,32,0.4,239
19,32,0.33,241
20,32,0.4,236
21,32,0.4,241
29,32,0.35,240
33,32,0.4,243
34,32,0.34,234
36,32,0.4,240
37,32,0.38,238
38,32,0.4,241
47,32,0.36,238
65,32,0.4,240
67,32,0.4,242
70,32,0.37,242
71,32,0.4,242
72,32,0.33,239
73,32,0.33,241
74,32,0.34,242
100,32,0.36,238
101,32,0.39,242
103,32,0.4,241
104,32,0.4,242
105,32,0.34,238
106,32,0.39,244
107,32,0.35,243
108,32,0.36,240
109,32,0.37,240
110,32,0.38,241
111,32,0.37,241
113,32,0.38,241
114,32,0.4,239
115,32,0.4,242
116,32,0.36,240
129,32,0.34,241
130,32,0.36,245
133,32,0.4,242
136,32,0.4,240
137,32,0.36,242
138,32,0.34,243
139,32,0.37,240
140,32,0.4,242
141,32,0.36,242
142,32,0.4,240
143,32,0.39,243
144,32,0.39,242
146,32,0.33,241
147,32,0.35,239
148,32,0.38,243
149,32,0.38,240
150,32,0.34,243
152,32,0.39,241
153,32,0.4,242
154,32,0.4,240
155,32,0.4,242
156,32,0.4,241
157,32,0.4,240
158,32,0.34,242
159,32,0.35,242
160,32,0.33,243
161,32,0.4,242
162,32,0.34,242
164,32,0.39,240
165,32,0.38,241
166,32,0.4,241
167,32,0.36,240
168,32,0.4,238
173,32,0.37,243
174,32,0.37,241
175,32,0.4,243
176,32,0.35,237
179,32,0.4,240
181,32,0.4,239
182,32,0.33,242
184,32,0.4,244
185,32,0.4,238
189,32,0.4,245
190,32,0.36,240
191,32,0.4,242
192,32,0.36,241
193,32,0.39,240
194,32,0.37,236
195,32,0.34,242
196,32,0.34,241
197,32,0.4,242
198,32,0.4,242
199,32,0.4,244
200,32,0.34,243
204,32,0.38,241
205,32,0.33,241
206,32,0.4,238
211,32,0.37,240
212,32,0.4,242
215,32,0.39,240
218,32,0.4,240
219,32,0.37,242
220,32,0.4,242
221,32,0.4,240
222,32,0.4,243
223,32,0.35,241
225,32,0.35,241
226,32,0.4,242
227,32,0.4,241
228,32,0.36,240
229,32,0.37,235
230,32,0.38,244
231,32,0.4,238
232,32,0.35,238
233,32,0.36,236
234,32,0.4,242
235,32,0.4,244
236,32,0.4,240
237,32,0.36,240
238,32,0.4,242
239,32,0.37,242
240,32,0.4,241
241,32,0.35,241
242,32,0.38,236
243,32,0.33,241
244,32,0.35,244
252,32,0.4,243
253,32,0.4,241
254,32,0.4,241
255,32,0.38,243
256,32,0.39,241
257,32,0.35,240
258,32,0.37,242
259,32,0.35,242
262,32,0.35,241
263,32,0.4,242
264,32,0.34,241
265,32,0.35,239
268,32,0.34,241
269,32,0.39,239
270,32,0.37,241
271,32,0.4,244
272,32,0.4,238
273,32,0.33,240
274,32,0.4,241
275,32,0.4,240
276,32,0.4,241
278,32,0.4,243
281,32,0.4,241
282,32,0.4,242
283,32,0.36,243
284,32,0.4,241
285,32,0.37,239
286,32,0.35,242
287,32,0.37,242
288,32,0.39,237
289,32,0.4,240
290,32,0.39,241
291,32,0.36,241
292,32,0.4,243
293,32,0.4,240
294,32,0.4,240
295,32,0.4,241
296,32,0.38,242
297,32,0.37,241
298,32,0.37,240
299,32,0.4,240
300,32,0.4,241
301,32,0.33,240
302,32,0.4,242
303,32,0.4,241
304,32,0.4,240
305,32,0.4,240
306,32,0.4,241
307,32,0.33,240
308,32,0.33,240
309,32,0.4,241
310,32,0.33,240
312,32,0.33,239
313,32,0.4,239
314,32,0.34,239
315,32,0.37,241
316,32,0.35,241
317,32,0.36,241
318,32,0.35,243
319,32,0.36,242
320,32,0.33,241
321,32,0.34,242
322,32,0.35,243
323,32,0.36,240
324,32,0.34,239
325,32,0.34,239
326,32,0.4,238
329,32,0.4,242
330,32,0.4,240
331,32,0.4,241
332,32,0.35,240
334,32,0.38,241
358,32,0.38,241
362,32,0.4,241
364,32,0.37,241
6,33,0.4,241
7,33,0.4,242
8,33,0.35,243
9,33,0.38,243
10,33,0.39,241
11,33,0.4,241
12,33,0.34,240
13,33,0.35,241
14,33,0.35,244
15,33,0.4,242
20,33,0.36,239
21,33,0.4,240
22,33,0.34,240
23,33,0.35,239
24,33,0.4,241
25,33,0.37,242
26,33,0.37,244
27,33,0.4,241
28,33,0.35,240
29,33,0.4,240
30,33,0.33,241
31,33,0.33,235
33,33,0.4,243
37,33,0.36,244
38,33,0.4,245
44,33,0.4,243
45,33,0.4,242
46,33,0.39,240
47,33,0.36,241
48,33,0.4,243
49,33,0.4,240
50,33,0.4,242
51,33,0.35,238
69,33,0.38,241
70,33,0.33,239
71,33,0.4,240
72,33,0.34,244
73,33,0.34,238
74,33,0.4,239
75,33,0.37,240
104,33,0.39,238
105,33,0.4,243
106,33,0.4,242
109,33,0.33,242
113,33,0.39,242
114,33,0.4,240
116,33,0.4,242
136,33,0.4,241
137,33,0.34,239
138,33,0.4,241
139,33,0.4,243
140,33,0.39,241
141,33,0.4,240
142,33,0.39,240
143,33,0.4,240
144,33,0.4,240
145,33,0.33,242
146,33,0.4,241
147,33,0.39,247
149,33,0.4,238
150,33,0.36,241
153,33,0.39,240
154,33,0.36,240
155,33,0.4,239
156,33,0.4,237
157,33,0.38,241
158,33,0.34,241
159,33,0.38,240
160,33,0.34,239
161,33,0.4,240
162,33,0.4,240
163,33,0.39,239
164,33,0.4,243
166,33,0.37,243
167,33,0.4,242
168,33,0.4,242
169,33,0.4,240
170,33,0.4,242
171,33,0.4,242
172,33,0.39,240
175,33,0.36,240
176,33,0.35,241
177,33,0.35,239
179,33,0.4,241
180,33,0.36,241
181,33,0.34,241
182,33,0.4,245
183,33,0.36,243
184,33,0.37,241
186,33,0.4,242
187,33,0.36,241
188,33,0.39,243
189,33,0.4,244
190,33,0.4,241
191,33,0.36,246
192,33,0.4,240
193,33,0.4,242
194,33,0.4,241
195,33,0.4,242
196,33,0.34,242
197,33,0.4,241
198,33,0.34,239
200,33,0.4,238
201,33,0.34,243
202,33,0.4,239
203,33,0.38,240
207,33,0.4,242
208,33,0.4,242
211,33,0.36,242
212,33,0.4,243
213,33,0.34,240
216,33,0.4,243
217,33,0.4,242
218,33,0.4,240
222,33,0.37,245
223,33,0.36,241
224,33,0.4,241
225,33,0.36,238
231,33,0.36,241
232,33,0.4,243
233,33,0.4,246
234,33,0.33,239
235,33,0.39,241
236,33,0.37,243
237,33,0.4,242
238,33,0.4,244
239,33,0.36,245
240,33,0.4,241
241,33,0.36,242
242,33,0.4,240
243,33,0.35,240
244,33,0.34,242
245,33,0.35,240
246,33,0.4,241
247,33,0.39,241
248,33,0.4,242
249,33,0.34,244
250,33,0.35,241
251,33,0.33,239
252,33,0.37,240
253,33,0.35,240
254,33,0.4,240
255,33,0.4,241
256,33,0.4,243
257,33,0.33,241
258,33,0.39,241
259,33,0.33,240
260,33,0.4,240
261,33,0.38,241
262,33,0.35,240
263,33,0.36,243
264,33,0.36,240
265,33,0.4,241
266,33,0.33,242
267,33,0.4,243
272,33,0.4,242
273,33,0.4,239
275,33,0.35,239
276,33,0.4,240
277,33,0.37,239
279,33,0.4,241
281,33,0.34,241
284,33,0.4,242
285,33,0.4,242
286,33,0.4,241
287,33,0.4,241
288,33,0.4,241
289,33,0.35,242
290,33,0.38,242
291,33,0.35,240
292,33,0.4,242
293,33,0.34,241
294,33,0.34,242
296,33,0.4,242
297,33,0.39,241
298,33,0.39,242
299,33,0.39,242
300,33,0.39,241
301,33,0.33,241
302,33,0.34,240
303,33,0.38,242
304,33,0.38,235
305,33,0.4,240
306,33,0.4,243
317,33,0.4,241
318,33,0.39,240
319,33,0.35,241
323,33,0.38,242
324,33,0.39,242
326,33,0.33,242
327,33,0.4,240
328,33,0.4,239
329,33,0.36,241
330,33,0.4,243
331,33,0.37,243
333,33,0.4,242
334,33,0.4,240
335,33,0.4,243
336,33,0.39,242
338,33,0.34,236
339,33,0.4,238
358,33,0.4,242
359,33,0.38,239
360,33,0.38,242
361,33,0.34,241
362,33,0.4,241
363,33,0.4,239
365,33,0.4,243
366,33,0.38,239
367,33,0.36,240
1,34,0.34,239
2,34,0.34,239
3,34,0.35,238
4,34,0.39,238
5,34,0.4,242
6,34,0.4,242
7,34,0.4,246
8,34,0.37,241
9,34,0.4,239
10,34,0.35,241
11,34,0.39,241
12,34,0.4,243
13,34,0.38,241
14,34,0.4,241
15,34,0.4,245
16,34,0.4,243
17,34,0.4,240
19,34,0.4,241
20,34,0.4,239
22,34,0.38,241
23,34,0.35,241
24,34,0.37,239
25,34,0.39,241
26,34,0.4,241
27,34,0.37,241
29,34,0.4,243
32,34,0.35,239
33,34,0.35,242
36,34,0.4,239
37,34,0.4,241
38,34,0.4,241
39,34,0.39,240
40,34,0.4,239
45,34,0.35,242
46,34,0.38,242
50,34,0.4,241
51,34,0.4,242
53,34,0.35,241
54,34,0.34,241
76,34,0.36,240
77,34,0.36,242
108,34,0.4,243
109,34,0.33,241
110,34,0.4,241
111,34,0.38,243
116,34,0.4,238
117,34,0.4,238
119,34,0.4,240
120,34,0.39,241
138,34,0.4,242
139,34,0.4,241
140,34,0.4,241
141,34,0.37,243
142,34,0.4,242
143,34,0.4,240
144,34,0.4,240
145,34,0.4,239
146,34,0.4,240
147,34,0.37,241
148,34,0.4,241
149,34,0.33,241
150,34,0.4,240
151,34,0.33,242
152,34,0.37,238
153,34,0.35,240
154,34,0.4,242
155,34,0.4,241
156,34,0.35,241
158,34,0.4,240
159,34,0.39,235
160,34,0.36,242
161,34,0.35,241
162,34,0.39,242
163,34,0.39,242
165,34,0.4,244
166,34,0.39,242
167,34,0.37,245
169,34,0.36,244
170,34,0.33,241
171,34,0.33,241
172,34,0.33,241
173,34,0.4,243
174,34,0.4,242
175,34,0.4,241
177,34,0.39,241
178,34,0.33,240
179,34,0.4,241
180,34,0.4,240
181,34,0.39,240
182,34,0.4,241
185,34,0.39,241
186,34,0.34,240
187,34,0.36,238
188,34,0.37,240
189,34,0.38,241
191,34,0.4,240
192,34,0.39,240
193,34,0.4,241
194,34,0.35,240
195,34,0.4,241
196,34,0.4,241
197,34,0.36,242
198,34,0.35,240
199,34,0.36,240
200,34,0.4,241
201,34,0.33,242
202,34,0.37,241
203,34,0.39,242
204,34,0.33,241
205,34,0.39,243
206,34,0.4,241
207,34,0.37,240
208,34,0.37,241
209,34,0.36,239
210,34,0.39,241
211,34,0.37,241
212,34,0.4,241
213,34,0.4,242
214,34,0.34,238
215,34,0.4,239
216,34,0.4,240
217,34,0.35,242
221,34,0.4,242
222,34,0.36,242
223,34,0.39,239
224,34,0.37,240
225,34,0.4,240
227,34,0.4,241
230,34,0.38,240
231,34,0.4,238
232,34,0.4,242
233,34,0.39,240
234,34,0.4,243
235,34,0.4,242
236,34,0.36,239
237,34,0.38,238
238,34,0.4,243
239,34,0.4,241
240,34,0.38,241
241,34,0.37,242
242,34,0.39,242
243,34,0.4,241
244,34,0.4,241
245,34,0.4,240
246,34,0.4,241
247,34,0.39,240
248,34,0.39,242
249,34,0.36,241
250,34,0.4,241
251,34,0.39,241
252,34,0.36,240
253,34,0.34,241
254,34,0.35,240
255,34,0.39,242
260,34,0.34,239
261,34,0.4,241
262,34,0.37,238
263,34,0.33,241
265,34,0.4,244
267,34,0.4,243
268,34,0.37,241
269,34,0.38,242
270,34,0.4,241
271,34,0.4,240
274,34,0.38,241
275,34,0.4,239
276,34,0.4,243
277,34,0.35,241
288,34,0.4,238
289,34,0.35,241
293,34,0.4,238
298,34,0.39,238
299,34,0.35,242
300,34,0.4,242
301,34,0.33,241
302,34,0.4,239
304,34,0.4,240
305,34,0.4,241
306,34,0.35,240
307,34,0.33,241
321,34,0.4,240
322,34,0.4,240
323,34,0.38,239
324,34,0.37,242
325,34,0.35,242
327,34,0.33,241
334,34,0.38,242
335,34,0.35,239
336,34,0.39,240
337,34,0.4,245
338,34,0.4,242
339,34,0.34,242
343,34,0.4,237
344,34,0.39,242
363,34,0.33,242
1,35,0.4,238
2,35,0.34,244
3,35,0.34,238
4,35,0.4,240
5,35,0.4,240
6,35,0.4,241
7,35,0.38,241
8,35,0.33,241
9,35,0.35,242
10,35,0.4,239
11,35,0.32,234
15,35,0.37,243
16,35,0.4,241
17,35,0.35,240
18,35,0.39,241
19,35,0.4,239
20,35,0.34,243
23,35,0.36,237
24,35,0.33,240
32,35,0.38,243
34,35,0.39,241
35,35,0.38,243
36,35,0.36,241
37,35,0.34,244
40,35,0.38,242
41,35,0.4,241
43,35,0.36,242
44,35,0.4,241
45,35,0.38,242
51,35,0.39,241
52,35,0.37,243
53,35,0.37,241
55,35,0.36,237
56,35,0.4,240
57,35,0.4,244
58,35,0.4,241
59,35,0.37,240
74,35,0.34,240
75,35,0.39,239
77,35,0.39,239
78,35,0.36,240
110,35,0.39,244
111,35,0.39,240
112,35,0.34,242
113,35,0.37,243
114,35,0.33,241
117,35,0.38,242
120,35,0.4,240
121,35,0.37,241
122,35,0.38,241
144,35,0.36,243
145,35,0.4,239
146,35,0.37,242
147,35,0.4,239
148,35,0.38,240
149,35,0.36,243
150,35,0.38,240
152,35,0.4,244
154,35,0.34,241
155,35,0.37,242
156,35,0.36,246
158,35,0.34,242
159,35,0.35,240
160,35,0.39,240
161,35,0.39,240
162,35,0.4,241
163,35,0.4,240
164,35,0.4,241
165,35,0.4,243
166,35,0.38,241
167,35,0.35,241
168,35,0.4,240
169,35,0.33,242
170,35,0.38,241
171,35,0.36,242
172,35,0.37,240
173,35,0.34,242
174,35,0.35,245
175,35,0.36,240
176,35,0.4,244
177,35,0.4,242
178,35,0.34,242
179,35,0.4,242
180,35,0.4,241
181,35,0.33,241
182,35,0.4,242
183,35,0.37,241
184,35,0.4,240
185,35,0.4,242
186,35,0.37,241
187,35,0.4,240
188,35,0.36,241
189,35,0.35,241
190,35,0.34,241
191,35,0.4,241
192,35,0.34,242
194,35,0.4,241
195,35,0.36,242
197,35,0.4,242
198,35,0.4,240
199,35,0.33,239
200,35,0.34,242
201,35,0.4,243
202,35,0.4,243
203,35,0.33,240
204,35,0.4,240
205,35,0.34,241
206,35,0.4,240
207,35,0.4,242
208,35,0.33,240
209,35,0.4,238
211,35,0.38,243
213,35,0.36,239
214,35,0.33,243
215,35,0.4,241
216,35,0.35,241
218,35,0.37,242
219,35,0.4,241
220,35,0.36,244
221,35,0.37,240
222,35,0.39,240
223,35,0.38,242
224,35,0.38,242
225,35,0.39,240
226,35,0.33,240
227,35,0.38,243
228,35,0.33,239
229,35,0.4,239
238,35,0.35,239
240,35,0.35,243
241,35,0.37,240
242,35,0.34,241
243,35,0.34,241
244,35,0.4,241
245,35,0.37,243
246,35,0.4,241
248,35,0.37,240
249,35,0.39,242
250,35,0.4,240
251,35,0.39,239
252,35,0.4,239
253,35,0.39,240
254,35,0.37,242
255,35,0.4,244
256,35,0.4,239
258,35,0.4,248
259,35,0.36,241
261,35,0.4,244
262,35,0.4,240
263,35,0.4,241
264,35,0.34,238
265,35,0.4,240
266,35,0.33,242
267,35,0.4,241
268,35,0.34,243
269,35,0.34,241
270,35,0.35,241
271,35,0.38,241
272,35,0.34,239
273,35,0.4,239
274,35,0.35,241
275,35,0.4,243
280,35,0.33,237
304,35,0.4,238
306,35,0.39,239
307,35,0.34,243
308,35,0.4,242
309,35,0.38,244
310,35,0.4,242
311,35,0.4,240
325,35,0.39,241
326,35,0.4,238
327,35,0.4,235
329,35,0.38,242
330,35,0.37,240
339,35,0.4,240
340,35,0.36,242
341,35,0.4,237
342,35,0.4,241
344,35,0.4,244
345,35,0.4,242
347,35,0.37,239
348,35,0.4,241
366,35,0.33,240
367,35,0.33,242
370,35,0.4,239
0,36,0.4,242
1,36,0.39,241
2,36,0.4,241
3,36,0.38,241
4,36,0.33,242
5,36,0.38,242
6,36,0.4,241
7,36,0.39,240
14,36,0.4,243
17,36,0.4,244
18,36,0.36,241
19,36,0.35,238
23,36,0.36,240
24,36,0.37,241
25,36,0.34,242
41,36,0.38,243
42,36,0.33,243
45,36,0.35,240
54,36,0.4,241
55,36,0.33,245
56,36,0.4,242
59,36,0.39,248
60,36,0.39,242
61,36,0.4,240
63,36,0.35,241
78,36,0.4,242
79,36,0.37,240
80,36,0.4,238
112,36,0.38,246
113,36,0.4,241
114,36,0.4,242
116,36,0.39,239
117,36,0.37,241
120,36,0.37,243
121,36,0.4,241
122,36,0.36,240
123,36,0.39,242
124,36,0.36,240
125,36,0.36,241
126,36,0.36,242
148,36,0.4,246
149,36,0.38,248
150,36,0.35,242
151,36,0.4,243
152,36,0.4,241
156,36,0.33,242
157,36,0.4,241
158,36,0.4,241
159,36,0.4,239
163,36,0.4,242
164,36,0.4,243
165,36,0.4,241
168,36,0.4,241
169,36,0.4,242
170,36,0.4,241
171,36,0.36,243
172,36,0.4,242
173,36,0.34,241
174,36,0.4,241
175,36,0.4,242
176,36,0.4,240
177,36,0.36,242
178,36,0.37,240
179,36,0.39,243
180,36,0.4,241
181,36,0.39,241
182,36,0.4,240
183,36,0.34,240
184,36,0.38,242
185,36,0.33,241
186,36,0.33,240
187,36,0.4,241
188,36,0.38,242
189,36,0.34,243
191,36,0.4,242
193,36,0.4,241
194,36,0.34,237
197,36,0.34,241
198,36,0.35,243
200,36,0.36,242
202,36,0.34,241
203,36,0.37,242
204,36,0.33,243
205,36,0.32,239
206,36,0.4,241
207,36,0.39,241
208,36,0.34,241
209,36,0.38,241
210,36,0.35,243
211,36,0.37,243
212,36,0.36,242
213,36,0.33,237
214,36,0.4,242
216,36,0.4,244
217,36,0.38,240
218,36,0.4,243
219,36,0.36,243
220,36,0.4,242
221,36,0.34,240
222,36,0.39,240
223,36,0.36,243
224,36,0.4,240
225,36,0.4,245
226,36,0.36,245
230,36,0.36,241
238,36,0.35,244
256,36,0.4,240
257,36,0.4,240
258,36,0.34,242
262,36,0.33,241
264,36,0.37,241
266,36,0.39,242
270,36,0.4,242
271,36,0.4,243
272,36,0.36,241
273,36,0.38,241
274,36,0.34,241
275,36,0.35,239
276,36,0.39,239
277,36,0.37,242
278,36,0.33,239
279,36,0.35,244
280,36,0.4,241
281,36,0.38,241
282,36,0.39,238
283,36,0.4,243
284,36,0.39,244
309,36,0.35,241
310,36,0.4,242
311,36,0.4,241
313,36,0.37,240
314,36,0.38,235
315,36,0.4,244
316,36,0.38,240
325,36,0.35,241
326,36,0.4,244
327,36,0.4,241
328,36,0.38,243
330,36,0.38,235
331,36,0.4,243
332,36,0.38,240
341,36,0.4,242
342,36,0.36,239
346,36,0.4,239
347,36,0.39,235
370,36,0.37,241
371,36,0.33,240
0,37,0.4,243
1,37,0.33,242
2,37,0.33,243
3,37,0.4,241
4,37,0.36,239
5,37,0.35,241
6,37,0.4,243
25,37,0.35,243
26,37,0.4,240
27,37,0.33,240
28,37,0.4,240
31,37,0.4,242
44,37,0.4,241
45,37,0.4,240
46,37,0.38,241
48,37,0.4,239
49,37,0.4,242
59,37,0.4,244
60,37,0.38,242
61,37,0.35,241
62,37,0.34,242
63,37,0.4,241
64,37,0.33,244
78,37,0.37,241
79,37,0.35,242
80,37,0.33,242
81,37,0.4,242
82,37,0.34,243
83,37,0.36,241
116,37,0.36,241
120,37,0.4,242
121,37,0.34,240
122,37,0.35,241
123,37,0.4,244
124,37,0.4,245
125,37,0.37,242
126,37,0.4,241
127,37,0.4,241
149,37,0.35,241
150,37,0.34,248
152,37,0.34,241
153,37,0.36,242
161,37,0.35,242
172,37,0.34,243
173,37,0.4,240
174,37,0.33,239
175,37,0.37,241
176,37,0.4,241
177,37,0.4,242
178,37,0.4,241
179,37,0.38,242
180,37,0.37,240
182,37,0.4,239
183,37,0.4,240
185,37,0.4,239
186,37,0.35,241
187,37,0.4,240
188,37,0.37,238
197,37,0.36,240
200,37,0.37,242
209,37,0.37,240
210,37,0.37,241
211,37,0.4,242
214,37,0.36,241
215,37,0.36,241
216,37,0.4,243
217,37,0.39,242
218,37,0.34,238
219,37,0.34,239
220,37,0.37,240
221,37,0.33,241
222,37,0.39,240
223,37,0.35,241
224,37,0.37,239
225,37,0.35,242
226,37,0.37,242
229,37,0.38,240
230,37,0.35,242
232,37,0.4,240
257,37,0.4,241
259,37,0.36,239
260,37,0.4,243
261,37,0.4,241
271,37,0.4,242
272,37,0.36,243
273,37,0.4,241
274,37,0.34,242
275,37,0.4,242
276,37,0.35,242
277,37,0.4,241
278,37,0.33,237
279,37,0.4,243
281,37,0.4,242
283,37,0.36,245
284,37,0.38,242
311,37,0.4,240
313,37,0.4,242
314,37,0.33,240
316,37,0.4,241
317,37,0.39,240
318,37,0.4,238
328,37,0.37,241
330,37,0.34,238
331,37,0.4,243
332,37,0.39,242
333,37,0.33,237
334,37,0.36,240
345,37,0.36,243
349,37,0.4,239
351,37,0.37,239
352,37,0.4,243
370,37,0.37,242
371,37,0.39,241
372,37,0.39,237
0,38,0.36,243
2,38,0.4,243
25,38,0.35,243
26,38,0.36,241
27,38,0.34,241
28,38,0.38,241
29,38,0.4,243
30,38,0.39,242
31,38,0.4,241
32,38,0.36,242
48,38,0.4,242
49,38,0.39,240
50,38,0.36,243
51,38,0.4,243
53,38,0.38,240
54,38,0.4,242
61,38,0.33,240
63,38,0.4,245
64,38,0.4,241
67,38,0.4,241
68,38,0.4,243
69,38,0.35,240
79,38,0.4,242
81,38,0.38,240
82,38,0.33,241
83,38,0.38,241
85,38,0.4,240
117,38,0.34,244
118,38,0.4,239
121,38,0.4,241
122,38,0.39,242
125,38,0.37,245
126,38,0.4,242
127,38,0.36,243
128,38,0.4,242
150,38,0.4,240
151,38,0.34,242
154,38,0.4,243
155,38,0.36,243
180,38,0.4,242
181,38,0.4,242
182,38,0.4,241
185,38,0.37,244
187,38,0.4,240
188,38,0.34,244
189,38,0.38,241
190,38,0.35,239
191,38,0.33,242
214,38,0.33,240
215,38,0.34,240
216,38,0.35,239
217,38,0.4,239
218,38,0.4,239
222,38,0.4,238
223,38,0.37,240
225,38,0.4,240
226,38,0.4,241
229,38,0.37,241
230,38,0.36,239
232,38,0.39,240
234,38,0.4,241
259,38,0.4,241
260,38,0.4,240
261,38,0.34,239
263,38,0.4,242
266,38,0.4,242
274,38,0.4,242
275,38,0.4,240
276,38,0.4,242
277,38,0.34,242
278,38,0.4,243
279,38,0.37,245
281,38,0.4,239
286,38,0.4,241
287,38,0.4,235
288,38,0.4,239
291,38,0.39,242
313,38,0.4,241
317,38,0.37,240
318,38,0.4,241
320,38,0.4,239
332,38,0.33,243
334,38,0.39,241
335,38,0.37,243
350,38,0.4,243
351,38,0.4,242
352,38,0.38,243
353,38,0.4,242
371,38,0.38,239
372,38,0.33,242
373,38,0.4,243
28,39,0.37,242
29,39,0.4,243
30,39,0.35,241
31,39,0.4,241
32,39,0.38,244
33,39,0.4,241
37,39,0.35,242
50,39,0.4,242
53,39,0.4,241
54,39,0.4,243
55,39,0.4,241
56,39,0.4,239
63,39,0.35,237
64,39,0.4,240
65,39,0.33,243
67,39,0.4,241
68,39,0.34,240
69,39,0.4,240
70,39,0.35,238
83,39,0.4,242
85,39,0.33,241
86,39,0.4,239
87,39,0.4,241
122,39,0.39,241
129,39,0.38,241
131,39,0.35,242
154,39,0.33,242
155,39,0.34,241
156,39,0.35,240
180,39,0.4,240
181,39,0.35,242
182,39,0.39,242
183,39,0.4,243
187,39,0.34,242
188,39,0.36,245
189,39,0.4,242
190,39,0.36,243
192,39,0.4,246
214,39,0.4,243
219,39,0.4,240
226,39,0.4,243
231,39,0.4,239
234,39,0.33,241
235,39,0.35,243
237,39,0.39,243
260,39,0.4,243
261,39,0.4,240
264,39,0.4,239
265,39,0.4,242
266,39,0.4,241
269,39,0.36,244
276,39,0.35,243
277,39,0.36,244
278,39,0.38,242
279,39,0.38,240
285,39,0.4,245
286,39,0.34,241
287,39,0.38,239
288,39,0.37,239
289,39,0.4,243
290,39,0.34,243
291,39,0.4,240
293,39,0.36,243
317,39,0.4,241
320,39,0.4,242
321,39,0.39,243
336,39,0.4,243
337,39,0.33,241
338,39,0.4,243
351,39,0.4,243
353,39,0.4,242
354,39,0.36,242
355,39,0.34,238
356,39,0.39,241
372,39,0.4,244
373,39,0.38,243
374,39,0.4,242
10,40,0.37,244
11,40,0.34,244
12,40,0.37,242
15,40,0.34,242
17,40,0.4,240
18,40,0.36,238
31,40,0.4,241
33,40,0.34,241
34,40,0.4,243
35,40,0.4,241
37,40,0.4,242
55,40,0.4,244
56,40,0.4,244
57,40,0.4,242
68,40,0.38,243
69,40,0.33,238
70,40,0.38,241
73,40,0.4,237
74,40,0.39,242
86,40,0.38,241
87,40,0.4,241
88,40,0.33,240
123,40,0.38,239
124,40,0.38,241
125,40,0.4,242
131,40,0.35,245
132,40,0.37,241
155,40,0.39,242
156,40,0.4,241
157,40,0.34,244
158,40,0.39,242
183,40,0.35,243
190,40,0.39,238
191,40,0.38,242
192,40,0.4,244
195,40,0.39,242
219,40,0.4,240
220,40,0.35,242
222,40,0.36,246
231,40,0.4,239
235,40,0.35,240
236,40,0.39,240
237,40,0.36,242
238,40,0.39,241
239,40,0.34,238
240,40,0.35,239
264,40,0.35,239
265,40,0.34,241
267,40,0.34,243
268,40,0.38,243
269,40,0.4,241
270,40,0.39,242
271,40,0.38,243
276,40,0.4,242
278,40,0.35,242
279,40,0.39,242
280,40,0.4,244
290,40,0.4,241
291,40,0.33,240
292,40,0.33,242
293,40,0.37,243
294,40,0.37,245
296,40,0.4,242
321,40,0.34,241
322,40,0.4,241
323,40,0.4,245
324,40,0.35,242
337,40,0.33,239
338,40,0.36,241
339,40,0.4,241
355,40,0.34,239
356,40,0.38,238
359,40,0.4,242
374,40,0.4,246
8,41,0.4,242
12,41,0.37,241
13,41,0.4,240
14,41,0.33,243
15,41,0.39,241
16,41,0.38,238
17,41,0.4,241
18,41,0.4,241
20,41,0.37,241
22,41,0.4,240
23,41,0.34,239
34,41,0.37,243
35,41,0.4,241
36,41,0.34,248
37,41,0.4,241
57,41,0.36,241
58,41,0.4,241
59,41,0.36,240
60,41,0.4,240
61,41,0.39,241
71,41,0.33,246
73,41,0.33,243
74,41,0.4,243
88,41,0.4,238
89,41,0.4,242
123,41,0.34,243
124,41,0.37,241
125,41,0.4,241
131,41,0.34,242
132,41,0.4,241
156,41,0.39,241
157,41,0.34,240
158,41,0.4,239
183,41,0.33,242
185,41,0.35,241
186,41,0.4,242
192,41,0.4,242
193,41,0.4,241
195,41,0.38,241
196,41,0.4,241
220,41,0.4,243
222,41,0.38,239
223,41,0.33,240
224,41,0.34,241
225,41,0.34,240
226,41,0.39,240
237,41,0.35,242
238,41,0.4,242
239,41,0.36,241
240,41,0.34,239
270,41,0.4,242
271,41,0.4,241
278,41,0.4,241
293,41,0.36,240
294,41,0.34,241
295,41,0.4,242
296,41,0.4,241
321,41,0.37,240
322,41,0.35,242
323,41,0.39,244
324,41,0.4,242
338,41,0.4,245
339,41,0.34,242
356,41,0.36,240
357,41,0.38,240
358,41,0.37,241
359,41,0.37,241
376,41,0.4,241
4,42,0.4,242
5,42,0.36,239
6,42,0.38,244
7,42,0.39,242
8,42,0.4,240
12,42,0.35,243
13,42,0.33,242
14,42,0.4,239
16,42,0.36,241
21,42,0.33,241
22,42,0.4,238
23,42,0.38,240
24,42,0.38,244
35,42,0.37,239
37,42,0.37,241
38,42,0.39,244
39,42,0.37,244
40,42,0.4,244
58,42,0.4,238
59,42,0.4,245
60,42,0.34,238
61,42,0.39,241
63,42,0.4,245
73,42,0.4,240
74,42,0.33,243
75,42,0.4,241
89,42,0.36,240
90,42,0.38,242
125,42,0.36,241
134,42,0.33,242
159,42,0.35,239
185,42,0.4,240
186,42,0.39,241
195,42,0.4,239
196,42,0.38,240
197,42,0.4,243
223,42,0.39,242
225,42,0.4,243
226,42,0.4,239
243,42,0.36,240
270,42,0.4,242
271,42,0.4,240
272,42,0.33,242
273,42,0.4,241
283,42,0.4,237
284,42,0.4,241
293,42,0.33,243
294,42,0.4,241
296,42,0.33,244
297,42,0.33,240
298,42,0.34,242
324,42,0.4,238
325,42,0.4,242
356,42,0.37,245
357,42,0.35,246
359,42,0.38,242
360,42,0.4,242
376,42,0.36,241
377,42,0.38,241
4,43,0.36,243
5,43,0.36,239
6,43,0.4,242
7,43,0.34,246
23,43,0.33,241
24,43,0.4,241
40,43,0.39,241
41,43,0.4,241
60,43,0.4,239
61,43,0.34,238
63,43,0.4,243
73,43,0.35,239
74,43,0.34,242
75,43,0.38,242
76,43,0.35,242
89,43,0.38,242
90,43,0.34,242
91,43,0.37,242
92,43,0.38,239
93,43,0.35,241
124,43,0.4,242
125,43,0.35,241
126,43,0.4,244
134,43,0.34,240
159,43,0.4,241
160,43,0.4,239
186,43,0.33,241
187,43,0.4,242
196,43,0.4,240
197,43,0.4,238
198,43,0.4,239
199,43,0.34,243
224,43,0.4,242
225,43,0.4,239
227,43,0.33,241
228,43,0.34,244
229,43,0.4,239
241,43,0.4,238
242,43,0.35,242
243,43,0.4,243
270,43,0.39,241
271,43,0.39,242
272,43,0.4,242
273,43,0.36,240
284,43,0.4,242
285,43,0.34,240
286,43,0.4,242
298,43,0.39,238
299,43,0.37,242
328,43,0.4,242
341,43,0.4,241
342,43,0.36,240
359,43,0.33,243
360,43,0.39,242
361,43,0.4,242
362,43,0.33,240
377,43,0.4,241
378,43,0.4,243
2,44,0.35,239
3,44,0.4,240
4,44,0.37,242
5,44,0.4,241
24,44,0.34,244
25,44,0.4,241
26,44,0.38,240
27,44,0.33,239
41,44,0.35,239
43,44,0.37,242
44,44,0.35,242
61,44,0.33,241
62,44,0.33,240
63,44,0.33,239
75,44,0.34,240
76,44,0.36,241
77,44,0.4,240
78,44,0.33,243
79,44,0.38,241
90,44,0.4,240
126,44,0.4,240
127,44,0.4,243
128,44,0.33,239
129,44,0.4,241
134,44,0.35,245
159,44,0.34,240
160,44,0.38,242
199,44,0.4,241
200,44,0.39,242
243,44,0.37,241
244,44,0.35,239
245,44,0.37,244
246,44,0.4,246
247,44,0.37,236
285,44,0.4,243
286,44,0.4,241
287,44,0.33,243
299,44,0.33,239
301,44,0.4,244
302,44,0.39,241
327,44,0.33,245
328,44,0.4,242
341,44,0.38,242
342,44,0.38,244
361,44,0.34,238
362,44,0.4,242
3,45,0.33,242
4,45,0.34,241
26,45,0.4,241
28,45,0.4,242
29,45,0.33,240
30,45,0.34,241
41,45,0.33,240
42,45,0.36,241
43,45,0.37,238
44,45,0.36,238
63,45,0.4,242
64,45,0.4,240
65,45,0.4,239
66,45,0.4,244
67,45,0.4,242
76,45,0.39,241
77,45,0.4,242
92,45,0.37,239
93,45,0.37,240
94,45,0.4,242
127,45,0.4,240
128,45,0.4,242
129,45,0.33,242
134,45,0.37,239
135,45,0.4,241
191,45,0.36,240
192,45,0.4,242
199,45,0.4,242
200,45,0.4,239
228,45,0.4,242
230,45,0.4,241
246,45,0.33,244
273,45,0.33,243
274,45,0.35,239
275,45,0.4,243
287,45,0.4,242
288,45,0.4,239
300,45,0.37,241
301,45,0.35,244
302,45,0.38,241
303,45,0.4,242
304,45,0.34,243
341,45,0.4,241
342,45,0.4,241
343,45,0.37,239
362,45,0.4,239
379,45,0.4,242
3,46,0.4,236
4,46,0.38,241
43,46,0.36,241
44,46,0.33,240
65,46,0.36,241
66,46,0.4,243
67,46,0.4,238
80,46,0.35,241
81,46,0.4,242
82,46,0.37,239
83,46,0.4,248
95,46,0.38,242
129,46,0.34,243
130,46,0.4,241
135,46,0.37,240
136,46,0.36,241
137,46,0.39,243
138,46,0.37,242
189,46,0.39,243
190,46,0.4,241
191,46,0.36,242
231,46,0.38,239
232,46,0.37,248
246,46,0.34,241
249,46,0.33,240
276,46,0.4,242
277,46,0.38,239
287,46,0.4,239
288,46,0.36,240
289,46,0.38,240
290,46,0.4,241
302,46,0.4,239
303,46,0.35,241
304,46,0.34,242
328,46,0.4,240
342,46,0.36,240
343,46,0.35,239
361,46,0.4,237
362,46,0.37,240
364,46,0.36,241
378,46,0.39,239
1,47,0.36,239
2,47,0.4,241
3,47,0.39,242
29,47,0.4,241
44,47,0.4,243
45,47,0.4,236
46,47,0.37,241
47,47,0.38,242
48,47,0.4,242
67,47,0.4,243
68,47,0.39,240
79,47,0.4,240
80,47,0.35,243
81,47,0.4,245
82,47,0.4,243
94,47,0.34,243
131,47,0.4,240
137,47,0.37,242
138,47,0.36,242
162,47,0.35,247
163,47,0.4,243
164,47,0.33,235
193,47,0.38,244
200,47,0.34,242
201,47,0.4,240
231,47,0.4,242
232,47,0.4,244
248,47,0.36,241
249,47,0.35,241
250,47,0.34,241
276,47,0.34,241
277,47,0.4,242
303,47,0.37,238
304,47,0.4,241
305,47,0.4,241
306,47,0.4,240
307,47,0.4,241
328,47,0.4,243
330,47,0.4,241
342,47,0.34,242
343,47,0.4,242
344,47,0.38,240
361,47,0.36,243
362,47,0.4,240
364,47,0.4,240
365,47,0.33,240
377,47,0.38,239
378,47,0.4,240
380,47,0.4,240
1,48,0.36,241
2,48,0.4,240
3,48,0.4,243
29,48,0.4,240
30,48,0.35,241
47,48,0.39,248
49,48,0.34,243
68,48,0.4,242
69,48,0.38,241
82,48,0.4,241
83,48,0.38,243
84,48,0.34,241
85,48,0.4,242
96,48,0.37,242
138,48,0.4,241
139,48,0.37,241
140,48,0.39,242
164,48,0.38,243
193,48,0.38,242
201,48,0.34,245
202,48,0.4,241
232,48,0.37,243
233,48,0.35,243
234,48,0.33,239
248,48,0.38,243
249,48,0.4,241
250,48,0.36,244
275,48,0.4,244
276,48,0.36,241
277,48,0.4,242
288,48,0.4,237
289,48,0.34,240
290,48,0.39,241
291,48,0.35,239
307,48,0.4,239
329,48,0.34,241
330,48,0.4,240
331,48,0.4,241
342,48,0.4,241
343,48,0.38,241
364,48,0.34,244
365,48,0.33,240
379,48,0.35,245
2,49,0.4,243
3,49,0.37,245
15,49,0.4,240
17,49,0.4,238
19,49,0.37,241
22,49,0.34,241
29,49,0.4,239
30,49,0.34,243
31,49,0.37,238
48,49,0.4,241
49,49,0.39,245
69,49,0.36,241
71,49,0.39,242
83,49,0.38,240
84,49,0.36,237
95,49,0.39,237
131,49,0.39,241
162,49,0.4,242
163,49,0.4,239
192,49,0.37,243
193,49,0.33,240
194,49,0.4,243
202,49,0.4,242
232,49,0.4,240
250,49,0.4,243
253,49,0.4,246
277,49,0.39,240
278,49,0.4,242
279,49,0.38,243
307,49,0.39,239
308,49,0.39,240
330,49,0.4,241
331,49,0.4,243
332,49,0.38,239
345,49,0.33,242
365,49,0.38,240
378,49,0.4,241
3,50,0.35,239
4,50,0.4,242
15,50,0.4,243
16,50,0.34,241
17,50,0.33,241
19,50,0.4,240
20,50,0.37,244
21,50,0.35,243
22,50,0.34,243
23,50,0.4,237
32,50,0.33,247
33,50,0.37,240
48,50,0.37,243
50,50,0.39,240
70,50,0.4,243
71,50,0.35,241
84,50,0.4,241
86,50,0.36,243
96,50,0.35,244
98,50,0.4,241
131,50,0.38,242
132,50,0.4,240
140,50,0.4,239
163,50,0.34,242
164,50,0.4,242
165,50,0.4,242
193,50,0.4,242
194,50,0.33,238
202,50,0.37,243
203,50,0.4,242
232,50,0.37,240
233,50,0.36,242
253,50,0.34,238
278,50,0.36,242
279,50,0.37,239
280,50,0.38,236
292,50,0.38,241
332,50,0.4,241
380,50,0.4,241
4,51,0.4,240
5,51,0.4,243
16,51,0.38,238
20,51,0.33,243
21,51,0.4,239
22,51,0.4,237
23,51,0.38,245
34,51,0.33,241
50,51,0.38,241
70,51,0.4,239
85,51,0.35,238
86,51,0.36,241
87,51,0.35,238
96,51,0.37,240
97,51,0.33,238
132,51,0.34,242
133,51,0.37,243
138,51,0.4,238
139,51,0.39,241
164,51,0.39,243
166,51,0.39,239
193,51,0.36,241
194,51,0.4,240
204,51,0.38,242
233,51,0.37,241
234,51,0.4,242
235,51,0.4,241
236,51,0.36,244
278,51,0.37,241
279,51,0.4,242
290,51,0.39,237
291,51,0.4,243
292,51,0.39,241
307,51,0.33,240
308,51,0.33,244
309,51,0.4,241
310,51,0.35,241
332,51,0.35,242
345,51,0.39,242
365,51,0.4,242
366,51,0.37,241
379,51,0.39,241
380,51,0.35,240
3,52,0.35,242
4,52,0.33,242
6,52,0.4,239
7,52,0.36,242
14,52,0.4,243
16,52,0.39,240
17,52,0.38,239
21,52,0.4,240
22,52,0.34,242
23,52,0.4,244
24,52,0.38,244
34,52,0.4,241
50,52,0.39,243
70,52,0.4,243
71,52,0.4,239
72,52,0.4,241
86,52,0.34,239
87,52,0.34,239
88,52,0.4,240
97,52,0.36,241
98,52,0.4,240
133,52,0.35,242
134,52,0.4,241
139,52,0.35,237
140,52,0.35,239
141,52,0.36,238
166,52,0.4,242
193,52,0.35,242
194,52,0.4,240
195,52,0.39,245
204,52,0.38,242
279,52,0.4,242
291,52,0.34,240
292,52,0.4,240
293,52,0.35,245
309,52,0.39,243
310,52,0.35,244
332,52,0.4,237
344,52,0.39,239
346,52,0.33,247
366,52,0.4,242
378,52,0.35,240
379,52,0.38,242
380,52,0.34,242
4,53,0.4,240
5,53,0.38,242
6,53,0.39,240
7,53,0.34,240
8,53,0.37,241
9,53,0.4,239
14,53,0.36,244
16,53,0.37,240
17,53,0.34,242
33,53,0.4,244
34,53,0.4,242
50,53,0.34,240
51,53,0.4,242
71,53,0.34,243
72,53,0.4,242
73,53,0.39,244
87,53,0.39,241
88,53,0.33,239
98,53,0.36,243
99,53,0.39,241
133,53,0.39,242
134,53,0.35,242
140,53,0.4,238
141,53,0.4,243
165,53,0.4,239
166,53,0.35,243
194,53,0.34,242
205,53,0.36,240
235,53,0.4,238
254,53,0.35,239
278,53,0.38,242
279,53,0.38,242
280,53,0.34,245
292,53,0.35,243
293,53,0.4,241
310,53,0.38,242
311,53,0.35,241
332,53,0.33,239
344,53,0.38,242
346,53,0.4,243
366,53,0.36,241
378,53,0.4,241
379,53,0.36,239
1022,53,0.4,241
1023,53,0.36,239
7,54,0.4,240
8,54,0.38,240
9,54,0.34,240
16,54,0.4,243
17,54,0.35,242
18,54,0.4,243
24,54,0.37,241
25,54,0.33,238
26,54,0.4,239
51,54,0.4,243
72,54,0.39,239
73,54,0.34,242
87,54,0.39,240
88,54,0.33,241
89,54,0.4,241
99,54,0.38,242
133,54,0.4,240
134,54,0.34,239
140,54,0.4,240
141,54,0.34,243
142,54,0.4,240
165,54,0.34,241
166,54,0.4,241
196,54,0.34,240
204,54,0.34,243
205,54,0.4,239
235,54,0.4,244
236,54,0.39,241
237,54,0.38,243
254,54,0.4,240
279,54,0.4,241
280,54,0.39,242
281,54,0.34,239
291,54,0.4,244
310,54,0.4,241
311,54,0.4,242
312,54,0.39,241
332,54,0.38,241
344,54,0.4,241
345,54,0.33,240
364,54,0.4,243
377,54,0.36,243
378,54,0.37,243
1017,54,0.39,242
1021,54,0.4,241
1022,54,0.33,240
1023,54,0.4,241
0,55,0.4,241
16,55,0.38,239
18,55,0.36,242
24,55,0.36,241
25,55,0.4,240
26,55,0.38,243
27,55,0.38,242
33,55,0.39,241
52,55,0.36,240
72,55,0.4,242
73,55,0.4,243
88,55,0.38,242
89,55,0.4,240
101,55,0.34,241
134,55,0.4,242
141,55,0.39,244
142,55,0.39,240
165,55,0.36,239
166,55,0.4,241
167,55,0.4,241
196,55,0.36,236
205,55,0.4,242
236,55,0.4,240
237,55,0.4,241
254,55,0.38,242
255,55,0.37,241
279,55,0.39,241
280,55,0.36,240
281,55,0.37,242
294,55,0.4,243
312,55,0.4,241
332,55,0.33,239
344,55,0.4,235
345,55,0.35,242
365,55,0.4,241
366,55,0.39,235
377,55,0.37,235
378,55,0.4,238
1017,55,0.33,239
1018,55,0.4,243
1019,55,0.4,240
1020,55,0.34,241
1023,55,0.4,243
0,56,0.4,239
1,56,0.4,244
4,56,0.37,243
5,56,0.38,240
6,56,0.4,242
7,56,0.37,240
8,56,0.39,241
13,56,0.4,242
16,56,0.33,241
19,56,0.4,241
25,56,0.4,246
26,56,0.39,241
27,56,0.35,239
33,56,0.35,239
34,56,0.38,245
35,56,0.38,245
51,56,0.39,240
52,56,0.4,243
101,56,0.4,240
102,56,0.4,242
134,56,0.4,240
166,56,0.4,237
167,56,0.38,240
195,56,0.33,240
205,56,0.38,243
206,56,0.4,245
236,56,0.37,239
237,56,0.33,240
238,56,0.4,241
254,56,0.37,241
255,56,0.33,242
281,56,0.4,243
293,56,0.39,239
294,56,0.4,241
311,56,0.4,241
313,56,0.36,239
332,56,0.38,242
333,56,0.4,239
344,56,0.36,239
345,56,0.4,238
365,56,0.4,239
377,56,0.36,242
378,56,0.35,241
1016,56,0.33,240
1018,56,0.4,241
1019,56,0.33,242
0,57,0.35,241
1,57,0.33,242
2,57,0.35,236
3,57,0.4,240
4,57,0.36,243
5,57,0.34,239
6,57,0.4,240
7,57,0.38,241
8,57,0.36,241
9,57,0.4,245
10,57,0.34,240
11,57,0.39,243
12,57,0.36,242
13,57,0.4,241
14,57,0.34,243
15,57,0.33,241
17,57,0.4,242
18,57,0.39,239
19,57,0.4,241
20,57,0.4,239
26,57,0.33,241
27,57,0.4,240
35,57,0.4,241
36,57,0.4,244
51,57,0.4,242
53,57,0.4,241
73,57,0.39,236
74,57,0.4,237
90,57,0.4,242
91,57,0.4,242
100,57,0.36,240
101,57,0.4,241
102,57,0.36,242
134,57,0.4,242
135,57,0.33,238
142,57,0.34,241
167,57,0.35,241
195,57,0.33,237
197,57,0.4,240
205,57,0.37,242
206,57,0.4,245
236,57,0.34,242
238,57,0.34,242
254,57,0.39,242
255,57,0.4,241
280,57,0.34,242
293,57,0.37,244
294,57,0.35,242
313,57,0.4,243
332,57,0.4,242
333,57,0.35,243
344,57,0.33,242
376,57,0.39,242
377,57,0.4,239
378,57,0.4,242
1013,57,0.4,242
1014,57,0.4,241
1015,57,0.35,239
1,58,0.4,243
10,58,0.38,238
11,58,0.4,242
12,58,0.38,242
14,58,0.37,243
15,58,0.34,240
16,58,0.38,240
18,58,0.4,242
20,58,0.35,241
26,58,0.34,242
34,58,0.37,242
35,58,0.39,242
36,58,0.38,243
53,58,0.4,240
72,58,0.4,241
73,58,0.37,241
90,58,0.4,242
91,58,0.36,243
100,58,0.38,240
101,58,0.4,239
102,58,0.38,241
165,58,0.36,244
166,58,0.35,244
167,58,0.37,242
195,58,0.33,242
197,58,0.4,243
205,58,0.34,242
206,58,0.33,240
236,58,0.38,243
254,58,0.4,242
255,58,0.36,243
256,58,0.4,241
280,58,0.4,241
293,58,0.35,242
311,58,0.4,246
312,58,0.39,244
331,58,0.39,242
343,58,0.34,238
344,58,0.38,239
345,58,0.4,236
364,58,0.33,241
365,58,0.4,241
376,58,0.4,241
378,58,0.36,242
1010,58,0.4,240
1014,58,0.34,238
18,59,0.33,242
20,59,0.37,242
21,59,0.34,242
22,59,0.4,241
25,59,0.33,243
26,59,0.37,242
35,59,0.4,240
36,59,0.39,239
53,59,0.39,238
72,59,0.37,242
73,59,0.4,241
74,59,0.4,240
90,59,0.4,235
101,59,0.4,242
102,59,0.4,240
136,59,0.4,239
141,59,0.37,243
142,59,0.4,240
165,59,0.33,244
166,59,0.4,240
167,59,0.35,242
195,59,0.39,241
196,59,0.36,241
204,59,0.4,239
205,59,0.34,242
237,59,0.34,242
238,59,0.37,242
254,59,0.4,240
255,59,0.38,241
279,59,0.36,241
280,59,0.4,242
281,59,0.37,240
293,59,0.4,240
331,59,0.4,243
332,59,0.34,240
344,59,0.37,236
345,59,0.35,239
364,59,0.37,241
365,59,0.39,241
1010,59,0.38,238
1019,59,0.37,244
1020,59,0.4,239
20,60,0.37,242
21,60,0.4,241
22,60,0.4,240
24,60,0.4,240
25,60,0.38,242
35,60,0.36,237
53,60,0.37,241
73,60,0.37,242
90,60,0.39,240
91,60,0.38,235
101,60,0.4,243
134,60,0.35,243
135,60,0.38,241
136,60,0.35,240
141,60,0.4,241
142,60,0.4,239
143,60,0.36,242
166,60,0.4,246
196,60,0.4,241
206,60,0.4,239
207,60,0.34,241
237,60,0.37,243
238,60,0.38,243
254,60,0.4,241
255,60,0.39,241
279,60,0.37,242
293,60,0.4,239
313,60,0.38,241
331,60,0.4,239
342,60,0.4,242
343,60,0.35,238
344,60,0.4,240
363,60,0.4,241
364,60,0.4,236
365,60,0.4,239
374,60,0.37,239
376,60,0.38,240
1007,60,0.4,244
1009,60,0.36,237
1010,60,0.34,241
1016,60,0.4,240
1017,60,0.34,241
1018,60,0.35,241
1019,60,0.33,241
1020,60,0.4,243
20,61,0.39,241
21,61,0.35,239
24,61,0.4,241
25,61,0.36,240
26,61,0.33,241
33,61,0.4,242
34,61,0.33,242
52,61,0.4,241
73,61,0.34,240
74,61,0.4,244
89,61,0.34,244
90,61,0.4,242
91,61,0.4,241
134,61,0.4,241
136,61,0.4,245
141,61,0.33,240
142,61,0.38,239
143,61,0.4,241
165,61,0.4,242
166,61,0.4,243
195,61,0.34,241
196,61,0.37,243
197,61,0.37,248
205,61,0.4,240
206,61,0.4,241
236,61,0.38,237
237,61,0.4,242
238,61,0.4,240
254,61,0.4,239
255,61,0.4,241
279,61,0.38,239
292,61,0.4,240
293,61,0.4,242
331,61,0.4,241
341,61,0.4,241
342,61,0.4,240
362,61,0.33,242
363,61,0.39,242
364,61,0.36,240
373,61,0.4,242
374,61,0.4,240
375,61,0.33,238
376,61,0.4,241
1004,61,0.4,241
1005,61,0.36,241
1006,61,0.39,241
1007,61,0.34,243
1008,61,0.4,245
1017,61,0.37,242
1018,61,0.39,242
1019,61,0.4,243
1022,61,0.34,242
1023,61,0.4,242
20,62,0.4,248
22,62,0.36,241
23,62,0.34,242
24,62,0.4,243
25,62,0.4,243
33,62,0.33,241
34,62,0.37,241
35,62,0.38,241
52,62,0.37,241
73,62,0.36,242
90,62,0.4,243
91,62,0.38,238
102,62,0.4,242
135,62,0.4,242
141,62,0.4,241
142,62,0.39,242
166,62,0.4,241
196,62,0.34,241
206,62,0.4,241
207,62,0.4,240
237,62,0.4,239
279,62,0.4,242
292,62,0.33,239
293,62,0.4,239
312,62,0.35,240
313,62,0.4,242
340,62,0.4,242
341,62,0.4,241
343,62,0.38,240
361,62,0.36,244
364,62,0.35,241
373,62,0.38,242
374,62,0.4,242
1004,62,0.37,241
1005,62,0.36,241
1012,62,0.38,240
1014,62,0.33,239
1015,62,0.39,241
1016,62,0.4,243
1018,62,0.4,239
19,63,0.39,239
22,63,0.4,242
23,63,0.4,237
24,63,0.4,240
25,63,0.35,240
32,63,0.36,242
34,63,0.33,240
51,63,0.4,240
52,63,0.38,242
53,63,0.37,243
73,63,0.35,241
74,63,0.4,242
91,63,0.4,236
92,63,0.4,241
102,63,0.4,239
103,63,0.4,246
104,63,0.33,241
135,63,0.4,244
136,63,0.4,246
141,63,0.39,243
142,63,0.37,243
195,63,0.4,243
236,63,0.36,241
237,63,0.4,244
254,63,0.4,240
278,63,0.4,238
279,63,0.4,243
292,63,0.37,242
293,63,0.4,242
311,63,0.4,238
313,63,0.34,240
314,63,0.34,238
330,63,0.33,241
331,63,0.4,240
340,63,0.4,244
341,63,0.4,240
362,63,0.36,241
371,63,0.4,242
372,63,0.39,242
373,63,0.33,240
1009,63,0.38,247
1010,63,0.37,242
1011,63,0.35,238
1012,63,0.38,242
1013,63,0.38,240
1014,63,0.34,242
1015,63,0.4,240
1019,63,0.39,240
16,64,0.4,243
17,64,0.4,241
18,64,0.4,241
19,64,0.33,240
20,64,0.39,240
21,64,0.37,241
22,64,0.33,238
31,64,0.36,245
32,64,0.4,241
33,64,0.38,240
34,64,0.36,239
53,64,0.35,240
73,64,0.4,239
74,64,0.36,241
91,64,0.4,243
133,64,0.4,241
134,64,0.38,239
141,64,0.35,241
166,64,0.37,238
195,64,0.4,240
205,64,0.38,242
206,64,0.37,240
236,64,0.39,239
254,64,0.4,238
255,64,0.35,241
277,64,0.4,241
278,64,0.4,243
279,64,0.4,241
291,64,0.36,242
292,64,0.4,242
293,64,0.4,242
311,64,0.4,241
328,64,0.37,239
329,64,0.37,242
330,64,0.37,240
340,64,0.34,244
341,64,0.35,241
360,64,0.37,245
370,64,0.4,242
371,64,0.39,241
372,64,0.4,241
1001,64,0.4,239
1002,64,0.34,237
1003,64,0.34,245
1004,64,0.4,243
1008,64,0.35,241
1009,64,0.4,243
1019,64,0.33,242
1020,64,0.36,241
1021,64,0.4,240
1022,64,0.4,242
11,65,0.4,245
12,65,0.35,242
13,65,0.4,240
14,65,0.4,239
16,65,0.38,240
17,65,0.4,240
18,65,0.36,241
19,65,0.4,243
20,65,0.36,242
21,65,0.4,243
51,65,0.35,246
90,65,0.4,241
91,65,0.4,244
102,65,0.35,243
133,65,0.34,246
134,65,0.4,240
142,65,0.37,242
165,65,0.39,243
166,65,0.4,240
196,65,0.33,243
203,65,0.35,237
204,65,0.37,239
205,65,0.4,241
206,65,0.35,242
235,65,0.33,242
236,65,0.36,240
253,65,0.35,240
254,65,0.34,240
255,65,0.4,238
277,65,0.34,242
291,65,0.33,240
311,65,0.35,238
312,65,0.36,243
328,65,0.4,242
329,65,0.39,240
330,65,0.4,241
339,65,0.37,241
340,65,0.39,241
341,65,0.33,240
359,65,0.33,241
360,65,0.39,241
361,65,0.37,237
362,65,0.4,241
1001,65,0.4,242
1002,65,0.4,237
1003,65,0.4,242
1017,65,0.35,242
1019,65,0.4,243
1023,65,0.4,244
8,66,0.39,242
9,66,0.4,240
10,66,0.33,243
11,66,0.33,244
12,66,0.38,239
13,66,0.36,239
14,66,0.4,239
15,66,0.34,240
16,66,0.37,241
17,66,0.35,241
18,66,0.35,241
29,66,0.4,246
32,66,0.4,242
51,66,0.34,242
70,66,0.34,242
71,66,0.37,242
72,66,0.36,242
73,66,0.4,241
90,66,0.4,239
91,66,0.38,240
102,66,0.35,241
103,66,0.33,239
134,66,0.4,240
164,66,0.4,243
165,66,0.4,241
196,66,0.4,247
203,66,0.34,240
204,66,0.4,241
205,66,0.4,242
206,66,0.37,242
253,66,0.36,240
254,66,0.4,238
278,66,0.4,239
290,66,0.33,240
291,66,0.35,242
310,66,0.38,242
311,66,0.36,241
312,66,0.36,241
327,66,0.4,239
328,66,0.35,241
339,66,0.37,240
340,66,0.33,242
357,66,0.37,241
358,66,0.4,243
359,66,0.33,241
360,66,0.36,241
361,66,0.4,240
369,66,0.4,239
370,66,0.4,241
371,66,0.4,243
1002,66,0.34,239
1007,66,0.34,244
1009,66,0.4,244
1018,66,0.34,240
1019,66,0.4,242
1022,66,0.33,245
1023,66,0.4,244
14,67,0.33,241
15,67,0.35,240
16,67,0.35,241
17,67,0.34,243
18,67,0.36,243
20,67,0.4,240
21,67,0.4,242
26,67,0.39,243
27,67,0.33,241
28,67,0.36,244
29,67,0.4,241
48,67,0.4,241
49,67,0.36,241
50,67,0.39,241
51,67,0.35,242
70,67,0.33,239
71,67,0.4,241
91,67,0.4,242
92,67,0.4,241
101,67,0.36,240
102,67,0.4,241
134,67,0.34,236
135,67,0.4,241
142,67,0.37,239
164,67,0.34,241
165,67,0.4,241
194,67,0.37,243
195,67,0.4,238
234,67,0.4,241
253,67,0.39,245
277,67,0.35,238
291,67,0.4,242
312,67,0.4,242
325,67,0.38,242
327,67,0.34,241
328,67,0.4,240
329,67,0.36,237
339,67,0.4,241
356,67,0.4,243
357,67,0.4,241
358,67,0.33,242
359,67,0.35,239
360,67,0.34,234
369,67,0.34,242
370,67,0.37,239
1001,67,0.35,241
1002,67,0.4,242
1006,67,0.4,243
1009,67,0.4,240
1017,67,0.34,241
1018,67,0.37,241
1019,67,0.4,242
1022,67,0.34,240
1023,67,0.36,242
16,68,0.4,242
17,68,0.4,240
18,68,0.4,242
19,68,0.4,239
20,68,0.36,242
21,68,0.36,242
22,68,0.4,242
23,68,0.4,243
26,68,0.38,244
27,68,0.39,242
28,68,0.35,243
47,68,0.38,242
48,68,0.37,239
49,68,0.35,244
51,68,0.33,242
69,68,0.4,240
70,68,0.4,241
91,68,0.36,242
92,68,0.4,241
102,68,0.4,242
103,68,0.4,240
133,68,0.39,241
134,68,0.4,243
135,68,0.39,241
142,68,0.38,238
163,68,0.4,240
164,68,0.32,238
165,68,0.4,241
193,68,0.4,241
194,68,0.34,238
195,68,0.4,240
202,68,0.4,244
203,68,0.4,242
204,68,0.4,240
234,68,0.4,239
253,68,0.37,244
254,68,0.4,241
275,68,0.4,242
276,68,0.38,241
277,68,0.37,239
289,68,0.4,241
290,68,0.4,242
309,68,0.39,242
310,68,0.35,238
325,68,0.34,242
327,68,0.33,243
356,68,0.39,241
357,68,0.36,240
358,68,0.4,243
359,68,0.36,240
363,68,0.37,244
365,68,0.4,241
366,68,0.4,242
367,68,0.38,242
368,68,0.37,239
1000,68,0.36,242
1006,68,0.4,240
1007,68,0.4,241
1018,68,0.36,243
1019,68,0.4,239
1021,68,0.4,242
18,69,0.37,241
19,69,0.36,240
22,69,0.4,243
23,69,0.33,243
47,69,0.33,241
48,69,0.36,241
68,69,0.4,241
69,69,0.38,240
90,69,0.4,238
132,69,0.39,244
133,69,0.4,241
162,69,0.4,241
163,69,0.39,241
165,69,0.33,242
194,69,0.4,237
195,69,0.35,240
202,69,0.39,242
203,69,0.38,239
234,69,0.4,240
274,69,0.4,239
275,69,0.35,240
276,69,0.4,242
288,69,0.4,240
289,69,0.4,241
290,69,0.38,243
309,69,0.34,241
310,69,0.35,243
334,69,0.36,240
335,69,0.35,242
336,69,0.4,239
337,69,0.39,241
338,69,0.4,241
355,69,0.34,237
356,69,0.4,240
362,69,0.4,236
363,69,0.4,241
364,69,0.37,241
365,69,0.38,239
367,69,0.39,238
999,69,0.37,237
1000,69,0.4,240
1001,69,0.4,244
1017,69,0.36,240
1018,69,0.4,239
47,70,0.36,240
67,70,0.4,241
68,70,0.35,240
89,70,0.39,238
90,70,0.35,239
101,70,0.38,237
103,70,0.4,240
132,70,0.4,242
161,70,0.39,241
162,70,0.4,240
193,70,0.33,242
194,70,0.4,241
202,70,0.39,242
203,70,0.33,241
231,70,0.4,243
232,70,0.33,240
233,70,0.4,242
234,70,0.4,240
235,70,0.4,240
250,70,0.35,239
273,70,0.4,241
274,70,0.37,239
275,70,0.37,243
287,70,0.38,241
288,70,0.4,241
289,70,0.33,239
308,70,0.4,239
309,70,0.4,241
310,70,0.4,241
322,70,0.35,240
323,70,0.4,241
324,70,0.4,241
325,70,0.38,240
334,70,0.4,241
335,70,0.38,241
337,70,0.4,241
353,70,0.4,236
354,70,0.4,241
355,70,0.4,241
360,70,0.36,242
365,70,0.4,243
999,70,0.34,241
1000,70,0.36,240
1007,70,0.4,241
1017,70,0.38,242
1018,70,0.4,242
1019,70,0.4,240
47,71,0.36,240
67,71,0.34,241
68,71,0.33,242
88,71,0.34,243
89,71,0.36,241
90,71,0.4,240
101,71,0.32,238
103,71,0.38,243
131,71,0.38,241
132,71,0.37,241
133,71,0.4,247
138,71,0.4,243
139,71,0.4,243
140,71,0.35,242
161,71,0.34,241
162,71,0.4,241
164,71,0.36,239
192,71,0.4,240
193,71,0.35,240
200,71,0.4,241
202,71,0.38,242
203,71,0.4,242
231,71,0.34,240
232,71,0.37,243
233,71,0.37,241
234,71,0.37,240
249,71,0.38,243
250,71,0.34,240
272,71,0.35,242
273,71,0.4,241
286,71,0.38,242
287,71,0.37,240
288,71,0.33,241
307,71,0.4,239
308,71,0.37,241
309,71,0.38,243
321,71,0.4,242
322,71,0.4,243
323,71,0.4,240
330,71,0.36,243
331,71,0.38,244
332,71,0.4,242
333,71,0.35,241
334,71,0.33,237
349,71,0.35,243
350,71,0.38,244
352,71,0.4,240
353,71,0.4,241
354,71,0.4,243
358,71,0.4,242
359,71,0.4,242
360,71,0.36,240
999,71,0.39,242
1000,71,0.35,239
1007,71,0.34,242
1019,71,0.4,238
1020,71,0.4,235
0,72,0.4,241
1,72,0.34,243
2,72,0.4,240
42,72,0.4,241
43,72,0.4,243
44,72,0.4,242
47,72,0.4,243
67,72,0.4,241
88,72,0.4,243
101,72,0.33,243
130,72,0.33,242
138,72,0.4,240
139,72,0.4,242
140,72,0.34,240
200,72,0.39,239
201,72,0.4,245
230,72,0.34,242
234,72,0.4,238
249,72,0.39,239
250,72,0.4,243
285,72,0.38,241
286,72,0.4,240
287,72,0.4,242
306,72,0.4,242
307,72,0.4,241
318,72,0.36,240
319,72,0.4,244
320,72,0.4,240
321,72,0.4,242
322,72,0.37,236
329,72,0.4,241
330,72,0.4,240
331,72,0.4,243
333,72,0.4,242
349,72,0.39,241
350,72,0.35,240
352,72,0.4,242
353,72,0.37,242
356,72,0.4,242
358,72,0.4,240
359,72,0.36,239
692,72,0.4,240
693,72,0.4,241
697,72,0.39,244
698,72,0.35,244
699,72,0.37,242
701,72,0.39,238
702,72,0.4,240
716,72,0.4,243
718,72,0.38,239
719,72,0.4,240
720,72,0.38,244
721,72,0.4,242
722,72,0.35,240
999,72,0.38,243
1000,72,0.4,242
1007,72,0.35,242
1008,72,0.4,240
1019,72,0.38,239
0,73,0.4,240
1,73,0.39,241
2,73,0.37,239
3,73,0.4,243
42,73,0.4,239
43,73,0.38,241
44,73,0.4,241
45,73,0.38,242
64,73,0.4,241
66,73,0.4,239
87,73,0.35,242
88,73,0.38,242
100,73,0.4,243
129,73,0.4,243
130,73,0.4,240
137,73,0.4,241
138,73,0.36,242
139,73,0.4,243
160,73,0.38,243
161,73,0.4,241
190,73,0.36,243
191,73,0.35,240
192,73,0.35,244
197,73,0.37,241
199,73,0.4,240
200,73,0.38,241
201,73,0.4,247
228,73,0.4,241
229,73,0.4,241
230,73,0.34,243
247,73,0.35,239
248,73,0.4,239
249,73,0.4,240
269,73,0.35,239
284,73,0.4,245
285,73,0.33,241
287,73,0.36,237
305,73,0.4,238
306,73,0.4,241
317,73,0.4,241
318,73,0.35,242
319,73,0.4,243
320,73,0.4,240
328,73,0.36,240
329,73,0.4,240
330,73,0.4,241
331,73,0.4,236
345,73,0.34,240
346,73,0.4,242
348,73,0.35,242
349,73,0.34,241
353,73,0.34,239
354,73,0.4,239
355,73,0.35,240
356,73,0.4,240
357,73,0.37,242
358,73,0.36,238
678,73,0.4,243
680,73,0.34,238
681,73,0.4,242
682,73,0.35,243
684,73,0.4,241
685,73,0.37,241
686,73,0.4,242
687,73,0.36,241
688,73,0.34,243
690,73,0.37,242
691,73,0.4,243
692,73,0.4,241
693,73,0.34,241
695,73,0.36,241
696,73,0.36,239
697,73,0.37,241
698,73,0.39,241
699,73,0.4,242
700,73,0.35,241
701,73,0.35,239
702,73,0.4,243
703,73,0.38,243
704,73,0.4,240
707,73,0.4,241
708,73,0.4,243
709,73,0.4,242
710,73,0.4,242
711,73,0.4,241
712,73,0.4,242
713,73,0.34,240
714,73,0.4,245
715,73,0.37,242
716,73,0.4,241
718,73,0.4,239
719,73,0.4,244
720,73,0.4,244
721,73,0.35,244
998,73,0.39,241
999,73,0.35,243
1000,73,0.36,242
1007,73,0.38,239
1008,73,0.39,242
1018,73,0.4,244
1019,73,0.4,241
1020,73,0.39,241
1021,73,0.4,239
2,74,0.33,241
3,74,0.38,243
5,74,0.34,241
6,74,0.4,236
39,74,0.39,239
40,74,0.33,240
41,74,0.34,243
42,74,0.4,240
43,74,0.37,239
45,74,0.4,239
61,74,0.4,240
63,74,0.4,240
64,74,0.4,243
86,74,0.38,240
87,74,0.34,241
88,74,0.33,243
100,74,0.36,244
130,74,0.4,241
137,74,0.4,241
138,74,0.4,241
139,74,0.39,240
160,74,0.36,239
161,74,0.37,242
189,74,0.33,240
190,74,0.37,244
191,74,0.4,244
196,74,0.4,241
198,74,0.4,239
199,74,0.4,241
228,74,0.4,241
229,74,0.4,244
244,74,0.4,239
247,74,0.4,241
248,74,0.38,243
268,74,0.36,240
269,74,0.36,243
284,74,0.4,239
304,74,0.35,240
305,74,0.35,240
313,74,0.4,242
314,74,0.33,241
315,74,0.38,237
316,74,0.36,238
317,74,0.34,241
318,74,0.4,244
325,74,0.4,246
326,74,0.4,240
327,74,0.4,241
328,74,0.38,240
342,74,0.34,240
343,74,0.4,240
344,74,0.35,239
345,74,0.38,242
346,74,0.4,240
354,74,0.35,237
673,74,0.37,239
674,74,0.33,236
675,74,0.34,240
677,74,0.4,239
682,74,0.4,239
683,74,0.4,240
684,74,0.37,241
685,74,0.35,238
686,74,0.4,243
687,74,0.39,240
690,74,0.37,240
691,74,0.35,236
694,74,0.4,242
696,74,0.4,238
703,74,0.36,241
704,74,0.4,243
705,74,0.36,242
706,74,0.4,240
707,74,0.38,242
708,74,0.38,240
709,74,0.37,240
710,74,0.35,239
711,74,0.4,240
712,74,0.4,240
713,74,0.4,244
717,74,0.34,243
718,74,0.37,239
721,74,0.35,240
722,74,0.4,242
723,74,0.4,242
725,74,0.35,239
726,74,0.39,238
727,74,0.36,243
998,74,0.38,242
1008,74,0.4,237
1009,74,0.35,240
1020,74,0.34,241
1021,74,0.36,241
1022,74,0.4,243
6,75,0.35,239
34,75,0.35,243
38,75,0.34,246
39,75,0.4,241
40,75,0.34,240
41,75,0.32,237
42,75,0.4,242
60,75,0.36,240
61,75,0.37,240
62,75,0.4,240
63,75,0.34,242
86,75,0.39,240
87,75,0.38,241
99,75,0.36,243
100,75,0.4,243
101,75,0.36,239
128,75,0.34,240
130,75,0.4,241
131,75,0.38,240
136,75,0.39,245
137,75,0.39,242
138,75,0.4,240
158,75,0.4,242
194,75,0.4,240
196,75,0.38,239
197,75,0.39,242
198,75,0.36,240
199,75,0.4,243
225,75,0.4,241
226,75,0.37,243
227,75,0.4,240
228,75,0.34,242
244,75,0.38,240
246,75,0.37,238
247,75,0.4,238
265,75,0.4,245
266,75,0.35,242
267,75,0.4,240
268,75,0.38,241
280,75,0.4,242
281,75,0.4,239
282,75,0.33,240
283,75,0.4,240
284,75,0.35,242
302,75,0.35,241
303,75,0.4,241
309,75,0.38,243
310,75,0.37,240
311,75,0.35,243
312,75,0.4,243
314,75,0.4,242
323,75,0.4,239
324,75,0.4,240
325,75,0.34,240
326,75,0.4,241
327,75,0.34,242
339,75,0.4,240
341,75,0.35,240
342,75,0.39,241
343,75,0.4,240
344,75,0.34,240
346,75,0.4,241
347,75,0.37,245
350,75,0.39,242
352,75,0.4,236
353,75,0.4,242
354,75,0.4,242
671,75,0.4,239
672,75,0.37,240
673,75,0.4,241
675,75,0.37,241
676,75,0.4,242
677,75,0.38,240
678,75,0.4,241
679,75,0.34,241
683,75,0.33,239
684,75,0.4,238
694,75,0.4,243
708,75,0.4,242
709,75,0.38,240
710,75,0.4,242
711,75,0.4,240
712,75,0.33,241
721,75,0.4,243
722,75,0.33,241
723,75,0.37,240
724,75,0.4,241
726,75,0.4,240
727,75,0.4,242
998,75,0.4,242
999,75,0.39,241
1008,75,0.4,242
1009,75,0.37,242
1021,75,0.38,240
1022,75,0.33,241
1023,75,0.35,236
6,76,0.4,237
7,76,0.33,237
8,76,0.37,237
11,76,0.36,239
32,76,0.34,241
33,76,0.4,242
34,76,0.39,242
37,76,0.36,239
58,76,0.4,243
59,76,0.4,242
60,76,0.37,242
61,76,0.4,237
62,76,0.4,242
84,76,0.38,246
86,76,0.39,242
99,76,0.38,239
100,76,0.38,241
134,76,0.4,242
135,76,0.37,243
136,76,0.36,241
157,76,0.34,241
186,76,0.39,244
187,76,0.33,244
194,76,0.4,241
195,76,0.36,242
196,76,0.35,241
224,76,0.4,243
225,76,0.34,238
226,76,0.4,242
228,76,0.4,241
244,76,0.4,241
246,76,0.4,241
263,76,0.4,239
266,76,0.37,244
267,76,0.38,240
278,76,0.4,242
280,76,0.4,244
281,76,0.36,240
282,76,0.4,241
300,76,0.4,241
301,76,0.4,243
302,76,0.36,241
303,76,0.38,240
309,76,0.4,239
310,76,0.35,238
311,76,0.39,241
320,76,0.33,243
322,76,0.37,241
323,76,0.4,239
339,76,0.4,239
341,76,0.39,238
342,76,0.39,238
343,76,0.4,237
344,76,0.33,238
346,76,0.4,241
347,76,0.4,242
348,76,0.36,242
350,76,0.4,240
351,76,0.33,243
352,76,0.4,241
353,76,0.4,240
668,76,0.4,240
669,76,0.34,241
670,76,0.36,239
671,76,0.35,241
672,76,0.4,239
673,76,0.36,244
674,76,0.4,240
677,76,0.4,239
678,76,0.36,242
707,76,0.35,243
710,76,0.34,238
711,76,0.4,240
715,76,0.37,241
728,76,0.34,238
729,76,0.37,242
998,76,0.4,240
999,76,0.39,241
1009,76,0.4,242
1010,76,0.4,240
1021,76,0.37,237
1022,76,0.38,243
1023,76,0.4,240
10,77,0.37,240
11,77,0.38,240
12,77,0.33,244
13,77,0.4,242
14,77,0.33,239
15,77,0.4,238
17,77,0.39,244
19,77,0.38,244
20,77,0.4,242
21,77,0.36,237
23,77,0.4,243
24,77,0.4,245
25,77,0.35,241
30,77,0.39,237
31,77,0.4,241
32,77,0.34,240
60,77,0.35,241
61,77,0.38,243
81,77,0.4,242
82,77,0.39,241
83,77,0.4,241
98,77,0.4,245
99,77,0.33,242
127,77,0.35,239
128,77,0.4,241
129,77,0.34,240
130,77,0.35,240
135,77,0.4,243
136,77,0.4,240
156,77,0.33,243
157,77,0.4,242
184,77,0.36,239
185,77,0.33,239
186,77,0.4,242
192,77,0.4,243
193,77,0.36,242
194,77,0.33,240
221,77,0.4,242
222,77,0.4,243
223,77,0.39,240
224,77,0.4,239
242,77,0.4,242
243,77,0.34,240
244,77,0.37,241
262,77,0.39,237
277,77,0.39,244
278,77,0.33,240
281,77,0.4,240
300,77,0.4,242
301,77,0.4,239
302,77,0.4,240
303,77,0.4,242
304,77,0.4,240
314,77,0.36,241
315,77,0.39,241
320,77,0.4,238
321,77,0.35,242
322,77,0.34,242
333,77,0.37,243
334,77,0.36,242
335,77,0.4,243
336,77,0.4,242
337,77,0.4,241
338,77,0.35,243
339,77,0.4,239
341,77,0.39,243
343,77,0.37,242
344,77,0.4,243
345,77,0.36,241
348,77,0.4,242
349,77,0.37,239
350,77,0.36,240
664,77,0.34,241
665,77,0.39,244
666,77,0.4,241
667,77,0.4,240
668,77,0.4,239
670,77,0.4,241
671,77,0.4,241
684,77,0.39,241
685,77,0.39,242
686,77,0.4,242
687,77,0.4,241
688,77,0.39,242
693,77,0.4,245
698,77,0.4,243
711,77,0.35,241
712,77,0.38,243
713,77,0.36,239
714,77,0.39,243
715,77,0.4,243
716,77,0.37,240
717,77,0.4,242
728,77,0.4,243
729,77,0.4,241
730,77,0.4,238
731,77,0.4,237
733,77,0.39,241
999,77,0.34,238
1009,77,0.4,240
1010,77,0.33,240
1023,77,0.34,245
12,78,0.39,241
13,78,0.4,241
17,78,0.4,240
18,78,0.34,241
19,78,0.36,242
20,78,0.4,242
21,78,0.4,242
22,78,0.4,237
24,78,0.37,242
25,78,0.34,238
26,78,0.4,241
27,78,0.4,241
28,78,0.4,242
29,78,0.36,243
30,78,0.4,241
55,78,0.4,239
56,78,0.35,242
57,78,0.35,241
58,78,0.4,239
81,78,0.37,243
98,78,0.39,242
127,78,0.4,241
154,78,0.4,242
155,78,0.4,243
183,78,0.4,240
184,78,0.38,240
185,78,0.34,240
189,78,0.36,244
190,78,0.4,242
191,78,0.37,242
192,78,0.4,241
193,78,0.33,243
218,78,0.34,240
242,78,0.4,241
244,78,0.33,241
261,78,0.37,241
262,78,0.4,242
274,78,0.4,241
296,78,0.39,242
298,78,0.4,240
299,78,0.4,243
300,78,0.4,242
302,78,0.39,240
303,78,0.34,236
304,78,0.4,236
305,78,0.4,241
306,78,0.35,241
307,78,0.35,239
308,78,0.34,243
312,78,0.39,238
313,78,0.4,243
316,78,0.4,238
317,78,0.34,242
332,78,0.4,243
336,78,0.34,245
341,78,0.4,242
659,78,0.34,241
661,78,0.38,238
664,78,0.36,243
668,78,0.33,240
669,78,0.4,241
679,78,0.4,243
680,78,0.4,238
684,78,0.4,243
685,78,0.4,241
686,78,0.37,241
687,78,0.4,243
688,78,0.35,240
689,78,0.36,240
690,78,0.38,243
693,78,0.33,239
694,78,0.4,239
695,78,0.34,244
696,78,0.34,247
698,78,0.39,241
699,78,0.4,241
700,78,0.33,239
701,78,0.4,241
714,78,0.4,240
716,78,0.4,239
717,78,0.4,240
733,78,0.33,244
734,78,0.33,243
735,78,0.4,241
736,78,0.4,238
999,78,0.38,241
1000,78,0.36,245
1010,78,0.4,241
1011,78,0.4,241
30,79,0.36,239
53,79,0.4,241
54,79,0.36,238
55,79,0.38,239
56,79,0.4,242
57,79,0.34,243
80,79,0.33,240
95,79,0.37,241
96,79,0.35,241
98,79,0.4,241
123,79,0.4,240
124,79,0.39,242
125,79,0.35,242
126,79,0.39,240
127,79,0.4,241
132,79,0.4,241
133,79,0.34,239
134,79,0.35,244
135,79,0.4,241
156,79,0.35,245
181,79,0.38,242
183,79,0.4,243
184,79,0.39,241
185,79,0.4,248
187,79,0.39,244
188,79,0.4,240
189,79,0.37,241
190,79,0.33,242
192,79,0.4,242
193,79,0.35,242
219,79,0.4,242
220,79,0.38,240
221,79,0.33,241
222,79,0.38,241
273,79,0.4,242
274,79,0.37,241
275,79,0.4,240
276,79,0.37,240
277,79,0.36,241
278,79,0.37,241
296,79,0.4,241
297,79,0.4,241
298,79,0.4,241
299,79,0.4,241
300,79,0.37,241
301,79,0.34,241
302,79,0.4,240
303,79,0.4,241
306,79,0.36,245
310,79,0.4,241
311,79,0.35,244
312,79,0.33,240
314,79,0.35,238
315,79,0.4,240
323,79,0.35,243
326,79,0.4,240
327,79,0.4,242
328,79,0.34,241
330,79,0.4,242
331,79,0.4,241
332,79,0.4,242
333,79,0.4,240
334,79,0.4,239
335,79,0.34,241
339,79,0.4,240
340,79,0.35,241
341,79,0.4,239
659,79,0.35,239
661,79,0.39,239
663,79,0.33,242
671,79,0.34,239
672,79,0.35,244
673,79,0.38,240
674,79,0.4,240
675,79,0.4,241
676,79,0.35,242
677,79,0.4,240
678,79,0.4,239
680,79,0.38,240
681,79,0.34,240
682,79,0.33,240
683,79,0.4,240
684,79,0.4,242
685,79,0.4,243
686,79,0.4,241
690,79,0.35,240
691,79,0.4,241
692,79,0.4,241
694,79,0.39,244
695,79,0.4,240
701,79,0.4,241
702,79,0.4,241
705,79,0.4,243
717,79,0.4,239
718,79,0.4,241
719,79,0.4,242
721,79,0.4,243
736,79,0.4,240
737,79,0.35,241
738,79,0.4,244
1000,79,0.4,240
1014,79,0.4,241
1023,79,0.4,244
0,80,0.37,240
49,80,0.35,242
52,80,0.34,241
53,80,0.38,241
54,80,0.4,241
55,80,0.4,240
78,80,0.4,241
79,80,0.34,240
80,80,0.33,239
95,80,0.33,242
122,80,0.4,241
123,80,0.4,241
124,80,0.4,241
125,80,0.38,241
126,80,0.34,243
130,80,0.4,239
131,80,0.37,241
132,80,0.4,242
151,80,0.37,242
152,80,0.34,239
176,80,0.4,241
177,80,0.4,243
178,80,0.4,241
180,80,0.37,242
183,80,0.4,241
185,80,0.34,242
187,80,0.37,241
188,80,0.4,241
213,80,0.39,242
214,80,0.36,240
215,80,0.37,241
218,80,0.39,237
219,80,0.37,241
220,80,0.4,241
235,80,0.37,240
237,80,0.37,241
238,80,0.35,241
239,80,0.4,240
240,80,0.33,241
241,80,0.4,243
259,80,0.37,242
260,80,0.4,243
261,80,0.33,240
271,80,0.4,240
272,80,0.4,240
273,80,0.39,242
276,80,0.35,239
293,80,0.4,240
294,80,0.4,243
295,80,0.4,242
296,80,0.36,240
297,80,0.35,237
298,80,0.4,241
299,80,0.4,242
301,80,0.37,241
302,80,0.4,244
303,80,0.4,240
304,80,0.4,237
305,80,0.39,243
306,80,0.4,242
307,80,0.35,242
308,80,0.4,242
309,80,0.34,242
310,80,0.4,241
314,80,0.37,243
322,80,0.4,239
323,80,0.35,239
324,80,0.4,240
325,80,0.34,239
326,80,0.37,241
327,80,0.4,242
328,80,0.37,240
329,80,0.4,240
330,80,0.38,240
331,80,0.39,240
332,80,0.4,241
334,80,0.37,241
335,80,0.38,240
336,80,0.39,241
337,80,0.38,241
338,80,0.34,239
657,80,0.4,240
658,80,0.4,242
659,80,0.38,240
660,80,0.4,240
661,80,0.4,243
674,80,0.35,243
675,80,0.33,241
676,80,0.4,242
677,80,0.36,241
678,80,0.33,242
679,80,0.4,241
702,80,0.35,242
703,80,0.36,241
704,80,0.4,240
705,80,0.4,241
706,80,0.4,235
708,80,0.38,240
718,80,0.39,242
719,80,0.4,241
720,80,0.4,240
738,80,0.37,242
739,80,0.4,243
1000,80,0.35,240
1001,80,0.33,239
1014,80,0.34,241
1015,80,0.4,243
1016,80,0.38,241
0,81,0.35,240
1,81,0.4,238
43,81,0.36,239
47,81,0.39,242
48,81,0.38,242
49,81,0.37,242
51,81,0.37,241
52,81,0.4,240
53,81,0.4,246
74,81,0.38,243
75,81,0.4,242
79,81,0.4,237
120,81,0.4,239
121,81,0.39,242
122,81,0.36,241
129,81,0.4,238
130,81,0.35,240
131,81,0.36,240
132,81,0.39,242
175,81,0.39,239
177,81,0.36,242
178,81,0.38,242
179,81,0.35,238
180,81,0.4,240
181,81,0.4,242
183,81,0.35,241
212,81,0.4,238
213,81,0.36,240
216,81,0.4,241
217,81,0.36,242
232,81,0.4,244
233,81,0.33,240
234,81,0.4,241
236,81,0.4,240
237,81,0.4,237
254,81,0.4,240
255,81,0.34,241
256,81,0.39,242
257,81,0.4,240
258,81,0.4,241
259,81,0.37,241
267,81,0.37,239
268,81,0.34,242
269,81,0.34,244
270,81,0.4,242
271,81,0.4,242
279,81,0.4,243
280,81,0.4,239
283,81,0.34,242
284,81,0.4,242
285,81,0.4,241
286,81,0.38,241
287,81,0.4,241
288,81,0.4,243
289,81,0.35,240
290,81,0.33,242
291,81,0.4,241
292,81,0.33,239
293,81,0.4,242
294,81,0.39,240
295,81,0.4,240
297,81,0.38,240
300,81,0.39,240
301,81,0.4,242
303,81,0.38,241
307,81,0.35,238
308,81,0.34,240
309,81,0.33,240
312,81,0.34,238
315,81,0.4,241
316,81,0.35,241
317,81,0.4,241
318,81,0.4,237
319,81,0.4,243
320,81,0.4,241
321,81,0.33,238
322,81,0.34,239
323,81,0.37,241
324,81,0.33,242
325,81,0.35,240
329,81,0.38,242
330,81,0.4,245
331,81,0.4,238
334,81,0.4,249
655,81,0.34,242
656,81,0.36,239
659,81,0.4,241
660,81,0.36,243
664,81,0.36,243
666,81,0.4,241
667,81,0.38,243
668,81,0.4,241
669,81,0.4,239
670,81,0.4,243
673,81,0.4,241
674,81,0.35,241
675,81,0.34,238
677,81,0.34,240
706,81,0.39,240
720,81,0.36,242
721,81,0.38,240
722,81,0.33,238
739,81,0.4,240
1001,81,0.38,240
0,82,0.38,244
1,82,0.39,240
2,82,0.36,242
3,82,0.35,239
5,82,0.4,241
33,82,0.34,244
42,82,0.4,238
43,82,0.4,241
44,82,0.4,240
45,82,0.37,241
46,82,0.35,239
73,82,0.39,243
74,82,0.4,242
77,82,0.4,243
92,82,0.34,240
93,82,0.4,240
94,82,0.4,241
95,82,0.34,241
119,82,0.4,241
120,82,0.4,241
121,82,0.39,241
122,82,0.4,239
123,82,0.34,239
126,82,0.4,241
127,82,0.37,243
128,82,0.38,242
147,82,0.35,242
148,82,0.37,240
150,82,0.4,240
173,82,0.39,242
174,82,0.35,241
175,82,0.37,244
176,82,0.35,241
177,82,0.4,242
179,82,0.37,241
180,82,0.4,241
181,82,0.4,244
206,82,0.39,241
207,82,0.33,242
209,82,0.38,241
210,82,0.4,244
212,82,0.33,241
215,82,0.4,239
231,82,0.34,241
232,82,0.36,242
236,82,0.35,243
237,82,0.4,241
248,82,0.4,243
249,82,0.4,242
250,82,0.38,241
251,82,0.4,243
253,82,0.4,239
254,82,0.34,241
255,82,0.34,241
265,82,0.38,238
266,82,0.36,245
267,82,0.38,243
268,82,0.34,240
269,82,0.4,242
270,82,0.4,244
271,82,0.36,240
272,82,0.4,240
273,82,0.4,241
274,82,0.4,238
275,82,0.39,240
280,82,0.4,239
281,82,0.35,236
282,82,0.35,240
283,82,0.38,241
284,82,0.4,241
285,82,0.4,243
286,82,0.33,241
287,82,0.35,242
288,82,0.4,241
289,82,0.4,241
290,82,0.4,241
291,82,0.35,241
292,82,0.4,240
293,82,0.4,241
294,82,0.4,238
295,82,0.4,238
296,82,0.4,243
297,82,0.4,242
298,82,0.4,242
299,82,0.4,241
301,82,0.37,248
303,82,0.4,243
304,82,0.4,242
305,82,0.4,245
306,82,0.34,242
307,82,0.4,241
308,82,0.35,243
309,82,0.4,243
310,82,0.4,242
311,82,0.37,238
312,82,0.4,249
313,82,0.33,243
314,82,0.4,240
315,82,0.37,242
316,82,0.4,243
317,82,0.36,242
318,82,0.4,241
319,82,0.35,242
320,82,0.34,241
321,82,0.4,241
325,82,0.37,244
326,82,0.36,238
327,82,0.4,242
329,82,0.33,240
652,82,0.38,243
654,82,0.4,242
655,82,0.37,241
661,82,0.34,243
662,82,0.4,238
663,82,0.34,242
664,82,0.39,242
665,82,0.4,240
666,82,0.4,242
667,82,0.35,242
668,82,0.39,241
669,82,0.34,236
670,82,0.39,238
671,82,0.34,241
672,82,0.4,241
673,82,0.39,247
674,82,0.4,242
675,82,0.4,241
676,82,0.4,243
677,82,0.33,241
678,82,0.36,242
680,82,0.33,238
681,82,0.39,244
706,82,0.4,241
707,82,0.36,241
708,82,0.4,243
710,82,0.37,240
711,82,0.36,240
722,82,0.4,240
723,82,0.4,243
724,82,0.4,242
737,82,0.39,243
740,82,0.4,241
1000,82,0.35,242
1001,82,0.36,240
1015,82,0.34,240
1016,82,0.36,241
1017,82,0.4,242
1018,82,0.38,243
1019,82,0.4,243
1020,82,0.35,242
0,83,0.4,243
1,83,0.4,240
2,83,0.4,244
3,83,0.4,242
4,83,0.4,239
5,83,0.4,241
6,83,0.4,242
7,83,0.4,240
8,83,0.4,241
9,83,0.33,240
10,83,0.34,239
11,83,0.34,240
12,83,0.33,240
14,83,0.4,239
15,83,0.4,242
16,83,0.4,246
18,83,0.4,237
21,83,0.36,242
22,83,0.35,241
25,83,0.39,242
26,83,0.36,242
28,83,0.4,241
32,83,0.36,240
33,83,0.39,242
34,83,0.38,243
36,83,0.4,242
40,83,0.32,238
43,83,0.4,240
44,83,0.33,242
68,83,0.37,241
69,83,0.38,243
70,83,0.4,240
71,83,0.36,241
72,83,0.37,242
73,83,0.36,242
91,83,0.35,242
92,83,0.36,240
93,83,0.4,241
94,83,0.4,243
117,83,0.4,240
119,83,0.35,240
120,83,0.34,241
124,83,0.4,242
125,83,0.39,240
126,83,0.39,240
127,83,0.39,238
128,83,0.4,239
129,83,0.4,240
144,83,0.35,241
145,83,0.35,239
147,83,0.37,241
167,83,0.36,242
168,83,0.36,243
170,83,0.35,239
171,83,0.4,242
173,83,0.4,241
174,83,0.4,238
175,83,0.39,241
176,83,0.35,241
177,83,0.4,237
178,83,0.36,238
179,83,0.4,241
180,83,0.34,243
182,83,0.4,241
183,83,0.35,240
198,83,0.37,240
204,83,0.4,243
208,83,0.38,238
209,83,0.35,241
210,83,0.4,240
227,83,0.36,239
228,83,0.36,242
232,83,0.36,241
244,83,0.37,241
247,83,0.33,239
248,83,0.4,241
249,83,0.38,240
250,83,0.4,241
251,83,0.34,244
252,83,0.4,241
258,83,0.35,241
259,83,0.4,246
260,83,0.39,240
261,83,0.4,241
262,83,0.4,241
265,83,0.36,242
266,83,0.39,241
267,83,0.4,242
268,83,0.34,242
269,83,0.34,241
270,83,0.4,242
271,83,0.4,240
273,83,0.4,240
274,83,0.36,238
275,83,0.4,242
276,83,0.39,242
277,83,0.36,241
278,83,0.4,239
280,83,0.36,241
282,83,0.39,241
283,83,0.33,240
284,83,0.33,241
285,83,0.4,240
286,83,0.38,240
287,83,0.37,244
288,83,0.33,243
289,83,0.4,240
290,83,0.33,242
291,83,0.4,242
292,83,0.36,240
293,83,0.4,238
294,83,0.36,242
295,83,0.4,244
296,83,0.4,240
301,83,0.4,240
302,83,0.37,244
303,83,0.35,242
304,83,0.38,240
307,83,0.4,239
308,83,0.33,242
309,83,0.39,240
310,83,0.35,241
311,83,0.4,238
312,83,0.4,241
313,83,0.38,241
314,83,0.4,242
315,83,0.33,242
316,83,0.37,240
649,83,0.38,241
650,83,0.4,242
651,83,0.36,241
652,83,0.4,241
653,83,0.4,239
654,83,0.4,240
655,83,0.4,239
658,83,0.4,245
659,83,0.4,241
661,83,0.38,235
662,83,0.4,240
663,83,0.36,240
664,83,0.37,238
665,83,0.39,243
666,83,0.34,242
667,83,0.39,242
668,83,0.38,240
669,83,0.4,241
671,83,0.4,240
679,83,0.35,239
681,83,0.4,242
682,83,0.36,240
690,83,0.36,239
708,83,0.4,240
711,83,0.4,240
712,83,0.35,240
713,83,0.4,242
714,83,0.4,243
725,83,0.39,240
726,83,0.34,242
727,83,0.33,243
738,83,0.4,236
739,83,0.36,241
1000,83,0.33,243
1001,83,0.4,242
1002,83,0.37,243
1004,83,0.35,239
1006,83,0.4,242
1009,83,0.34,239
1012,83,0.4,239
1014,83,0.39,242
1015,83,0.4,243
1018,83,0.36,239
1020,83,0.4,240
1021,83,0.4,243
1023,83,0.4,242
0,84,0.34,243
2,84,0.35,238
3,84,0.35,239
5,84,0.35,241
6,84,0.39,240
7,84,0.35,240
8,84,0.34,243
9,84,0.4,241
10,84,0.36,240
11,84,0.4,238
12,84,0.4,240
13,84,0.4,240
14,84,0.4,240
15,84,0.38,242
16,84,0.34,240
17,84,0.35,239
18,84,0.4,239
19,84,0.4,242
20,84,0.35,241
21,84,0.4,241
22,84,0.4,242
24,84,0.4,239
25,84,0.35,241
26,84,0.4,240
27,84,0.4,238
28,84,0.4,242
29,84,0.33,243
31,84,0.39,244
40,84,0.39,239
41,84,0.4,243
69,84,0.4,238
70,84,0.4,241
71,84,0.4,238
72,84,0.4,243
73,84,0.35,243
91,84,0.36,241
112,84,0.38,243
113,84,0.4,242
115,84,0.35,242
116,84,0.4,240
117,84,0.37,243
118,84,0.38,238
119,84,0.33,243
121,84,0.39,235
122,84,0.4,239
123,84,0.4,241
124,84,0.38,242
125,84,0.34,242
126,84,0.36,240
138,84,0.35,242
139,84,0.36,239
140,84,0.4,240
141,84,0.33,239
142,84,0.36,237
143,84,0.34,241
144,84,0.4,247
145,84,0.4,241
146,84,0.37,242
147,84,0.4,241
148,84,0.4,238
149,84,0.33,240
150,84,0.37,240
151,84,0.38,241
152,84,0.33,241
154,84,0.4,239
155,84,0.37,242
156,84,0.4,242
157,84,0.4,241
162,84,0.4,242
163,84,0.4,241
164,84,0.34,240
165,84,0.33,244
166,84,0.4,241
167,84,0.39,240
168,84,0.37,241
169,84,0.4,239
170,84,0.4,240
171,84,0.4,242
172,84,0.38,241
173,84,0.4,240
174,84,0.4,240
175,84,0.33,241
176,84,0.4,241
178,84,0.35,242
179,84,0.34,243
181,84,0.36,242
184,84,0.4,238
186,84,0.4,243
188,84,0.35,242
189,84,0.4,240
191,84,0.37,243
195,84,0.4,239
196,84,0.4,240
201,84,0.4,242
203,84,0.4,244
204,84,0.4,242
205,84,0.34,238
206,84,0.4,235
209,84,0.4,240
221,84,0.4,243
222,84,0.35,242
226,84,0.33,244
227,84,0.4,243
228,84,0.37,242
230,84,0.38,241
240,84,0.37,238
241,84,0.38,245
242,84,0.35,239
243,84,0.4,244
244,84,0.34,242
246,84,0.36,242
247,84,0.4,241
251,84,0.35,240
253,84,0.37,240
254,84,0.37,242
255,84,0.4,240
256,84,0.38,240
257,84,0.4,242
258,84,0.38,241
259,84,0.33,242
260,84,0.38,243
262,84,0.4,241
263,84,0.4,240
265,84,0.4,241
268,84,0.4,241
269,84,0.34,240
270,84,0.4,240
271,84,0.4,241
275,84,0.34,243
276,84,0.38,241
277,84,0.4,241
280,84,0.35,242
281,84,0.39,241
283,84,0.4,239
285,84,0.39,242
286,84,0.34,242
287,84,0.4,246
288,84,0.34,240
290,84,0.4,241
292,84,0.37,238
300,84,0.38,239
301,84,0.33,240
302,84,0.4,240
303,84,0.4,241
304,84,0.4,242
308,84,0.35,238
309,84,0.4,241
645,84,0.4,242
648,84,0.34,243
649,84,0.34,241
651,84,0.4,241
652,84,0.33,240
654,84,0.33,241
655,84,0.33,242
656,84,0.38,242
657,84,0.4,242
658,84,0.4,241
659,84,0.39,242
661,84,0.37,241
662,84,0.4,241
663,84,0.34,242
664,84,0.33,239
665,84,0.37,236
666,84,0.4,239
677,84,0.36,239
680,84,0.33,240
681,84,0.4,241
682,84,0.4,240
683,84,0.37,242
684,84,0.35,240
685,84,0.4,241
686,84,0.38,241
687,84,0.4,242
688,84,0.4,244
689,84,0.37,244
690,84,0.35,240
691,84,0.4,240
713,84,0.4,243
723,84,0.4,240
726,84,0.4,240
727,84,0.33,241
741,84,0.34,240
742,84,0.4,242
973,84,0.4,240
975,84,0.39,242
979,84,0.34,242
987,84,0.38,243
988,84,0.37,240
989,84,0.4,245
990,84,0.39,236
991,84,0.4,238
994,84,0.36,242
995,84,0.39,242
996,84,0.4,242
997,84,0.38,240
1001,84,0.4,243
1002,84,0.39,240
1003,84,0.34,243
1004,84,0.39,242
1005,84,0.35,240
1006,84,0.34,239
1007,84,0.36,242
1008,84,0.37,242
1009,84,0.4,241
1010,84,0.39,242
1011,84,0.35,242
1012,84,0.4,241
1015,84,0.39,244
1016,84,0.34,241
1017,84,0.4,243
1018,84,0.38,240
1019,84,0.4,241
1020,84,0.35,239
1021,84,0.4,240
1022,84,0.4,239
0,85,0.33,242
1,85,0.4,241
8,85,0.4,241
9,85,0.36,242
10,85,0.4,239
11,85,0.34,240
12,85,0.33,242
13,85,0.37,242
14,85,0.39,241
15,85,0.4,241
17,85,0.4,241
18,85,0.4,241
19,85,0.4,241
20,85,0.37,240
21,85,0.4,240
23,85,0.35,242
24,85,0.4,244
58,85,0.38,244
60,85,0.36,242
63,85,0.4,244
64,85,0.39,237
65,85,0.33,241
66,85,0.4,241
67,85,0.4,241
68,85,0.4,240
87,85,0.4,243
88,85,0.4,241
89,85,0.4,242
90,85,0.37,242
91,85,0.39,243
107,85,0.37,243
108,85,0.39,243
109,85,0.4,242
110,85,0.4,241
111,85,0.4,241
112,85,0.4,241
113,85,0.38,240
114,85,0.4,242
115,85,0.35,242
116,85,0.4,242
117,85,0.33,242
118,85,0.4,241
119,85,0.4,243
120,85,0.4,242
121,85,0.4,243
122,85,0.4,241
123,85,0.4,241
124,85,0.4,240
125,85,0.34,241
126,85,0.37,239
127,85,0.39,240
128,85,0.4,241
129,85,0.4,241
130,85,0.4,241
131,85,0.38,240
132,85,0.36,243
133,85,0.4,239
134,85,0.4,241
135,85,0.33,243
136,85,0.34,241
137,85,0.37,241
138,85,0.4,242
139,85,0.33,240
140,85,0.4,240
141,85,0.34,241
142,85,0.39,240
143,85,0.36,240
144,85,0.4,243
145,85,0.4,239
146,85,0.4,241
147,85,0.4,240
148,85,0.37,239
149,85,0.38,241
150,85,0.38,242
151,85,0.38,244
152,85,0.39,241
153,85,0.4,242
154,85,0.33,241
155,85,0.34,241
156,85,0.34,241
157,85,0.4,242
158,85,0.4,240
159,85,0.34,241
160,85,0.4,241
161,85,0.4,240
162,85,0.4,241
163,85,0.4,241
164,85,0.34,241
165,85,0.36,241
166,85,0.4,242
167,85,0.33,240
168,85,0.37,242
169,85,0.4,242
170,85,0.4,240
171,85,0.4,242
172,85,0.36,242
173,85,0.4,240
174,85,0.35,240
175,85,0.4,242
176,85,0.4,242
177,85,0.4,241
178,85,0.4,240
179,85,0.37,240
180,85,0.35,241
181,85,0.39,240
182,85,0.37,237
183,85,0.38,242
184,85,0.37,240
186,85,0.39,243
187,85,0.37,242
188,85,0.4,241
189,85,0.33,243
190,85,0.4,240
191,85,0.4,241
192,85,0.4,242
193,85,0.35,239
194,85,0.4,243
196,85,0.34,237
200,85,0.4,238
203,85,0.39,240
216,85,0.35,238
220,85,0.37,243
221,85,0.4,242
222,85,0.4,241
223,85,0.4,242
224,85,0.34,241
225,85,0.4,240
226,85,0.4,242
227,85,0.4,243
228,85,0.4,240
230,85,0.4,241
232,85,0.37,239
234,85,0.35,238
238,85,0.34,241
239,85,0.33,242
240,85,0.4,240
241,85,0.4,241
242,85,0.4,242
243,85,0.4,241
244,85,0.34,241
245,85,0.4,240
246,85,0.39,239
247,85,0.36,241
248,85,0.4,243
249,85,0.4,242
250,85,0.4,244
251,85,0.4,241
252,85,0.37,242
253,85,0.35,240
257,85,0.4,240
258,85,0.35,242
265,85,0.38,242
266,85,0.38,242
272,85,0.4,242
273,85,0.4,240
274,85,0.4,241
275,85,0.4,243
276,85,0.37,241
278,85,0.38,242
279,85,0.4,243
283,85,0.4,242
644,85,0.38,240
645,85,0.4,240
647,85,0.4,242
648,85,0.37,243
650,85,0.35,242
651,85,0.38,243
652,85,0.34,242
654,85,0.4,241
655,85,0.4,240
656,85,0.38,241
657,85,0.4,240
687,85,0.4,245
688,85,0.4,245
691,85,0.4,237
692,85,0.37,246
693,85,0.4,240
694,85,0.34,239
697,85,0.37,241
713,85,0.4,240
714,85,0.4,241
715,85,0.4,242
727,85,0.39,242
728,85,0.4,242
729,85,0.4,241
742,85,0.4,243
743,85,0.4,243
972,85,0.33,242
973,85,0.34,242
975,85,0.33,242
976,85,0.34,239
977,85,0.4,242
978,85,0.37,241
979,85,0.4,237
982,85,0.4,240
983,85,0.33,241
984,85,0.35,243
986,85,0.39,243
987,85,0.33,241
988,85,0.34,243
989,85,0.4,242
990,85,0.4,242
992,85,0.39,238
993,85,0.4,240
994,85,0.4,242
995,85,0.36,236
998,85,0.38,239
999,85,0.37,243
1003,85,0.4,242
1004,85,0.4,241
1005,85,0.35,242
1006,85,0.39,243
1007,85,0.37,242
1008,85,0.35,243
1009,85,0.4,242
1010,85,0.37,240
1011,85,0.34,241
1014,85,0.34,238
1015,85,0.36,241
1016,85,0.33,241
1017,85,0.36,241
1019,85,0.38,241
1020,85,0.34,240
1021,85,0.38,242
1022,85,0.4,241
0,86,0.4,238
11,86,0.39,241
13,86,0.4,239
14,86,0.4,242
19,86,0.36,241
20,86,0.4,243
21,86,0.4,239
45,86,0.38,244
46,86,0.4,242
50,86,0.33,243
57,86,0.4,243
58,86,0.36,240
59,86,0.4,243
60,86,0.33,240
61,86,0.33,239
63,86,0.4,239
64,86,0.37,241
66,86,0.4,240
67,86,0.34,243
68,86,0.39,242
85,86,0.36,243
86,86,0.4,239
87,86,0.4,242
89,86,0.4,239
90,86,0.34,243
101,86,0.4,240
102,86,0.33,238
103,86,0.4,240
104,86,0.36,243
105,86,0.39,240
106,86,0.35,242
107,86,0.4,243
108,86,0.35,241
109,86,0.4,242
110,86,0.37,242
111,86,0.33,241
112,86,0.4,240
113,86,0.4,241
114,86,0.38,241
115,86,0.33,242
116,86,0.4,241
117,86,0.36,242
118,86,0.4,240
119,86,0.35,241
120,86,0.36,240
121,86,0.4,240
122,86,0.4,242
123,86,0.34,243
124,86,0.34,241
125,86,0.38,242
126,86,0.38,242
127,86,0.4,243
128,86,0.39,241
129,86,0.4,241
130,86,0.4,242
131,86,0.4,241
132,86,0.4,242
133,86,0.33,241
134,86,0.4,241
135,86,0.4,242
136,86,0.4,241
137,86,0.35,240
138,86,0.4,241
139,86,0.4,240
140,86,0.4,240
141,86,0.36,241
142,86,0.36,241
143,86,0.36,241
144,86,0.4,242
145,86,0.4,239
146,86,0.34,241
147,86,0.4,241
148,86,0.34,241
149,86,0.4,242
150,86,0.4,241
151,86,0.34,241
152,86,0.35,242
153,86,0.38,241
154,86,0.35,240
155,86,0.33,241
156,86,0.34,241
157,86,0.38,242
158,86,0.36,244
159,86,0.39,240
160,86,0.4,242
161,86,0.35,247
162,86,0.36,241
163,86,0.36,240
164,86,0.4,241
165,86,0.4,241
166,86,0.37,240
167,86,0.35,241
168,86,0.37,244
169,86,0.4,241
170,86,0.4,239
171,86,0.36,241
174,86,0.4,240
175,86,0.4,242
178,86,0.34,240
179,86,0.34,240
180,86,0.37,242
182,86,0.38,240
186,86,0.4,241
187,86,0.38,243
188,86,0.4,244
189,86,0.4,248
190,86,0.4,243
191,86,0.36,242
192,86,0.36,241
193,86,0.38,243
194,86,0.35,240
207,86,0.33,241
215,86,0.36,242
216,86,0.4,240
217,86,0.39,244
218,86,0.4,242
219,86,0.38,242
220,86,0.4,241
221,86,0.4,242
222,86,0.34,241
223,86,0.4,240
224,86,0.33,241
225,86,0.4,241
226,86,0.36,242
227,86,0.34,242
228,86,0.4,240
229,86,0.36,240
230,86,0.39,239
231,86,0.34,239
232,86,0.37,241
233,86,0.4,246
234,86,0.39,242
235,86,0.36,239
236,86,0.37,242
237,86,0.34,240
238,86,0.38,240
239,86,0.38,240
240,86,0.4,239
241,86,0.36,241
242,86,0.4,243
243,86,0.4,239
244,86,0.38,244
245,86,0.39,242
246,86,0.33,239
247,86,0.4,240
248,86,0.37,243
249,86,0.4,243
250,86,0.34,242
251,86,0.37,238
252,86,0.34,242
255,86,0.4,240
256,86,0.4,241
264,86,0.4,242
265,86,0.37,243
266,86,0.4,241
267,86,0.33,241
271,86,0.4,239
272,86,0.4,242
273,86,0.33,242
275,86,0.4,242
276,86,0.36,243
278,86,0.38,242
279,86,0.35,244
644,86,0.35,240
645,86,0.4,238
646,86,0.33,239
647,86,0.4,240
648,86,0.36,241
649,86,0.33,239
650,86,0.35,239
651,86,0.4,240
652,86,0.39,239
653,86,0.35,243
654,86,0.33,240
655,86,0.34,242
656,86,0.4,240
693,86,0.33,241
694,86,0.35,238
696,86,0.4,241
698,86,0.4,242
713,86,0.4,240
714,86,0.39,243
715,86,0.36,242
727,86,0.4,239
728,86,0.4,242
729,86,0.4,241
743,86,0.4,241
972,86,0.4,241
974,86,0.4,241
982,86,0.33,241
983,86,0.38,240
992,86,0.4,241
993,86,0.36,244
994,86,0.4,242
998,86,0.4,243
999,86,0.38,242
1004,86,0.4,242
1005,86,0.4,240
1006,86,0.36,243
1008,86,0.34,240
1009,86,0.36,242
1013,86,0.4,239
1014,86,0.38,242
1015,86,0.38,241
1016,86,0.38,242
1017,86,0.33,241
1018,86,0.38,241
1019,86,0.4,241
1020,86,0.34,239
1021,86,0.36,242
1022,86,0.4,240
1023,86,0.35,240
6,87,0.4,243
8,87,0.35,242
9,87,0.38,239
10,87,0.35,239
11,87,0.38,239
13,87,0.37,242
14,87,0.4,236
18,87,0.39,243
21,87,0.4,241
25,87,0.4,240
26,87,0.38,243
27,87,0.4,239
28,87,0.37,241
30,87,0.37,238
37,87,0.38,243
38,87,0.37,243
40,87,0.4,237
41,87,0.34,240
42,87,0.33,240
43,87,0.39,241
44,87,0.39,241
45,87,0.4,244
46,87,0.34,240
47,87,0.4,243
49,87,0.36,238
50,87,0.36,243
51,87,0.38,240
52,87,0.4,241
53,87,0.36,246
54,87,0.36,239
57,87,0.4,235
58,87,0.4,242
60,87,0.4,242
61,87,0.39,241
83,87,0.4,243
84,87,0.37,243
85,87,0.4,243
101,87,0.35,242
102,87,0.4,241
103,87,0.4,240
104,87,0.4,241
105,87,0.4,239
106,87,0.4,240
107,87,0.4,242
108,87,0.4,240
109,87,0.4,242
110,87,0.37,242
111,87,0.4,241
112,87,0.4,241
113,87,0.4,241
114,87,0.37,241
115,87,0.35,240
116,87,0.38,241
117,87,0.4,242
118,87,0.33,241
119,87,0.38,242
120,87,0.4,243
121,87,0.36,240
122,87,0.36,241
123,87,0.4,242
124,87,0.37,241
125,87,0.33,241
126,87,0.4,241
127,87,0.4,244
128,87,0.34,246
130,87,0.34,242
131,87,0.38,241
132,87,0.4,242
133,87,0.35,240
134,87,0.36,242
135,87,0.4,242
136,87,0.34,241
137,87,0.37,240
138,87,0.39,239
139,87,0.4,243
140,87,0.35,241
141,87,0.33,239
142,87,0.33,242
143,87,0.4,243
144,87,0.38,241
145,87,0.34,238
146,87,0.37,242
148,87,0.4,243
149,87,0.4,241
151,87,0.4,240
152,87,0.4,242
153,87,0.33,243
154,87,0.34,240
155,87,0.4,243
156,87,0.39,241
157,87,0.4,239
159,87,0.38,243
162,87,0.39,240
164,87,0.4,242
167,87,0.34,243
178,87,0.36,240
182,87,0.4,241
183,87,0.39,240
184,87,0.38,241
185,87,0.37,240
186,87,0.34,241
187,87,0.4,243
188,87,0.39,242
189,87,0.37,243
190,87,0.37,243
191,87,0.34,240
192,87,0.35,240
193,87,0.4,242
194,87,0.35,239
195,87,0.4,242
196,87,0.4,241
197,87,0.36,242
198,87,0.4,242
201,87,0.4,243
202,87,0.38,241
203,87,0.35,242
205,87,0.4,242
206,87,0.35,241
207,87,0.37,241
208,87,0.35,245
210,87,0.4,241
211,87,0.4,243
212,87,0.4,242
213,87,0.38,244
214,87,0.35,241
215,87,0.39,241
216,87,0.4,240
217,87,0.39,241
218,87,0.37,243
219,87,0.4,241
220,87,0.4,239
224,87,0.4,243
225,87,0.4,240
226,87,0.33,240
227,87,0.4,241
228,87,0.34,243
229,87,0.4,240
230,87,0.39,240
231,87,0.4,241
233,87,0.37,240
234,87,0.4,243
235,87,0.39,240
236,87,0.4,241
237,87,0.37,241
238,87,0.38,242
241,87,0.4,240
242,87,0.4,241
243,87,0.4,234
246,87,0.4,239
247,87,0.4,242
248,87,0.37,238
249,87,0.4,243
250,87,0.4,242
251,87,0.35,240
252,87,0.36,241
253,87,0.4,240
254,87,0.39,243
255,87,0.4,239
256,87,0.4,242
260,87,0.36,238
261,87,0.33,242
262,87,0.34,242
263,87,0.4,242
264,87,0.34,239
265,87,0.39,243
267,87,0.4,243
268,87,0.39,239
269,87,0.4,241
270,87,0.4,241
271,87,0.4,240
644,87,0.4,241
645,87,0.34,244
646,87,0.37,241
647,87,0.36,239
648,87,0.33,238
649,87,0.35,241
650,87,0.35,242
651,87,0.37,242
652,87,0.34,242
662,87,0.35,243
667,87,0.4,239
668,87,0.36,242
669,87,0.33,239
671,87,0.4,244
674,87,0.38,242
694,87,0.36,242
696,87,0.4,238
698,87,0.39,241
699,87,0.4,244
700,87,0.36,239
701,87,0.33,240
702,87,0.37,242
703,87,0.4,242
714,87,0.39,242
715,87,0.36,241
716,87,0.4,241
725,87,0.37,240
726,87,0.4,243
728,87,0.4,244
729,87,0.4,243
730,87,0.38,241
743,87,0.36,240
974,87,0.37,240
979,87,0.36,244
1001,87,0.34,246
1002,87,0.4,241
1003,87,0.4,243
1008,87,0.39,239
1009,87,0.33,241
1010,87,0.4,239
1011,87,0.33,243
1012,87,0.38,241
1013,87,0.36,241
1014,87,0.33,240
1015,87,0.36,241
1016,87,0.4,242
1017,87,0.34,241
1018,87,0.4,241
1019,87,0.34,241
1020,87,0.4,240
1021,87,0.36,240
1022,87,0.38,240
1023,87,0.4,240
6,88,0.4,241
7,88,0.36,242
8,88,0.4,242
9,88,0.35,240
15,88,0.35,246
17,88,0.4,235
18,88,0.4,242
19,88,0.38,242
21,88,0.38,242
24,88,0.4,239
25,88,0.4,242
26,88,0.39,241
28,88,0.4,240
29,88,0.4,237
30,88,0.37,241
31,88,0.35,243
32,88,0.33,245
35,88,0.39,241
36,88,0.4,240
37,88,0.4,242
38,88,0.39,241
39,88,0.34,242
41,88,0.39,240
42,88,0.4,241
43,88,0.33,241
44,88,0.4,241
45,88,0.4,239
46,88,0.4,242
47,88,0.4,243
51,88,0.36,239
52,88,0.4,242
54,88,0.4,243
82,88,0.4,240
83,88,0.35,242
84,88,0.4,242
85,88,0.33,240
95,88,0.4,240
96,88,0.39,240
98,88,0.38,241
99,88,0.39,242
100,88,0.33,241
101,88,0.37,241
102,88,0.34,242
103,88,0.4,241
104,88,0.4,241
105,88,0.4,242
106,88,0.39,241
107,88,0.4,242
108,88,0.36,240
109,88,0.39,241
110,88,0.4,241
111,88,0.4,242
112,88,0.36,242
113,88,0.36,240
114,88,0.4,240
115,88,0.39,238
116,88,0.35,241
118,88,0.35,242
119,88,0.37,241
120,88,0.4,242
121,88,0.37,242
122,88,0.38,241
123,88,0.4,241
130,88,0.36,241
133,88,0.4,241
134,88,0.37,242
137,88,0.4,242
143,88,0.35,241
144,88,0.39,242
146,88,0.4,240
151,88,0.37,239
152,88,0.37,238
153,88,0.4,242
173,88,0.4,239
174,88,0.38,242
175,88,0.4,240
177,88,0.4,241
178,88,0.38,242
179,88,0.37,243
181,88,0.36,243
182,88,0.35,239
183,88,0.38,244
184,88,0.4,240
185,88,0.39,241
186,88,0.36,241
187,88,0.34,240
188,88,0.4,241
189,88,0.37,242
190,88,0.4,241
191,88,0.38,241
192,88,0.36,241
193,88,0.4,242
194,88,0.38,240
195,88,0.37,241
196,88,0.39,241
197,88,0.4,241
198,88,0.34,242
199,88,0.4,241
200,88,0.33,242
201,88,0.4,243
202,88,0.4,242
203,88,0.4,241
204,88,0.37,241
205,88,0.37,239
206,88,0.36,242
207,88,0.4,241
208,88,0.35,240
209,88,0.38,240
210,88,0.4,241
211,88,0.4,244
212,88,0.39,241
213,88,0.4,242
215,88,0.4,242
216,88,0.4,239
217,88,0.4,242
219,88,0.38,242
220,88,0.4,242
221,88,0.34,242
225,88,0.4,240
226,88,0.38,242
227,88,0.38,243
230,88,0.38,241
231,88,0.4,242
233,88,0.39,241
235,88,0.33,242
237,88,0.37,241
246,88,0.37,243
247,88,0.35,243
248,88,0.37,241
251,88,0.39,240
252,88,0.36,242
253,88,0.4,241
254,88,0.34,240
260,88,0.38,240
261,88,0.35,240
262,88,0.36,240
263,88,0.4,241
265,88,0.4,243
270,88,0.35,243
640,88,0.4,238
641,88,0.4,247
642,88,0.35,243
644,88,0.33,241
646,88,0.38,242
647,88,0.4,240
648,88,0.4,240
649,88,0.4,240
650,88,0.4,241
659,88,0.35,240
660,88,0.35,242
661,88,0.36,240
662,88,0.35,240
663,88,0.37,242
664,88,0.38,238
667,88,0.4,242
668,88,0.37,243
669,88,0.4,242
670,88,0.4,240
671,88,0.35,243
672,88,0.34,242
674,88,0.34,242
675,88,0.36,241
676,88,0.4,241
680,88,0.4,239
681,88,0.38,240
684,88,0.4,241
685,88,0.39,242
686,88,0.4,243
688,88,0.38,243
701,88,0.39,240
702,88,0.4,242
703,88,0.4,241
707,88,0.39,241
715,88,0.4,241
716,88,0.38,241
717,88,0.4,247
719,88,0.4,237
725,88,0.39,238
726,88,0.4,239
728,88,0.33,242
729,88,0.34,241
730,88,0.4,241
731,88,0.38,241
743,88,0.4,241
744,88,0.4,238
930,88,0.38,243
934,88,0.4,243
935,88,0.34,241
940,88,0.4,241
944,88,0.35,242
945,88,0.4,242
953,88,0.37,242
955,88,0.4,243
956,88,0.39,242
959,88,0.4,240
961,88,0.37,243
990,88,0.38,240
992,88,0.38,243
993,88,0.38,240
994,88,0.39,241
995,88,0.4,243
996,88,0.4,241
997,88,0.33,242
998,88,0.4,243
999,88,0.39,242
1000,88,0.38,239
1001,88,0.39,240
1002,88,0.39,242
1003,88,0.34,242
1004,88,0.4,243
1005,88,0.34,241
1006,88,0.34,240
1007,88,0.4,241
1008,88,0.38,239
1009,88,0.38,239
1010,88,0.33,241
1011,88,0.38,242
1012,88,0.4,241
1013,88,0.38,241
1014,88,0.4,241
1015,88,0.36,241
1016,88,0.4,241
1017,88,0.4,244
1018,88,0.4,242
1019,88,0.39,238
1020,88,0.37,241
1021,88,0.4,240
1022,88,0.4,240
1023,88,0.35,240
3,89,0.39,241
4,89,0.4,237
14,89,0.4,241
16,89,0.4,240
17,89,0.39,241
18,89,0.34,243
25,89,0.38,242
27,89,0.33,242
28,89,0.4,243
29,89,0.4,237
31,89,0.4,239
32,89,0.4,241
35,89,0.39,240
37,89,0.37,241
38,89,0.34,243
43,89,0.4,241
44,89,0.4,241
80,89,0.35,242
81,89,0.4,242
82,89,0.4,237
83,89,0.4,241
91,89,0.4,244
92,89,0.4,242
95,89,0.4,241
96,89,0.34,240
97,89,0.39,242
98,89,0.37,242
99,89,0.34,242
100,89,0.36,240
101,89,0.36,240
102,89,0.36,241
103,89,0.4,241
104,89,0.34,242
105,89,0.4,243
106,89,0.38,238
107,89,0.4,238
110,89,0.4,239
111,89,0.4,240
113,89,0.4,241
115,89,0.4,241
116,89,0.37,244
118,89,0.37,240
120,89,0.33,244
121,89,0.4,241
165,89,0.4,237
166,89,0.34,241
167,89,0.35,240
169,89,0.4,242
170,89,0.33,241
171,89,0.39,241
172,89,0.4,242
173,89,0.4,241
174,89,0.34,242
175,89,0.4,238
176,89,0.4,241
177,89,0.4,243
179,89,0.4,241
181,89,0.4,240
182,89,0.4,236
184,89,0.4,241
185,89,0.35,240
186,89,0.4,242
187,89,0.38,241
188,89,0.33,240
189,89,0.33,243
190,89,0.4,242
191,89,0.34,241
192,89,0.35,241
193,89,0.33,240
194,89,0.38,241
195,89,0.39,243
196,89,0.35,241
197,89,0.38,242
198,89,0.4,242
199,89,0.4,241
200,89,0.4,241
201,89,0.4,240
202,89,0.38,244
203,89,0.37,241
204,89,0.37,239
207,89,0.37,241
208,89,0.37,240
209,89,0.34,241
210,89,0.37,241
213,89,0.35,240
215,89,0.4,242
217,89,0.37,238
220,89,0.4,239
221,89,0.38,242
247,89,0.4,242
640,89,0.38,242
641,89,0.4,239
642,89,0.37,241
643,89,0.33,238
644,89,0.34,242
645,89,0.4,244
646,89,0.39,242
647,89,0.4,235
649,89,0.4,242
658,89,0.38,241
659,89,0.4,241
660,89,0.4,241
661,89,0.4,240
663,89,0.37,242
664,89,0.34,240
665,89,0.35,241
666,89,0.37,244
670,89,0.4,242
671,89,0.33,241
672,89,0.4,239
673,89,0.39,241
674,89,0.39,245
675,89,0.34,240
676,89,0.4,241
680,89,0.33,239
681,89,0.4,240
684,89,0.36,243
685,89,0.39,240
686,89,0.34,241
687,89,0.34,240
688,89,0.37,240
689,89,0.4,238
690,89,0.38,243
692,89,0.34,240
702,89,0.35,241
704,89,0.34,240
705,89,0.4,240
707,89,0.4,239
708,89,0.36,241
709,89,0.37,242
717,89,0.35,239
718,89,0.37,239
720,89,0.39,241
728,89,0.35,241
729,89,0.4,238
730,89,0.39,239
731,89,0.37,242
732,89,0.35,242
743,89,0.4,240
744,89,0.4,241
922,89,0.37,241
929,89,0.4,243
930,89,0.4,240
933,89,0.35,242
934,89,0.4,241
935,89,0.4,242
940,89,0.39,239
941,89,0.38,240
942,89,0.4,241
945,89,0.36,245
946,89,0.4,242
947,89,0.4,241
948,89,0.35,241
949,89,0.38,241
950,89,0.38,241
951,89,0.34,243
953,89,0.4,242
955,89,0.35,237
956,89,0.4,240
957,89,0.4,240
959,89,0.34,243
960,89,0.35,238
961,89,0.34,241
963,89,0.33,242
965,89,0.36,241
966,89,0.4,240
969,89,0.4,236
970,89,0.38,239
971,89,0.4,241
972,89,0.35,242
974,89,0.34,242
976,89,0.39,243
977,89,0.35,241
978,89,0.4,242
979,89,0.4,240
980,89,0.4,241
981,89,0.34,241
982,89,0.38,241
983,89,0.4,241
984,89,0.36,240
985,89,0.33,242
986,89,0.39,243
987,89,0.4,242
989,89,0.4,239
990,89,0.39,241
991,89,0.4,241
992,89,0.33,242
993,89,0.4,241
994,89,0.4,242
995,89,0.36,240
996,89,0.36,240
997,89,0.36,241
998,89,0.33,240
999,89,0.4,240
1000,89,0.4,241
1001,89,0.4,240
1002,89,0.34,243
1003,89,0.36,241
1004,89,0.33,242
1005,89,0.33,242
1006,89,0.4,242
1007,89,0.38,239
1008,89,0.4,240
1009,89,0.37,242
1010,89,0.35,240
1011,89,0.4,242
1012,89,0.33,241
1013,89,0.4,241
1014,89,0.34,244
1017,89,0.35,244
1023,89,0.36,239
2,90,0.4,242
3,90,0.35,242
4,90,0.4,242
5,90,0.36,241
6,90,0.36,240
11,90,0.4,246
12,90,0.4,241
13,90,0.4,243
14,90,0.38,241
15,90,0.4,240
16,90,0.4,242
17,90,0.4,239
75,90,0.34,242
76,90,0.36,236
77,90,0.4,240
78,90,0.35,243
79,90,0.36,241
80,90,0.39,242
83,90,0.4,242
89,90,0.4,243
90,90,0.4,240
91,90,0.4,241
92,90,0.4,240
93,90,0.4,241
94,90,0.34,242
95,90,0.34,242
96,90,0.36,238
97,90,0.4,241
98,90,0.4,241
99,90,0.4,240
100,90,0.34,238
101,90,0.4,238
110,90,0.4,241
111,90,0.36,241
112,90,0.35,244
117,90,0.4,241
118,90,0.36,240
157,90,0.35,241
158,90,0.34,239
161,90,0.4,239
162,90,0.33,241
163,90,0.4,240
165,90,0.36,239
166,90,0.38,241
167,90,0.39,241
168,90,0.39,244
169,90,0.37,234
170,90,0.4,240
171,90,0.36,241
172,90,0.39,241
173,90,0.4,240
174,90,0.33,241
175,90,0.4,239
176,90,0.4,243
177,90,0.4,242
178,90,0.4,241
180,90,0.4,241
181,90,0.4,242
182,90,0.35,241
183,90,0.38,235
184,90,0.4,238
185,90,0.4,240
187,90,0.4,239
190,90,0.33,242
192,90,0.36,241
193,90,0.39,241
195,90,0.4,239
196,90,0.4,241
200,90,0.37,244
201,90,0.4,238
636,90,0.38,241
638,90,0.36,243
639,90,0.4,241
640,90,0.36,239
642,90,0.36,243
643,90,0.36,239
644,90,0.39,241
645,90,0.36,243
646,90,0.4,241
652,90,0.39,240
653,90,0.33,239
654,90,0.4,241
655,90,0.4,241
658,90,0.4,242
663,90,0.4,242
686,90,0.35,238
687,90,0.35,239
688,90,0.33,239
690,90,0.36,242
691,90,0.35,242
694,90,0.38,244
696,90,0.37,241
697,90,0.38,241
698,90,0.35,241
704,90,0.34,242
705,90,0.4,242
709,90,0.39,240
710,90,0.39,240
711,90,0.4,242
718,90,0.34,240
719,90,0.4,240
729,90,0.35,240
731,90,0.33,243
732,90,0.35,241
733,90,0.37,239
743,90,0.36,238
744,90,0.36,242
916,90,0.37,244
922,90,0.4,240
923,90,0.37,242
924,90,0.37,240
925,90,0.38,241
926,90,0.4,241
927,90,0.4,241
928,90,0.4,240
929,90,0.39,241
930,90,0.4,243
931,90,0.39,241
932,90,0.4,242
933,90,0.4,239
936,90,0.33,241
937,90,0.38,244
939,90,0.4,240
940,90,0.4,243
941,90,0.37,238
945,90,0.37,240
946,90,0.35,240
947,90,0.39,240
948,90,0.4,238
950,90,0.33,239
951,90,0.35,241
952,90,0.4,241
953,90,0.34,240
957,90,0.37,241
958,90,0.4,244
959,90,0.35,242
960,90,0.4,240
961,90,0.4,242
962,90,0.38,239
963,90,0.4,238
964,90,0.4,242
965,90,0.34,241
966,90,0.34,242
967,90,0.4,241
968,90,0.4,242
969,90,0.33,243
970,90,0.39,241
971,90,0.4,241
972,90,0.36,241
974,90,0.4,241
975,90,0.4,241
976,90,0.4,242
977,90,0.4,240
978,90,0.4,241
979,90,0.4,240
980,90,0.4,243
981,90,0.35,241
982,90,0.33,241
983,90,0.36,242
984,90,0.38,240
985,90,0.4,242
986,90,0.4,241
987,90,0.4,241
988,90,0.4,241
989,90,0.4,240
990,90,0.4,241
991,90,0.4,240
992,90,0.4,242
993,90,0.35,241
994,90,0.38,240
995,90,0.4,241
996,90,0.33,241
997,90,0.4,240
998,90,0.39,241
999,90,0.33,242
1000,90,0.38,240
1001,90,0.4,241
1002,90,0.34,242
1003,90,0.4,242
1004,90,0.4,244
1009,90,0.33,242
1,91,0.4,241
2,91,0.34,239
3,91,0.39,239
4,91,0.4,242
5,91,0.4,240
9,91,0.4,243
70,91,0.39,240
71,91,0.35,243
73,91,0.35,242
74,91,0.34,242
75,91,0.4,243
79,91,0.37,240
82,91,0.34,240
83,91,0.38,241
85,91,0.4,240
86,91,0.34,239
87,91,0.4,241
88,91,0.4,241
89,91,0.34,241
90,91,0.37,241
91,91,0.4,241
92,91,0.4,241
93,91,0.4,242
94,91,0.4,240
95,91,0.4,241
97,91,0.37,238
98,91,0.4,239
108,91,0.4,242
109,91,0.4,241
110,91,0.4,242
111,91,0.37,240
112,91,0.38,239
156,91,0.33,244
157,91,0.39,241
158,91,0.4,240
159,91,0.36,239
160,91,0.38,243
161,91,0.4,241
162,91,0.36,240
163,91,0.4,240
165,91,0.33,238
166,91,0.4,240
167,91,0.37,240
168,91,0.37,240
169,91,0.35,240
170,91,0.4,243
171,91,0.35,240
172,91,0.4,241
173,91,0.4,242
174,91,0.36,240
175,91,0.39,239
176,91,0.35,239
177,91,0.4,242
178,91,0.39,240
180,91,0.36,238
181,91,0.4,241
182,91,0.4,241
636,91,0.38,240
637,91,0.4,242
638,91,0.37,237
639,91,0.4,241
640,91,0.38,243
642,91,0.38,239
643,91,0.33,238
648,91,0.4,241
649,91,0.4,240
650,91,0.36,240
652,91,0.4,242
653,91,0.38,240
654,91,0.4,242
655,91,0.4,240
656,91,0.4,241
657,91,0.4,242
658,91,0.38,242
697,91,0.4,241
698,91,0.4,241
699,91,0.35,240
700,91,0.4,242
701,91,0.4,243
709,91,0.34,242
710,91,0.4,238
711,91,0.33,241
713,91,0.38,242
714,91,0.36,242
729,91,0.4,241
730,91,0.4,242
731,91,0.37,240
733,91,0.4,240
744,91,0.4,241
746,91,0.4,242
914,91,0.35,241
915,91,0.4,241
916,91,0.36,242
917,91,0.36,241
918,91,0.35,242
919,91,0.36,241
921,91,0.33,240
924,91,0.35,241
926,91,0.4,243
927,91,0.36,241
931,91,0.4,242
932,91,0.4,242
937,91,0.39,240
945,91,0.38,240
947,91,0.4,240
948,91,0.4,241
950,91,0.4,242
951,91,0.35,240
952,91,0.33,241
953,91,0.4,242
954,91,0.4,240
955,91,0.36,241
956,91,0.4,243
957,91,0.36,243
958,91,0.4,242
959,91,0.36,241
960,91,0.4,243
961,91,0.4,241
962,91,0.38,241
963,91,0.34,243
964,91,0.37,242
965,91,0.36,241
966,91,0.4,242
967,91,0.4,241
968,91,0.4,241
969,91,0.4,242
970,91,0.33,244
971,91,0.4,238
973,91,0.36,238
974,91,0.37,241
975,91,0.4,241
976,91,0.36,241
977,91,0.4,242
979,91,0.35,241
980,91,0.38,242
981,91,0.4,242
982,91,0.33,241
983,91,0.33,241
984,91,0.35,241
985,91,0.4,241
986,91,0.36,241
987,91,0.4,241
988,91,0.39,241
989,91,0.4,241
990,91,0.37,241
991,91,0.34,242
992,91,0.37,241
993,91,0.4,240
994,91,0.4,241
995,91,0.4,240
996,91,0.39,240
997,91,0.35,242
998,91,0.38,241
999,91,0.38,242
1000,91,0.4,244
1001,91,0.33,240
1002,91,0.35,242
1003,91,0.33,240
1004,91,0.4,242
1005,91,0.33,241
1006,91,0.35,243
1007,91,0.39,244
1008,91,0.34,241
1010,91,0.38,240
0,92,0.37,241
67,92,0.37,242
70,92,0.36,242
71,92,0.35,243
73,92,0.38,238
76,92,0.36,243
77,92,0.39,243
78,92,0.39,245
79,92,0.36,242
80,92,0.4,240
82,92,0.39,245
83,92,0.4,240
85,92,0.39,240
86,92,0.4,243
87,92,0.4,241
88,92,0.4,241
89,92,0.4,243
90,92,0.4,242
91,92,0.39,239
93,92,0.39,243
102,92,0.39,242
104,92,0.4,241
105,92,0.4,241
109,92,0.33,239
143,92,0.4,241
144,92,0.34,239
145,92,0.33,243
146,92,0.4,242
149,92,0.4,241
150,92,0.4,242
151,92,0.39,240
152,92,0.37,241
153,92,0.38,240
154,92,0.36,243
155,92,0.4,241
156,92,0.4,240
157,92,0.34,242
158,92,0.4,240
159,92,0.38,239
160,92,0.4,239
161,92,0.34,241
162,92,0.4,242
163,92,0.34,240
164,92,0.35,242
169,92,0.4,240
170,92,0.4,242
634,92,0.38,243
635,92,0.38,241
636,92,0.4,244
641,92,0.35,240
642,92,0.38,241
645,92,0.38,241
646,92,0.37,242
648,92,0.33,240
649,92,0.4,241
650,92,0.37,241
651,92,0.4,241
652,92,0.4,242
657,92,0.4,242
703,92,0.37,240
704,92,0.39,242
705,92,0.4,239
712,92,0.4,243
714,92,0.4,238
716,92,0.34,241
722,92,0.4,241
723,92,0.34,241
731,92,0.33,242
732,92,0.38,243
733,92,0.4,241
744,92,0.36,240
746,92,0.4,241
912,92,0.4,242
913,92,0.4,240
914,92,0.34,239
916,92,0.34,243
917,92,0.38,241
936,92,0.4,243
937,92,0.4,241
938,92,0.38,240
939,92,0.4,238
940,92,0.4,235
942,92,0.4,242
943,92,0.4,241
944,92,0.4,243
945,92,0.4,241
946,92,0.4,245
947,92,0.35,240
948,92,0.4,243
949,92,0.4,243
950,92,0.35,242
951,92,0.39,242
952,92,0.34,239
953,92,0.4,241
954,92,0.35,242
955,92,0.4,242
956,92,0.4,240
957,92,0.39,242
958,92,0.4,241
959,92,0.4,240
960,92,0.39,243
961,92,0.4,241
962,92,0.4,242
963,92,0.4,241
966,92,0.37,239
967,92,0.4,241
968,92,0.4,241
969,92,0.4,243
970,92,0.34,241
971,92,0.38,242
972,92,0.4,240
974,92,0.32,236
975,92,0.4,242
976,92,0.4,242
977,92,0.39,240
978,92,0.33,241
979,92,0.38,240
980,92,0.35,239
981,92,0.4,242
982,92,0.4,240
983,92,0.4,241
984,92,0.4,242
985,92,0.34,241
986,92,0.4,240
987,92,0.4,241
988,92,0.4,241
989,92,0.39,241
990,92,0.38,239
992,92,0.4,242
993,92,0.33,241
994,92,0.4,242
995,92,0.36,239
996,92,0.4,242
997,92,0.4,240
998,92,0.37,242
999,92,0.33,240
1000,92,0.4,241
1001,92,0.33,241
1002,92,0.4,240
1003,92,0.39,241
1004,92,0.36,241
1005,92,0.4,240
1006,92,0.36,240
1007,92,0.4,238
1009,92,0.39,243
1010,92,0.4,242
1011,92,0.37,239
1012,92,0.35,244
1013,92,0.38,242
0,93,0.38,239
6,93,0.4,241
7,93,0.4,241
8,93,0.4,241
9,93,0.4,238
40,93,0.34,239
41,93,0.38,241
59,93,0.36,241
60,93,0.34,240
61,93,0.4,240
62,93,0.37,240
63,93,0.4,241
64,93,0.4,241
65,93,0.4,237
66,93,0.4,241
67,93,0.4,241
68,93,0.4,242
69,93,0.38,240
70,93,0.38,241
71,93,0.38,240
72,93,0.34,242
73,93,0.4,240
74,93,0.4,244
77,93,0.34,243
78,93,0.4,238
81,93,0.39,243
82,93,0.4,243
83,93,0.4,240
84,93,0.4,240
85,93,0.4,242
86,93,0.4,242
102,93,0.4,243
103,93,0.34,240
104,93,0.33,240
105,93,0.4,236
141,93,0.4,239
142,93,0.35,239
143,93,0.4,243
144,93,0.38,238
146,93,0.36,239
147,93,0.4,241
148,93,0.37,241
149,93,0.4,242
150,93,0.34,242
151,93,0.4,242
152,93,0.4,240
153,93,0.34,241
154,93,0.4,242
155,93,0.36,241
156,93,0.33,242
157,93,0.4,241
158,93,0.4,240
159,93,0.38,240
160,93,0.39,241
162,93,0.33,241
163,93,0.38,243
631,93,0.38,240
632,93,0.4,243
633,93,0.4,241
634,93,0.4,241
635,93,0.34,240
636,93,0.33,241
637,93,0.39,242
638,93,0.33,243
648,93,0.36,239
650,93,0.4,242
651,93,0.35,240
702,93,0.39,243
703,93,0.39,244
705,93,0.37,239
706,93,0.4,241
707,93,0.39,241
716,93,0.4,242
722,93,0.34,240
723,93,0.4,239
732,93,0.4,243
733,93,0.39,242
734,93,0.34,240
735,93,0.4,242
744,93,0.4,238
745,93,0.4,241
910,93,0.4,243
913,93,0.39,242
914,93,0.4,243
932,93,0.34,239
933,93,0.37,243
936,93,0.33,242
937,93,0.37,241
939,93,0.37,243
940,93,0.4,241
941,93,0.34,241
942,93,0.37,240
943,93,0.4,243
944,93,0.35,244
945,93,0.39,241
946,93,0.36,240
948,93,0.33,239
949,93,0.38,241
950,93,0.37,241
951,93,0.38,242
952,93,0.4,239
953,93,0.4,242
954,93,0.36,240
960,93,0.37,241
961,93,0.39,241
969,93,0.4,237
970,93,0.34,240
971,93,0.4,239
972,93,0.4,242
973,93,0.37,242
976,93,0.37,243
977,93,0.34,242
978,93,0.38,240
979,93,0.4,241
980,93,0.34,241
981,93,0.4,238
982,93,0.4,238
983,93,0.33,240
984,93,0.39,242
985,93,0.34,240
986,93,0.34,241
987,93,0.37,241
988,93,0.4,243
989,93,0.39,241
990,93,0.36,241
991,93,0.36,243
992,93,0.35,242
993,93,0.4,242
997,93,0.37,241
998,93,0.35,242
999,93,0.34,242
1000,93,0.35,241
1001,93,0.39,240
1002,93,0.36,238
1003,93,0.38,238
1004,93,0.33,239
1005,93,0.37,240
1006,93,0.34,241
1007,93,0.35,241
1008,93,0.36,240
1009,93,0.4,241
1010,93,0.34,240
1011,93,0.35,241
1012,93,0.4,241
1013,93,0.37,240
1014,93,0.35,241
1015,93,0.4,241
1016,93,0.32,234
1018,93,0.34,240
1019,93,0.4,243
38,94,0.39,242
39,94,0.4,241
40,94,0.4,243
57,94,0.35,240
58,94,0.37,240
59,94,0.4,243
63,94,0.4,241
64,94,0.33,240
65,94,0.4,240
66,94,0.4,242
67,94,0.39,240
68,94,0.37,240
69,94,0.33,242
70,94,0.34,241
71,94,0.4,241
72,94,0.4,239
73,94,0.35,241
74,94,0.34,239
75,94,0.4,240
76,94,0.39,241
77,94,0.4,239
80,94,0.39,240
81,94,0.4,242
82,94,0.4,242
83,94,0.4,239
84,94,0.38,243
100,94,0.39,238
101,94,0.36,240
102,94,0.4,241
138,94,0.33,240
139,94,0.4,241
146,94,0.38,241
147,94,0.33,237
148,94,0.33,241
150,94,0.35,244
151,94,0.4,240
152,94,0.39,240
153,94,0.36,236
629,94,0.39,240
630,94,0.36,242
633,94,0.35,241
634,94,0.34,240
635,94,0.34,244
636,94,0.33,242
637,94,0.38,242
704,94,0.36,241
705,94,0.4,238
706,94,0.37,241
708,94,0.35,239
714,94,0.34,244
715,94,0.33,243
716,94,0.35,243
717,94,0.4,241
722,94,0.4,241
723,94,0.4,238
733,94,0.33,241
734,94,0.36,241
744,94,0.4,242
745,94,0.4,244
746,94,0.36,242
908,94,0.4,239
909,94,0.4,242
910,94,0.37,240
912,94,0.4,240
927,94,0.37,248
928,94,0.35,241
929,94,0.4,240
930,94,0.4,239
934,94,0.4,240
935,94,0.35,240
936,94,0.4,239
940,94,0.33,242
941,94,0.38,242
942,94,0.4,241
943,94,0.4,242
944,94,0.38,243
945,94,0.4,242
946,94,0.4,241
947,94,0.35,245
948,94,0.4,240
963,94,0.33,242
964,94,0.4,241
965,94,0.4,239
966,94,0.4,241
967,94,0.34,243
968,94,0.4,242
969,94,0.4,240
970,94,0.34,243
973,94,0.33,240
974,94,0.4,241
977,94,0.36,243
978,94,0.4,239
979,94,0.4,239
980,94,0.4,241
981,94,0.4,242
986,94,0.32,238
987,94,0.4,240
988,94,0.4,242
990,94,0.4,241
993,94,0.4,242
994,94,0.39,242
995,94,0.39,241
996,94,0.35,239
997,94,0.37,240
998,94,0.33,241
999,94,0.39,242
1002,94,0.33,242
1003,94,0.4,241
1004,94,0.4,240
1005,94,0.38,239
1006,94,0.4,241
1007,94,0.33,242
1008,94,0.37,241
1009,94,0.4,238
1010,94,0.4,240
1012,94,0.33,244
1014,94,0.4,239
1015,94,0.36,241
1016,94,0.39,241
1017,94,0.4,239
1022,94,0.4,240
1023,94,0.35,241
6,95,0.38,240
7,95,0.36,239
37,95,0.4,239
55,95,0.4,240
57,95,0.4,239
58,95,0.36,236
59,95,0.34,244
60,95,0.4,240
61,95,0.35,241
62,95,0.4,234
64,95,0.38,241
65,95,0.4,241
66,95,0.4,243
67,95,0.4,239
68,95,0.4,245
69,95,0.35,242
70,95,0.36,241
71,95,0.37,240
72,95,0.33,241
76,95,0.33,241
78,95,0.4,242
79,95,0.33,242
80,95,0.35,242
96,95,0.35,238
97,95,0.4,243
131,95,0.4,241
134,95,0.39,240
137,95,0.4,240
138,95,0.4,242
139,95,0.4,242
140,95,0.37,244
141,95,0.33,241
142,95,0.38,240
144,95,0.38,238
145,95,0.36,244
146,95,0.37,245
148,95,0.38,241
149,95,0.37,235
629,95,0.4,240
631,95,0.4,238
632,95,0.4,241
633,95,0.4,241
640,95,0.37,241
641,95,0.39,238
642,95,0.33,243
643,95,0.34,243
707,95,0.4,241
715,95,0.34,236
716,95,0.34,241
717,95,0.4,241
723,95,0.4,244
724,95,0.4,242
732,95,0.38,240
733,95,0.4,240
734,95,0.4,241
745,95,0.38,242
746,95,0.4,242
907,95,0.4,241
924,95,0.4,241
925,95,0.4,242
926,95,0.34,242
927,95,0.35,243
929,95,0.37,239
930,95,0.4,242
942,95,0.4,240
958,95,0.36,240
959,95,0.37,240
960,95,0.4,241
961,95,0.36,241
962,95,0.37,241
963,95,0.4,241
964,95,0.39,240
965,95,0.4,243
969,95,0.4,241
970,95,0.4,239
971,95,0.39,242
975,95,0.37,241
976,95,0.4,246
978,95,0.35,238
991,95,0.4,239
997,95,0.4,242
998,95,0.37,240
1002,95,0.4,240
1006,95,0.34,241
1007,95,0.4,243
1008,95,0.36,239
1010,95,0.4,242
1011,95,0.37,241
1012,95,0.4,241
1013,95,0.4,240
1014,95,0.4,241
1015,95,0.36,240
1016,95,0.4,240
1017,95,0.4,241
1018,95,0.39,242
1019,95,0.36,240
1020,95,0.33,240
1022,95,0.33,241
1023,95,0.4,240
4,96,0.37,245
5,96,0.4,241
6,96,0.4,239
7,96,0.4,240
35,96,0.37,243
36,96,0.39,240
37,96,0.36,242
50,96,0.4,239
53,96,0.4,241
54,96,0.4,240
55,96,0.33,242
56,96,0.4,240
57,96,0.4,240
58,96,0.4,241
59,96,0.39,242
60,96,0.38,241
61,96,0.4,244
64,96,0.4,241
65,96,0.38,241
74,96,0.39,241
75,96,0.4,241
96,96,0.36,242
97,96,0.33,240
98,96,0.4,241
131,96,0.39,241
132,96,0.37,240
133,96,0.33,243
134,96,0.4,241
135,96,0.4,241
136,96,0.4,242
137,96,0.38,243
138,96,0.35,241
139,96,0.39,240
140,96,0.36,240
141,96,0.38,242
142,96,0.38,239
143,96,0.4,241
628,96,0.39,236
629,96,0.4,241
630,96,0.35,242
631,96,0.38,240
632,96,0.37,240
633,96,0.39,240
634,96,0.39,240
637,96,0.33,243
638,96,0.4,240
640,96,0.35,241
641,96,0.34,246
708,96,0.4,241
710,96,0.38,241
717,96,0.4,242
718,96,0.4,242
723,96,0.39,241
732,96,0.35,243
733,96,0.37,240
734,96,0.34,241
905,96,0.36,242
906,96,0.34,241
907,96,0.39,241
908,96,0.39,242
922,96,0.4,242
923,96,0.4,240
924,96,0.34,241
941,96,0.4,240
942,96,0.4,242
955,96,0.4,242
956,96,0.35,237
957,96,0.4,241
961,96,0.36,242
962,96,0.4,241
966,96,0.37,244
967,96,0.4,240
1019,96,0.4,242
1021,96,0.35,240
1022,96,0.39,242
4,97,0.4,242
5,97,0.36,242
34,97,0.4,240
35,97,0.4,244
36,97,0.4,241
49,97,0.38,236
50,97,0.39,242
51,97,0.38,243
52,97,0.4,239
53,97,0.4,239
57,97,0.4,246
58,97,0.35,242
59,97,0.39,240
63,97,0.37,242
64,97,0.35,246
72,97,0.33,242
73,97,0.38,240
74,97,0.38,244
75,97,0.4,242
76,97,0.33,240
78,97,0.34,244
94,97,0.38,242
95,97,0.35,244
96,97,0.33,237
130,97,0.4,243
132,97,0.4,241
134,97,0.33,238
135,97,0.37,240
138,97,0.4,242
139,97,0.4,239
626,97,0.34,243
627,97,0.33,241
628,97,0.4,240
629,97,0.33,241
630,97,0.33,242
635,97,0.37,241
636,97,0.34,242
637,97,0.34,239
638,97,0.35,241
639,97,0.36,239
710,97,0.38,240
711,97,0.37,242
712,97,0.38,241
717,97,0.39,241
718,97,0.4,242
719,97,0.33,242
723,97,0.37,243
724,97,0.4,241
725,97,0.4,240
732,97,0.4,240
733,97,0.33,240
735,97,0.38,242
736,97,0.4,240
905,97,0.39,243
921,97,0.36,240
922,97,0.35,244
923,97,0.4,241
924,97,0.4,240
939,97,0.4,240
940,97,0.35,242
953,97,0.39,243
954,97,0.4,240
955,97,0.38,241
956,97,0.4,243
957,97,0.4,240
958,97,0.4,238
959,97,0.39,241
960,97,0.33,237
4,98,0.35,243
32,98,0.33,241
33,98,0.4,241
34,98,0.4,243
49,98,0.33,241
50,98,0.4,242
51,98,0.37,240
55,98,0.4,241
56,98,0.4,241
57,98,0.4,242
58,98,0.39,241
72,98,0.4,240
73,98,0.4,242
74,98,0.4,239
91,98,0.33,241
92,98,0.39,242
93,98,0.4,239
94,98,0.4,240
125,98,0.33,240
126,98,0.36,241
127,98,0.4,242
128,98,0.4,242
129,98,0.4,242
130,98,0.37,241
132,98,0.4,240
137,98,0.4,242
138,98,0.34,242
624,98,0.34,243
626,98,0.39,236
627,98,0.4,241
628,98,0.4,242
629,98,0.37,241
630,98,0.35,242
633,98,0.33,240
634,98,0.35,238
635,98,0.36,241
636,98,0.37,239
711,98,0.36,239
712,98,0.39,242
717,98,0.34,240
718,98,0.36,241
724,98,0.33,240
732,98,0.38,244
733,98,0.39,240
736,98,0.36,238
903,98,0.4,243
904,98,0.4,245
905,98,0.36,241
906,98,0.4,239
920,98,0.4,242
921,98,0.37,240
922,98,0.35,237
939,98,0.38,241
952,98,0.4,241
953,98,0.34,241
954,98,0.37,242
5,99,0.38,244
30,99,0.4,242
31,99,0.4,241
32,99,0.4,241
46,99,0.4,242
48,99,0.4,241
49,99,0.38,240
50,99,0.34,241
54,99,0.38,235
55,99,0.39,241
56,99,0.37,241
57,99,0.38,240
71,99,0.38,242
72,99,0.33,242
89,99,0.33,241
90,99,0.4,242
91,99,0.37,243
92,99,0.35,244
124,99,0.33,238
125,99,0.4,240
128,99,0.4,242
132,99,0.37,242
133,99,0.4,240
134,99,0.39,240
135,99,0.36,239
623,99,0.4,240
624,99,0.4,241
625,99,0.4,243
626,99,0.4,242
629,99,0.4,239
631,99,0.34,243
632,99,0.35,242
634,99,0.4,241
635,99,0.4,239
636,99,0.39,239
711,99,0.4,240
717,99,0.36,241
718,99,0.34,241
725,99,0.37,243
733,99,0.39,241
734,99,0.4,240
735,99,0.36,239
736,99,0.4,242
737,99,0.37,243
744,99,0.4,243
903,99,0.4,241
904,99,0.36,239
920,99,0.4,240
921,99,0.39,242
940,99,0.34,240
953,99,0.4,241
954,99,0.4,242
30,100,0.4,242
31,100,0.36,240
49,100,0.39,242
51,100,0.34,243
55,100,0.4,242
71,100,0.33,242
72,100,0.38,241
89,100,0.34,241
90,100,0.36,242
123,100,0.33,237
124,100,0.4,236
127,100,0.4,240
131,100,0.4,240
132,100,0.34,241
133,100,0.4,241
622,100,0.4,242
623,100,0.38,240
624,100,0.33,240
625,100,0.4,242
626,100,0.34,241
633,100,0.4,239
634,100,0.38,245
711,100,0.36,241
717,100,0.37,242
718,100,0.34,241
719,100,0.39,241
724,100,0.4,242
735,100,0.36,242
736,100,0.4,241
742,100,0.4,238
743,100,0.4,242
744,100,0.4,241
903,100,0.39,242
904,100,0.4,238
921,100,0.4,238
922,100,0.39,241
938,100,0.33,237
952,100,0.4,243
953,100,0.4,241
954,100,0.39,242
2,101,0.4,243
3,101,0.33,241
27,101,0.4,241
29,101,0.35,240
30,101,0.34,244
31,101,0.4,243
43,101,0.35,242
44,101,0.36,238
49,101,0.39,238
50,101,0.36,242
51,101,0.4,242
68,101,0.39,238
69,101,0.36,242
70,101,0.35,241
89,101,0.4,242
90,101,0.38,235
122,101,0.4,239
123,101,0.35,240
124,101,0.33,238
619,101,0.38,242
621,101,0.34,243
622,101,0.35,241
623,101,0.34,243
625,101,0.35,243
626,101,0.38,239
627,101,0.4,242
628,101,0.4,238
629,101,0.37,236
630,101,0.4,240
631,101,0.39,242
632,101,0.4,239
711,101,0.4,241
717,101,0.4,242
718,101,0.35,242
733,101,0.36,241
734,101,0.4,241
735,101,0.38,243
741,101,0.34,242
742,101,0.4,241
743,101,0.4,241
744,101,0.4,242
904,101,0.35,239
921,101,0.35,241
922,101,0.4,240
923,101,0.35,240
924,101,0.33,238
925,101,0.4,241
938,101,0.4,240
939,101,0.34,244
952,101,0.4,244
953,101,0.37,241
954,101,0.4,241
2,102,0.4,242
3,102,0.36,239
26,102,0.4,242
27,102,0.4,243
28,102,0.39,237
29,102,0.38,241
30,102,0.34,238
43,102,0.38,241
49,102,0.4,242
50,102,0.4,242
67,102,0.4,244
68,102,0.33,241
69,102,0.4,240
88,102,0.4,238
89,102,0.4,242
121,102,0.38,241
122,102,0.4,242
123,102,0.4,240
124,102,0.38,240
129,102,0.4,235
130,102,0.4,242
618,102,0.33,240
619,102,0.4,243
620,102,0.4,242
621,102,0.39,241
626,102,0.34,241
627,102,0.36,243
628,102,0.33,240
629,102,0.4,241
630,102,0.4,239
710,102,0.4,240
711,102,0.4,240
712,102,0.34,239
717,102,0.36,240
718,102,0.38,241
723,102,0.4,242
732,102,0.4,240
733,102,0.36,240
734,102,0.34,241
735,102,0.4,243
736,102,0.37,241
740,102,0.4,243
741,102,0.4,244
903,102,0.38,240
904,102,0.33,240
924,102,0.4,240
925,102,0.4,241
926,102,0.34,239
938,102,0.4,239
939,102,0.4,241
953,102,0.37,241
954,102,0.33,243
955,102,0.4,241
956,102,0.4,241
957,102,0.36,241
958,102,0.34,241
2,103,0.35,240
3,103,0.4,240
27,103,0.4,242
42,103,0.4,240
43,103,0.4,240
44,103,0.4,241
49,103,0.34,242
50,103,0.4,241
65,103,0.4,239
66,103,0.38,239
86,103,0.37,242
87,103,0.4,240
88,103,0.35,241
89,103,0.34,240
119,103,0.39,240
120,103,0.37,241
121,103,0.33,242
122,103,0.35,243
123,103,0.35,242
127,103,0.4,243
129,103,0.4,243
130,103,0.38,240
616,103,0.33,242
617,103,0.39,240
618,103,0.37,241
619,103,0.34,241
620,103,0.37,241
626,103,0.4,243
710,103,0.4,239
711,103,0.34,242
716,103,0.4,240
717,103,0.4,240
718,103,0.36,239
723,103,0.4,240
724,103,0.35,242
732,103,0.39,242
733,103,0.36,241
734,103,0.4,242
735,103,0.4,241
738,103,0.37,241
739,103,0.4,244
740,103,0.34,241
741,103,0.38,242
903,103,0.34,242
904,103,0.36,240
925,103,0.39,243
926,103,0.35,240
927,103,0.38,242
939,103,0.4,242
940,103,0.38,242
956,103,0.34,241
957,103,0.39,242
958,103,0.35,238
961,103,0.38,241
962,103,0.36,241
963,103,0.36,242
2,104,0.4,241
3,104,0.4,238
26,104,0.4,242
27,104,0.39,238
40,104,0.39,244
41,104,0.35,242
42,104,0.37,242
43,104,0.4,242
47,104,0.37,242
49,104,0.38,241
50,104,0.35,244
65,104,0.35,242
67,104,0.33,242
86,104,0.4,242
87,104,0.33,241
119,104,0.37,242
120,104,0.37,241
121,104,0.34,238
122,104,0.37,243
126,104,0.38,240
127,104,0.4,243
615,104,0.38,241
616,104,0.4,241
617,104,0.37,240
618,104,0.4,238
619,104,0.4,237
622,104,0.36,243
623,104,0.35,241
625,104,0.4,240
626,104,0.4,242
709,104,0.4,240
710,104,0.33,241
711,104,0.38,242
716,104,0.34,240
717,104,0.33,242
718,104,0.34,242
723,104,0.33,241
724,104,0.37,239
731,104,0.33,238
732,104,0.4,242
733,104,0.4,243
734,104,0.4,247
738,104,0.34,241
739,104,0.4,243
740,104,0.35,237
741,104,0.38,242
903,104,0.39,239
904,104,0.4,241
905,104,0.34,241
926,104,0.4,242
927,104,0.4,244
931,104,0.36,241
939,104,0.4,241
940,104,0.33,239
957,104,0.4,243
959,104,0.4,242
960,104,0.38,242
961,104,0.4,240
962,104,0.36,240
963,104,0.4,241
964,104,0.34,240
969,104,0.33,240
970,104,0.4,241
26,105,0.39,241
27,105,0.33,239
40,105,0.4,241
41,105,0.35,243
47,105,0.4,241
49,105,0.4,242
63,105,0.34,241
64,105,0.4,240
65,105,0.34,246
86,105,0.34,241
87,105,0.4,243
120,105,0.38,240
125,105,0.36,242
126,105,0.38,240
127,105,0.39,243
614,105,0.33,241
615,105,0.38,241
616,105,0.36,239
617,105,0.4,243
623,105,0.4,240
625,105,0.33,239
626,105,0.4,243
708,105,0.37,243
709,105,0.35,241
716,105,0.35,239
717,105,0.4,241
721,105,0.4,241
722,105,0.39,242
723,105,0.37,244
730,105,0.35,240
731,105,0.38,241
732,105,0.4,241
733,105,0.38,237
734,105,0.4,240
735,105,0.38,239
736,105,0.38,241
737,105,0.35,242
738,105,0.4,242
903,105,0.35,243
904,105,0.39,243
905,105,0.4,242
931,105,0.35,241
932,105,0.4,244
941,105,0.35,243
942,105,0.4,240
945,105,0.33,240
946,105,0.33,242
947,105,0.4,243
948,105,0.33,237
960,105,0.4,240
962,105,0.38,241
963,105,0.37,242
964,105,0.35,241
965,105,0.37,241
966,105,0.37,240
969,105,0.4,242
970,105,0.34,242
978,105,0.35,241
985,105,0.37,239
1,106,0.38,242
2,106,0.39,241
39,106,0.4,240
40,106,0.35,241
41,106,0.4,237
46,106,0.39,241
47,106,0.37,241
63,106,0.34,240
64,106,0.4,245
85,106,0.34,242
86,106,0.4,243
87,106,0.4,239
119,106,0.37,240
120,106,0.4,240
125,106,0.4,243
126,106,0.4,242
127,106,0.33,240
612,106,0.39,240
613,106,0.4,241
614,106,0.4,242
615,106,0.4,241
619,106,0.35,248
620,106,0.33,239
621,106,0.38,240
622,106,0.37,244
706,106,0.4,242
707,106,0.4,241
708,106,0.4,242
715,106,0.37,244
716,106,0.38,237
717,106,0.38,237
721,106,0.37,240
722,106,0.4,242
730,106,0.34,241
731,106,0.4,241
732,106,0.4,243
733,106,0.37,238
734,106,0.4,240
735,106,0.4,241
736,106,0.4,242
737,106,0.4,242
738,106,0.38,242
905,106,0.4,240
908,106,0.4,241
931,106,0.39,237
932,106,0.39,241
935,106,0.39,239
942,106,0.4,240
943,106,0.37,241
944,106,0.4,240
945,106,0.38,239
946,106,0.37,241
947,106,0.4,244
948,106,0.38,242
949,106,0.4,240
950,106,0.39,241
963,106,0.4,241
964,106,0.36,241
965,106,0.34,242
966,106,0.36,240
967,106,0.37,240
968,106,0.38,243
969,106,0.35,238
970,106,0.34,242
971,106,0.4,244
973,106,0.4,239
975,106,0.4,241
976,106,0.35,240
977,106,0.4,241
978,106,0.4,244
980,106,0.4,242
981,106,0.4,243
985,106,0.4,241
2,107,0.39,240
3,107,0.4,243
4,107,0.4,240
24,107,0.37,241
25,107,0.4,240
26,107,0.39,240
39,107,0.37,240
40,107,0.37,241
46,107,0.38,242
62,107,0.4,242
63,107,0.35,242
64,107,0.33,242
85,107,0.34,239
86,107,0.39,237
119,107,0.39,238
124,107,0.37,240
125,107,0.38,241
126,107,0.4,240
610,107,0.33,242
611,107,0.33,241
612,107,0.4,240
613,107,0.36,242
614,107,0.37,240
615,107,0.36,241
619,107,0.36,242
620,107,0.4,242
621,107,0.4,242
705,107,0.4,243
706,107,0.4,242
707,107,0.4,239
714,107,0.36,239
729,107,0.4,242
730,107,0.35,242
731,107,0.4,242
732,107,0.4,241
733,107,0.4,241
734,107,0.4,238
905,107,0.39,237
906,107,0.4,241
908,107,0.4,240
935,107,0.4,241
936,107,0.33,241
948,107,0.4,242
949,107,0.4,240
950,107,0.4,242
952,107,0.4,243
965,107,0.36,241
966,107,0.4,239
967,107,0.4,242
968,107,0.4,238
971,107,0.4,238
972,107,0.4,242
973,107,0.4,240
974,107,0.33,238
976,107,0.4,244
982,107,0.4,239
983,107,0.4,243
984,107,0.35,244
985,107,0.4,242
986,107,0.35,241
987,107,0.4,244
988,107,0.35,240
990,107,0.35,240
991,107,0.4,242
994,107,0.4,242
2,108,0.38,241
3,108,0.4,243
25,108,0.37,240
26,108,0.4,241
27,108,0.38,242
39,108,0.4,242
40,108,0.37,240
45,108,0.35,242
46,108,0.4,244
62,108,0.39,240
63,108,0.4,241
84,108,0.4,243
117,108,0.37,241
119,108,0.4,245
125,108,0.33,241
609,108,0.4,242
610,108,0.33,239
611,108,0.35,239
612,108,0.36,242
613,108,0.36,239
614,108,0.4,241
615,108,0.38,239
616,108,0.4,239
617,108,0.33,240
618,108,0.38,241
619,108,0.4,240
620,108,0.36,238
704,108,0.33,239
705,108,0.34,242
712,108,0.4,240
713,108,0.37,241
720,108,0.4,241
721,108,0.4,240
722,108,0.36,243
728,108,0.4,240
729,108,0.4,243
730,108,0.4,241
731,108,0.36,241
732,108,0.34,245
763,108,0.4,241
764,108,0.39,242
765,108,0.34,239
767,108,0.4,243
768,108,0.35,243
769,108,0.34,245
774,108,0.36,242
776,108,0.4,243
908,108,0.34,244
909,108,0.35,241
910,108,0.4,243
911,108,0.4,241
912,108,0.4,243
914,108,0.4,242
936,108,0.32,236
950,108,0.39,241
951,108,0.36,241
952,108,0.4,241
953,108,0.39,239
954,108,0.37,240
966,108,0.4,240
969,108,0.37,242
974,108,0.4,242
975,108,0.4,241
983,108,0.35,244
984,108,0.4,240
985,108,0.4,240
986,108,0.38,242
988,108,0.37,242
989,108,0.4,242
990,108,0.4,238
992,108,0.34,242
993,108,0.34,241
994,108,0.33,241
995,108,0.4,241
996,108,0.35,242
3,109,0.4,242
4,109,0.38,239
26,109,0.4,243
39,109,0.4,242
40,109,0.4,241
46,109,0.37,243
61,109,0.4,238
62,109,0.33,239
85,109,0.4,241
123,109,0.4,243
124,109,0.4,243
608,109,0.36,239
609,109,0.37,242
610,109,0.4,240
611,109,0.38,241
612,109,0.35,240
703,109,0.4,240
704,109,0.4,241
705,109,0.33,241
714,109,0.4,241
715,109,0.35,241
719,109,0.4,241
720,109,0.4,241
721,109,0.4,240
722,109,0.4,242
726,109,0.4,241
727,109,0.4,239
728,109,0.39,241
729,109,0.39,240
761,109,0.4,240
762,109,0.4,239
763,109,0.36,242
774,109,0.39,237
775,109,0.39,241
778,109,0.37,240
779,109,0.4,235
786,109,0.33,242
787,109,0.34,240
788,109,0.33,242
789,109,0.4,243
914,109,0.33,241
915,109,0.39,240
916,109,0.36,241
917,109,0.4,244
935,109,0.4,241
936,109,0.34,242
937,109,0.39,241
938,109,0.4,240
967,109,0.4,239
969,109,0.4,241
974,109,0.4,241
975,109,0.4,240
977,109,0.38,241
978,109,0.33,241
986,109,0.36,244
987,109,0.4,244
988,109,0.4,242
989,109,0.33,242
995,109,0.35,241
996,109,0.4,242
997,109,0.33,241
998,109,0.4,242
999,109,0.4,244
1000,109,0.4,242
3,110,0.36,239
4,110,0.36,241
6,110,0.4,241
24,110,0.4,240
25,110,0.38,242
37,110,0.4,247
38,110,0.4,242
39,110,0.4,237
44,110,0.4,242
61,110,0.4,241
62,110,0.4,240
83,110,0.38,237
85,110,0.33,243
117,110,0.38,243
118,110,0.4,238
123,110,0.4,240
124,110,0.4,240
609,110,0.39,242
610,110,0.35,240
612,110,0.4,243
613,110,0.35,241
614,110,0.38,241
615,110,0.38,243
702,110,0.33,242
703,110,0.4,240
709,110,0.37,241
710,110,0.4,243
712,110,0.4,241
713,110,0.4,243
714,110,0.35,239
716,110,0.35,238
724,110,0.4,248
725,110,0.4,242
726,110,0.38,242
727,110,0.39,240
728,110,0.38,240
753,110,0.4,240
754,110,0.36,238
758,110,0.36,244
777,110,0.4,242
780,110,0.37,243
781,110,0.33,240
788,110,0.39,242
791,110,0.35,243
912,110,0.35,241
913,110,0.4,241
920,110,0.38,241
937,110,0.4,241
954,110,0.39,242
955,110,0.33,242
975,110,0.4,243
987,110,0.33,242
990,110,0.4,239
5,111,0.4,241
6,111,0.33,243
25,111,0.38,243
26,111,0.38,242
37,111,0.36,241
38,111,0.38,243
45,111,0.37,244
61,111,0.35,239
62,111,0.4,236
84,111,0.4,241
116,111,0.4,241
118,111,0.4,241
608,111,0.34,240
609,111,0.39,240
699,111,0.4,240
700,111,0.35,240
701,111,0.38,241
702,111,0.39,243
708,111,0.4,239
709,111,0.37,241
711,111,0.4,240
712,111,0.4,240
713,111,0.4,237
715,111,0.33,241
720,111,0.39,242
721,111,0.34,239
723,111,0.37,240
724,111,0.35,243
726,111,0.39,241
750,111,0.37,240
751,111,0.4,240
752,111,0.39,240
753,111,0.34,243
754,111,0.34,241
755,111,0.4,242
758,111,0.35,242
759,111,0.4,242
760,111,0.39,242
761,111,0.39,241
782,111,0.39,244
784,111,0.39,240
785,111,0.4,240
786,111,0.34,243
788,111,0.4,242
789,111,0.38,243
790,111,0.34,240
791,111,0.4,239
793,111,0.34,240
795,111,0.4,238
796,111,0.36,242
797,111,0.4,243
798,111,0.4,242
918,111,0.34,241
919,111,0.33,241
920,111,0.4,241
921,111,0.39,241
954,111,0.4,240
955,111,0.4,242
956,111,0.4,246
958,111,0.36,242
970,111,0.4,246
978,111,0.34,238
990,111,0.4,238
991,111,0.4,241
992,111,0.4,246
5,112,0.34,242
6,112,0.4,239
24,112,0.4,244
25,112,0.33,243
37,112,0.4,242
38,112,0.39,242
39,112,0.4,239
45,112,0.4,241
46,112,0.33,242
61,112,0.4,242
62,112,0.39,241
83,112,0.35,242
84,112,0.35,240
116,112,0.39,241
122,112,0.37,243
123,112,0.37,243
607,112,0.4,242
608,112,0.37,241
610,112,0.4,239
613,112,0.34,240
702,112,0.4,244
706,112,0.36,241
707,112,0.35,240
708,112,0.4,241
710,112,0.4,241
714,112,0.4,242
715,112,0.37,241
716,112,0.4,240
717,112,0.39,241
718,112,0.4,242
719,112,0.4,244
747,112,0.35,242
751,112,0.34,241
752,112,0.4,240
753,112,0.4,242
754,112,0.4,240
755,112,0.37,241
756,112,0.4,241
785,112,0.4,239
786,112,0.39,241
787,112,0.33,241
789,112,0.36,241
794,112,0.34,242
796,112,0.4,245
923,112,0.4,241
939,112,0.4,241
977,112,0.35,239
978,112,0.37,241
991,112,0.37,242
992,112,0.38,240
993,112,0.38,239
994,112,0.4,241
999,112,0.39,239
1000,112,0.34,240
1001,112,0.4,238
1002,112,0.4,241
1003,112,0.34,240
5,113,0.4,245
6,113,0.4,241
24,113,0.37,240
25,113,0.4,240
45,113,0.4,242
46,113,0.4,244
61,113,0.39,238
83,113,0.38,239
116,113,0.4,243
124,113,0.37,242
605,113,0.4,243
606,113,0.38,242
607,113,0.39,242
608,113,0.4,244
609,113,0.4,242
610,113,0.35,243
611,113,0.35,241
612,113,0.4,241
683,113,0.4,244
684,113,0.36,242
693,113,0.38,240
694,113,0.4,246
698,113,0.4,241
699,113,0.36,241
700,113,0.35,241
701,113,0.33,241
703,113,0.33,243
704,113,0.35,243
705,113,0.4,247
715,113,0.38,241
716,113,0.4,242
719,113,0.38,241
720,113,0.38,241
721,113,0.35,239
722,113,0.39,239
749,113,0.4,243
750,113,0.4,241
751,113,0.39,242
754,113,0.38,239
755,113,0.33,242
768,113,0.4,239
769,113,0.4,239
770,113,0.37,239
775,113,0.33,241
787,113,0.34,241
788,113,0.37,239
790,113,0.38,239
791,113,0.35,244
798,113,0.4,242
921,113,0.36,241
937,113,0.4,242
938,113,0.35,243
956,113,0.39,239
957,113,0.4,244
959,113,0.4,241
968,113,0.4,240
969,113,0.4,241
970,113,0.38,237
977,113,0.33,241
978,113,0.4,241
979,113,0.36,243
1005,113,0.34,241
25,114,0.4,240
39,114,0.36,243
40,114,0.4,240
46,114,0.37,241
61,114,0.33,240
62,114,0.4,241
83,114,0.34,241
84,114,0.4,242
117,114,0.4,240
122,114,0.4,241
123,114,0.37,241
605,114,0.37,241
606,114,0.4,241
607,114,0.35,236
609,114,0.4,242
610,114,0.4,241
681,114,0.36,248
682,114,0.34,240
683,114,0.4,242
684,114,0.33,243
693,114,0.35,240
694,114,0.36,246
695,114,0.4,243
696,114,0.4,240
697,114,0.38,240
698,114,0.4,242
699,114,0.4,241
702,114,0.4,240
703,114,0.37,241
704,114,0.39,245
705,114,0.37,248
712,114,0.4,246
713,114,0.35,242
714,114,0.4,240
746,114,0.4,240
751,114,0.35,244
768,114,0.35,242
769,114,0.4,239
770,114,0.37,241
771,114,0.38,241
774,114,0.4,242
775,114,0.4,240
776,114,0.34,244
778,114,0.4,241
790,114,0.37,240
791,114,0.38,241
793,114,0.34,241
801,114,0.35,241
802,114,0.4,243
803,114,0.38,243
922,114,0.33,241
923,114,0.4,241
924,114,0.36,240
957,114,0.35,243
970,114,0.38,240
978,114,0.4,239
979,114,0.4,242
993,114,0.37,240
994,114,0.4,242
995,114,0.4,244
1003,114,0.36,239
7,115,0.4,242
25,115,0.33,242
26,115,0.33,243
39,115,0.35,243
40,115,0.34,243
44,115,0.34,239
46,115,0.4,241
62,115,0.34,240
83,115,0.33,242
116,115,0.39,238
117,115,0.36,240
118,115,0.39,243
123,115,0.37,239
124,115,0.34,241
125,115,0.4,242
601,115,0.38,242
602,115,0.4,241
603,115,0.38,240
604,115,0.35,241
605,115,0.35,242
606,115,0.35,240
608,115,0.37,241
609,115,0.34,240
676,115,0.4,241
677,115,0.4,241
678,115,0.4,240
679,115,0.34,242
680,115,0.4,241
681,115,0.33,242
682,115,0.34,243
683,115,0.4,239
684,115,0.37,241
685,115,0.38,243
686,115,0.39,241
687,115,0.35,240
688,115,0.38,241
693,115,0.4,239
694,115,0.4,244
695,115,0.35,240
696,115,0.4,239
697,115,0.4,242
698,115,0.4,242
699,115,0.35,238
700,115,0.4,235
702,115,0.4,241
744,115,0.39,241
745,115,0.36,241
765,115,0.39,242
766,115,0.36,240
767,115,0.36,241
768,115,0.37,242
773,115,0.38,242
775,115,0.34,242
776,115,0.4,242
777,115,0.4,244
780,115,0.37,244
781,115,0.33,239
793,115,0.35,241
803,115,0.34,242
939,115,0.38,241
958,115,0.4,242
970,115,0.39,242
971,115,0.38,243
980,115,0.38,236
995,115,0.4,243
996,115,0.35,241
997,115,0.4,237
1005,115,0.37,242
7,116,0.4,240
8,116,0.34,240
9,116,0.33,240
26,116,0.4,241
28,116,0.4,243
39,116,0.35,245
40,116,0.38,238
46,116,0.34,242
61,116,0.4,235
62,116,0.4,241
84,116,0.4,244
85,116,0.34,242
117,116,0.33,239
124,116,0.4,242
125,116,0.4,243
601,116,0.34,241
602,116,0.36,242
603,116,0.4,239
604,116,0.33,240
605,116,0.36,241
606,116,0.34,242
671,116,0.4,238
672,116,0.35,239
673,116,0.4,243
674,116,0.35,241
675,116,0.34,240
676,116,0.4,241
677,116,0.37,244
678,116,0.39,240
679,116,0.39,241
680,116,0.34,240
681,116,0.4,241
682,116,0.4,242
683,116,0.36,246
684,116,0.4,243
686,116,0.38,239
692,116,0.36,238
693,116,0.4,242
694,116,0.37,241
695,116,0.4,240
696,116,0.33,241
697,116,0.4,242
698,116,0.4,241
743,116,0.4,239
751,116,0.4,237
760,116,0.38,243
761,116,0.4,242
762,116,0.38,241
763,116,0.4,240
764,116,0.4,238
765,116,0.33,242
766,116,0.33,241
778,116,0.4,240
783,116,0.35,239
784,116,0.4,241
791,116,0.4,245
792,116,0.4,241
793,116,0.4,240
794,116,0.35,239
795,116,0.38,246
937,116,0.37,244
958,116,0.4,241
959,116,0.36,238
968,116,0.4,242
969,116,0.4,242
970,116,0.35,241
979,116,0.36,236
980,116,0.4,242
994,116,0.4,247
995,116,0.34,244
997,116,0.4,239
1005,116,0.4,240
1006,116,0.4,241
1007,116,0.39,240
8,117,0.4,241
9,117,0.4,240
10,117,0.4,240
40,117,0.37,240
41,117,0.39,241
46,117,0.4,241
48,117,0.4,243
62,117,0.4,242
63,117,0.36,240
84,117,0.4,242
117,117,0.4,242
123,117,0.4,240
124,117,0.35,243
125,117,0.33,241
598,117,0.35,245
600,117,0.39,241
601,117,0.4,241
602,117,0.4,241
603,117,0.4,241
604,117,0.4,243
605,117,0.4,247
606,117,0.37,243
648,117,0.33,241
655,117,0.4,242
661,117,0.4,241
662,117,0.4,242
663,117,0.4,239
664,117,0.4,239
666,117,0.33,241
667,117,0.4,240
668,117,0.4,244
669,117,0.4,245
670,117,0.4,241
671,117,0.4,242
672,117,0.4,242
673,117,0.34,242
674,117,0.36,241
675,117,0.38,240
676,117,0.37,238
677,117,0.4,243
678,117,0.38,240
679,117,0.35,240
680,117,0.39,244
681,117,0.33,242
684,117,0.36,240
685,117,0.36,240
697,117,0.35,240
738,117,0.34,238
739,117,0.36,242
741,117,0.39,239
748,117,0.4,243
749,117,0.33,236
761,117,0.34,239
762,117,0.33,241
766,117,0.33,241
768,117,0.38,242
769,117,0.4,243
770,117,0.4,240
771,117,0.33,237
775,117,0.37,242
776,117,0.36,241
778,117,0.4,240
779,117,0.4,244
782,117,0.38,241
783,117,0.36,242
784,117,0.4,241
785,117,0.38,241
791,117,0.38,240
792,117,0.34,241
793,117,0.4,241
794,117,0.34,240
795,117,0.34,240
796,117,0.35,234
797,117,0.36,239
798,117,0.4,238
805,117,0.4,243
959,117,0.35,241
968,117,0.37,242
969,117,0.4,239
978,117,0.35,239
979,117,0.4,243
997,117,0.38,243
1006,117,0.36,240
1007,117,0.4,241
1,118,0.39,241
2,118,0.38,236
3,118,0.34,238
10,118,0.34,240
11,118,0.32,238
27,118,0.4,241
41,118,0.4,243
46,118,0.4,238
47,118,0.4,242
48,118,0.38,240
61,118,0.39,243
63,118,0.4,239
64,118,0.33,241
83,118,0.39,239
84,118,0.36,241
117,118,0.39,241
119,118,0.33,243
120,118,0.36,243
125,118,0.34,241
126,118,0.34,240
597,118,0.37,242
598,118,0.39,242
599,118,0.37,240
600,118,0.35,240
601,118,0.38,241
602,118,0.39,238
648,118,0.4,242
649,118,0.4,240
652,118,0.4,245
653,118,0.36,242
654,118,0.4,242
655,118,0.38,240
657,118,0.35,238
661,118,0.37,241
662,118,0.34,242
663,118,0.35,240
664,118,0.35,241
668,118,0.35,243
669,118,0.37,240
670,118,0.37,240
671,118,0.4,240
675,118,0.37,239
677,118,0.37,244
690,118,0.33,240
738,118,0.4,239
739,118,0.4,240
741,118,0.4,241
745,118,0.34,242
747,118,0.4,240
748,118,0.33,242
749,118,0.39,239
750,118,0.4,242
751,118,0.4,242
759,118,0.36,239
760,118,0.37,243
761,118,0.4,246
766,118,0.36,239
767,118,0.4,242
769,118,0.38,242
770,118,0.36,239
771,118,0.4,241
772,118,0.4,245
773,118,0.38,242
774,118,0.4,241
775,118,0.4,242
776,118,0.37,242
777,118,0.4,243
778,118,0.4,240
779,118,0.38,242
780,118,0.39,241
781,118,0.34,244
782,118,0.34,241
783,118,0.33,241
784,118,0.4,239
785,118,0.34,240
794,118,0.35,239
795,118,0.35,241
797,118,0.38,234
798,118,0.38,237
799,118,0.34,241
800,118,0.4,243
805,118,0.33,243
806,118,0.37,243
807,118,0.36,243
923,118,0.4,243
925,118,0.39,241
936,118,0.34,240
938,118,0.36,240
958,118,0.34,240
967,118,0.37,241
979,118,0.36,242
997,118,0.4,242
998,118,0.4,243
1009,118,0.37,240
1,119,0.4,243
2,119,0.33,240
3,119,0.4,239
4,119,0.4,239
11,119,0.38,237
12,119,0.33,243
29,119,0.35,242
32,119,0.39,242
41,119,0.4,244
42,119,0.4,243
47,119,0.36,241
48,119,0.4,240
64,119,0.34,240
83,119,0.4,239
84,119,0.35,241
119,119,0.35,244
120,119,0.4,240
597,119,0.4,241
598,119,0.38,243
599,119,0.37,242
600,119,0.34,240
601,119,0.35,243
642,119,0.33,245
645,119,0.37,243
646,119,0.4,241
647,119,0.4,241
648,119,0.38,242
649,119,0.39,240
652,119,0.33,242
653,119,0.36,244
656,119,0.35,244
657,119,0.4,240
660,119,0.4,242
661,119,0.4,237
662,119,0.33,241
663,119,0.36,239
664,119,0.34,242
668,119,0.37,235
669,119,0.37,241
670,119,0.38,241
671,119,0.4,244
674,119,0.39,243
675,119,0.4,241
676,119,0.35,242
689,119,0.4,238
690,119,0.33,242
738,119,0.39,241
739,119,0.4,237
745,119,0.4,239
746,119,0.35,239
747,119,0.4,242
758,119,0.37,241
759,119,0.4,241
760,119,0.33,240
761,119,0.36,245
766,119,0.4,240
767,119,0.33,240
771,119,0.39,239
772,119,0.4,241
773,119,0.4,240
774,119,0.35,241
775,119,0.4,240
776,119,0.35,243
777,119,0.34,239
779,119,0.36,240
781,119,0.37,242
782,119,0.33,242
783,119,0.4,241
784,119,0.4,243
785,119,0.35,241
786,119,0.4,245
787,119,0.33,241
795,119,0.38,242
797,119,0.34,240
798,119,0.4,240
799,119,0.33,242
800,119,0.4,242
805,119,0.4,243
806,119,0.4,243
807,119,0.39,239
808,119,0.34,247
922,119,0.35,242
923,119,0.37,240
925,119,0.4,240
935,119,0.37,240
936,119,0.4,240
958,119,0.4,240
959,119,0.39,243
960,119,0.39,243
967,119,0.4,240
979,119,0.4,240
997,119,0.4,241
998,119,0.37,242
1008,119,0.35,241
1010,119,0.38,242
1,120,0.4,242
2,120,0.35,240
4,120,0.4,243
5,120,0.37,242
12,120,0.34,243
13,120,0.4,243
15,120,0.4,244
29,120,0.34,239
32,120,0.4,243
42,120,0.34,238
43,120,0.34,238
44,120,0.4,241
47,120,0.4,239
48,120,0.34,241
49,120,0.4,242
64,120,0.35,242
65,120,0.4,240
83,120,0.37,241
119,120,0.39,238
120,120,0.4,239
125,120,0.37,238
126,120,0.33,239
127,120,0.4,243
594,120,0.35,240
595,120,0.35,240
597,120,0.34,241
598,120,0.38,240
640,120,0.37,241
642,120,0.36,243
643,120,0.4,240
644,120,0.33,242
645,120,0.37,242
646,120,0.39,240
647,120,0.38,242
648,120,0.37,242
649,120,0.4,242
650,120,0.38,242
656,120,0.33,238
657,120,0.39,240
660,120,0.4,242
661,120,0.4,241
662,120,0.39,243
668,120,0.35,242
669,120,0.4,240
670,120,0.37,243
674,120,0.4,241
675,120,0.35,241
676,120,0.36,240
688,120,0.4,241
689,120,0.4,243
690,120,0.36,242
737,120,0.4,239
738,120,0.38,242
745,120,0.4,242
746,120,0.4,241
747,120,0.4,239
750,120,0.33,242
759,120,0.38,242
766,120,0.4,239
774,120,0.4,242
775,120,0.4,243
776,120,0.37,242
777,120,0.37,241
779,120,0.4,240
782,120,0.35,241
783,120,0.38,241
784,120,0.33,241
785,120,0.38,242
786,120,0.38,241
787,120,0.4,242
788,120,0.4,242
796,120,0.4,244
797,120,0.38,243
798,120,0.4,243
800,120,0.4,238
802,120,0.35,241
803,120,0.38,238
807,120,0.37,241
922,120,0.4,241
923,120,0.38,243
932,120,0.35,242
933,120,0.39,238
936,120,0.4,241
937,120,0.38,241
956,120,0.39,241
959,120,0.37,242
979,120,0.38,241
997,120,0.35,241
998,120,0.39,244
999,120,0.4,241
1000,120,0.4,241
1008,120,0.37,241
1010,120,0.37,241
5,121,0.37,239
15,121,0.35,242
33,121,0.36,241
43,121,0.4,241
44,121,0.34,241
45,121,0.4,242
49,121,0.39,240
50,121,0.4,240
51,121,0.4,242
52,121,0.4,239
65,121,0.39,242
85,121,0.4,241
86,121,0.33,238
87,121,0.39,243
120,121,0.37,242
125,121,0.4,242
126,121,0.36,238
127,121,0.34,239
128,121,0.35,238
592,121,0.34,241
593,121,0.35,243
594,121,0.39,241
595,121,0.4,243
597,121,0.4,239
625,121,0.35,240
627,121,0.36,241
634,121,0.33,244
636,121,0.4,239
637,121,0.38,241
638,121,0.33,243
639,121,0.4,243
640,121,0.4,241
643,121,0.39,243
644,121,0.35,240
645,121,0.4,243
646,121,0.4,242
647,121,0.38,241
648,121,0.33,239
649,121,0.4,240
650,121,0.4,238
661,121,0.4,241
666,121,0.33,241
667,121,0.37,242
668,121,0.35,241
669,121,0.35,240
673,121,0.4,241
674,121,0.4,241
688,121,0.39,242
689,121,0.4,241
736,121,0.37,243
737,121,0.38,241
743,121,0.33,240
744,121,0.4,244
745,121,0.4,243
749,121,0.35,244
750,121,0.4,241
758,121,0.35,238
759,121,0.39,241
765,121,0.4,239
766,121,0.38,240
775,121,0.4,241
776,121,0.36,242
777,121,0.4,240
778,121,0.4,240
779,121,0.37,241
783,121,0.38,242
784,121,0.34,242
786,121,0.4,242
787,121,0.36,242
788,121,0.4,241
796,121,0.4,243
797,121,0.35,241
802,121,0.4,239
803,121,0.34,241
807,121,0.34,239
809,121,0.39,241
918,121,0.37,241
919,121,0.4,238
920,121,0.36,239
921,121,0.33,242
922,121,0.36,243
930,121,0.37,240
931,121,0.4,242
932,121,0.4,239
933,121,0.39,240
934,121,0.39,243
936,121,0.35,240
956,121,0.37,238
957,121,0.37,243
962,121,0.34,242
963,121,0.38,240
965,121,0.4,242
966,121,0.4,243
977,121,0.4,242
978,121,0.4,240
979,121,0.35,238
998,121,0.4,243
1000,121,0.38,241
1009,121,0.4,243
1010,121,0.34,241
7,122,0.39,241
8,122,0.4,240
15,122,0.4,242
16,122,0.35,241
33,122,0.35,240
34,122,0.38,240
44,122,0.39,244
46,122,0.35,238
51,122,0.4,242
52,122,0.4,239
67,122,0.38,240
85,122,0.4,239
86,122,0.4,242
87,122,0.4,240
120,122,0.33,243
121,122,0.38,240
122,122,0.4,242
126,122,0.4,240
127,122,0.34,242
128,122,0.36,240
592,122,0.4,242
593,122,0.34,240
594,122,0.4,239
595,122,0.36,241
624,122,0.4,244
625,122,0.4,241
636,122,0.4,239
637,122,0.37,242
639,122,0.35,241
640,122,0.33,241
645,122,0.4,240
654,122,0.4,240
655,122,0.4,243
657,122,0.36,241
664,122,0.34,241
665,122,0.36,240
666,122,0.33,242
667,122,0.4,242
668,122,0.4,241
673,122,0.33,240
674,122,0.39,242
688,122,0.4,239
689,122,0.35,241
736,122,0.34,241
737,122,0.35,241
738,122,0.38,240
743,122,0.4,240
744,122,0.37,242
749,122,0.38,243
750,122,0.4,242
758,122,0.4,241
759,122,0.33,242
777,122,0.4,241
778,122,0.4,241
783,122,0.33,241
784,122,0.33,242
786,122,0.38,236
787,122,0.4,243
788,122,0.38,240
796,122,0.34,241
797,122,0.38,245
801,122,0.36,241
802,122,0.4,241
803,122,0.37,240
809,122,0.35,242
913,122,0.4,242
914,122,0.4,241
916,122,0.37,243
917,122,0.4,240
918,122,0.4,239
920,122,0.35,241
921,122,0.4,243
927,122,0.4,244
928,122,0.35,240
930,122,0.4,242
932,122,0.4,238
933,122,0.4,242
934,122,0.36,239
951,122,0.4,242
952,122,0.35,240
955,122,0.34,240
957,122,0.37,239
959,122,0.34,243
962,122,0.4,241
963,122,0.38,242
965,122,0.36,240
966,122,0.35,242
975,122,0.37,241
977,122,0.37,240
999,122,0.37,239
1000,122,0.37,242
1010,122,0.4,236
6,123,0.4,242
7,123,0.33,244
8,123,0.37,239
9,123,0.34,239
15,123,0.4,247
16,123,0.4,242
18,123,0.4,238
34,123,0.4,245
36,123,0.4,244
37,123,0.4,240
38,123,0.4,241
51,123,0.38,242
52,123,0.4,240
53,123,0.39,241
87,123,0.37,242
88,123,0.4,241
121,123,0.34,243
122,123,0.37,242
123,123,0.4,242
127,123,0.34,236
128,123,0.33,239
129,123,0.33,241
130,123,0.37,243
589,123,0.4,240
590,123,0.4,241
591,123,0.33,242
592,123,0.36,243
593,123,0.35,240
594,123,0.38,241
633,123,0.4,242
634,123,0.37,242
635,123,0.33,240
642,123,0.38,240
643,123,0.38,241
644,123,0.4,243
645,123,0.4,239
653,123,0.35,239
654,123,0.4,243
656,123,0.38,243
657,123,0.38,243
664,123,0.4,240
665,123,0.33,242
689,123,0.37,239
735,123,0.34,241
737,123,0.4,243
743,123,0.38,241
758,123,0.38,241
759,123,0.4,241
764,123,0.4,242
765,123,0.4,243
766,123,0.38,241
772,123,0.4,241
776,123,0.4,241
777,123,0.4,242
784,123,0.4,242
785,123,0.4,243
787,123,0.4,242
797,123,0.4,238
798,123,0.4,240
802,123,0.4,240
803,123,0.38,241
804,123,0.33,239
810,123,0.4,242
811,123,0.39,242
912,123,0.4,241
913,123,0.39,240
914,123,0.34,241
924,123,0.33,242
925,123,0.35,239
928,123,0.36,242
930,123,0.38,245
944,123,0.37,242
945,123,0.36,243
946,123,0.4,242
947,123,0.37,242
948,123,0.36,243
951,123,0.4,239
952,123,0.35,242
953,123,0.4,241
954,123,0.4,241
955,123,0.35,242
957,123,0.4,242
958,123,0.34,243
959,123,0.4,241
961,123,0.34,244
962,123,0.39,242
974,123,0.4,240
999,123,0.36,242
1010,123,0.35,242
9,124,0.36,242
10,124,0.37,241
37,124,0.4,240
38,124,0.4,241
46,124,0.35,241
55,124,0.4,240
56,124,0.34,239
66,124,0.39,241
67,124,0.33,238
88,124,0.39,243
89,124,0.38,240
121,124,0.4,244
122,124,0.35,240
123,124,0.34,244
124,124,0.38,242
125,124,0.4,240
130,124,0.4,241
131,124,0.4,242
590,124,0.33,241
591,124,0.35,240
592,124,0.38,244
593,124,0.36,240
620,124,0.4,240
622,124,0.34,238
630,124,0.4,242
633,124,0.38,240
640,124,0.35,244
641,124,0.4,242
652,124,0.4,242
653,124,0.4,246
654,124,0.4,241
663,124,0.4,239
664,124,0.34,241
665,124,0.37,239
672,124,0.4,242
689,124,0.34,240
690,124,0.4,242
735,124,0.4,241
736,124,0.36,243
744,124,0.39,239
745,124,0.36,242
749,124,0.32,237
750,124,0.36,242
751,124,0.33,240
752,124,0.37,237
759,124,0.38,240
763,124,0.33,241
764,124,0.4,241
765,124,0.4,243
766,124,0.4,241
767,124,0.32,239
770,124,0.33,239
771,124,0.4,240
772,124,0.4,238
773,124,0.38,240
774,124,0.36,236
775,124,0.37,240
776,124,0.4,240
777,124,0.36,239
802,124,0.4,241
810,124,0.4,242
811,124,0.37,239
812,124,0.35,248
909,124,0.4,242
911,124,0.35,242
912,124,0.4,239
913,124,0.39,241
919,124,0.39,239
920,124,0.4,242
921,124,0.33,241
922,124,0.37,241
923,124,0.4,242
924,124,0.36,239
925,124,0.38,236
926,124,0.4,241
937,124,0.4,241
938,124,0.4,241
940,124,0.4,245
941,124,0.4,240
942,124,0.35,241
943,124,0.36,242
944,124,0.36,242
945,124,0.4,241
946,124,0.4,239
947,124,0.38,242
949,124,0.39,240
950,124,0.36,239
951,124,0.4,242
952,124,0.4,241
953,124,0.4,243
954,124,0.4,243
955,124,0.4,241
956,124,0.35,242
957,124,0.4,244
970,124,0.4,240
971,124,0.33,241
972,124,0.33,240
976,124,0.4,234
998,124,0.36,241
999,124,0.36,240
0,125,0.35,241
19,125,0.35,241
20,125,0.34,238
21,125,0.4,244
22,125,0.33,239
23,125,0.39,243
38,125,0.4,239
39,125,0.38,241
40,125,0.38,239
48,125,0.37,241
50,125,0.34,243
51,125,0.4,242
54,125,0.36,243
55,125,0.4,242
56,125,0.39,239
57,125,0.4,242
66,125,0.4,242
67,125,0.38,241
68,125,0.35,240
69,125,0.4,242
88,125,0.33,235
122,125,0.4,242
123,125,0.4,244
124,125,0.39,240
125,125,0.36,241
130,125,0.4,241
131,125,0.4,242
132,125,0.33,239
133,125,0.4,242
586,125,0.4,241
587,125,0.4,242
589,125,0.35,240
590,125,0.39,237
618,125,0.4,239
619,125,0.33,240
620,125,0.4,241
641,125,0.35,240
642,125,0.4,238
650,125,0.34,240
651,125,0.4,240
652,125,0.33,239
663,125,0.39,245
664,125,0.4,240
672,125,0.4,243
673,125,0.4,243
691,125,0.35,241
692,125,0.4,240
693,125,0.33,240
694,125,0.4,240
735,125,0.33,240
736,125,0.4,241
737,125,0.37,243
745,125,0.4,239
750,125,0.36,243
751,125,0.38,241
752,125,0.36,240
760,125,0.36,240
761,125,0.4,241
762,125,0.39,241
763,125,0.4,240
764,125,0.36,239
765,125,0.35,241
768,125,0.4,243
769,125,0.36,241
770,125,0.4,241
772,125,0.4,240
773,125,0.39,243
774,125,0.36,241
776,125,0.38,239
785,125,0.34,239
796,125,0.34,243
797,125,0.35,238
802,125,0.4,242
803,125,0.39,243
811,125,0.4,240
812,125,0.39,241
908,125,0.38,239
909,125,0.4,241
911,125,0.4,245
912,125,0.37,239
928,125,0.4,242
929,125,0.37,240
931,125,0.4,242
932,125,0.4,241
933,125,0.38,242
934,125,0.4,241
935,125,0.4,241
937,125,0.4,242
938,125,0.33,241
939,125,0.36,241
940,125,0.4,242
941,125,0.39,241
942,125,0.4,242
943,125,0.4,241
944,125,0.38,241
945,125,0.4,242
946,125,0.34,241
947,125,0.38,239
948,125,0.4,241
949,125,0.34,241
950,125,0.4,240
951,125,0.36,240
952,125,0.36,241
953,125,0.4,240
954,125,0.4,242
955,125,0.39,243
956,125,0.4,240
957,125,0.36,240
958,125,0.4,242
962,125,0.34,242
963,125,0.4,240
964,125,0.35,240
965,125,0.4,238
966,125,0.4,242
967,125,0.4,241
968,125,0.35,236
971,125,0.36,242
972,125,0.37,240
973,125,0.35,239
999,125,0.35,240
1010,125,0.39,242
0,126,0.37,240
10,126,0.36,242
11,126,0.38,241
12,126,0.32,238
13,126,0.36,237
20,126,0.34,242
21,126,0.4,242
22,126,0.36,241
42,126,0.37,242
43,126,0.4,242
51,126,0.33,241
52,126,0.34,244
56,126,0.4,241
57,126,0.39,244
68,126,0.4,241
69,126,0.36,241
71,126,0.36,242
89,126,0.37,243
90,126,0.39,242
91,126,0.4,242
125,126,0.4,244
126,126,0.39,239
127,126,0.4,240
128,126,0.33,242
134,126,0.37,240
135,126,0.39,244
583,126,0.4,243
584,126,0.4,242
585,126,0.37,241
586,126,0.35,240
587,126,0.34,240
588,126,0.4,240
618,126,0.37,240
619,126,0.36,243
620,126,0.4,241
629,126,0.35,241
630,126,0.4,240
632,126,0.4,244
638,126,0.33,240
639,126,0.4,242
640,126,0.4,240
641,126,0.4,241
650,126,0.4,242
651,126,0.35,241
652,126,0.37,243
662,126,0.39,240
663,126,0.4,243
672,126,0.4,240
674,126,0.4,240
692,126,0.35,243
694,126,0.39,242
696,126,0.4,243
697,126,0.38,243
698,126,0.4,243
745,126,0.35,241
746,126,0.37,241
747,126,0.39,241
761,126,0.38,239
764,126,0.37,242
765,126,0.38,242
766,126,0.38,243
767,126,0.38,241
768,126,0.34,242
769,126,0.38,239
770,126,0.38,238
771,126,0.36,239
772,126,0.36,242
785,126,0.4,242
788,126,0.4,244
789,126,0.34,242
801,126,0.39,243
802,126,0.4,243
810,126,0.33,240
811,126,0.39,240
812,126,0.4,241
905,126,0.36,242
906,126,0.39,241
908,126,0.36,241
909,126,0.4,239
910,126,0.4,245
920,126,0.4,239
921,126,0.4,243
924,126,0.34,240
926,126,0.4,241
927,126,0.37,239
929,126,0.4,241
930,126,0.4,242
931,126,0.39,241
932,126,0.4,241
933,126,0.35,242
934,126,0.37,241
935,126,0.39,241
936,126,0.33,241
937,126,0.35,241
938,126,0.35,241
939,126,0.39,241
940,126,0.33,243
941,126,0.4,242
942,126,0.4,241
943,126,0.39,236
944,126,0.35,242
945,126,0.35,241
946,126,0.34,240
947,126,0.4,239
948,126,0.39,243
949,126,0.4,239
950,126,0.4,245
951,126,0.39,242
952,126,0.36,242
954,126,0.4,238
959,126,0.37,241
960,126,0.35,242
961,126,0.4,240
962,126,0.4,240
963,126,0.4,242
964,126,0.4,243
965,126,0.33,241
966,126,0.37,241
967,126,0.4,243
969,126,0.38,242
970,126,0.4,243
999,126,0.39,241
1000,126,0.34,240
1001,126,0.36,242
1008,126,0.38,239
1010,126,0.4,240
0,127,0.4,241
2,127,0.36,242
3,127,0.36,241
12,127,0.33,240
13,127,0.38,242
14,127,0.4,243
23,127,0.4,242
24,127,0.4,240
25,127,0.33,238
39,127,0.4,244
40,127,0.35,241
41,127,0.38,240
42,127,0.36,241
43,127,0.37,240
44,127,0.33,240
45,127,0.35,242
49,127,0.35,242
52,127,0.4,240
53,127,0.37,239
57,127,0.39,241
58,127,0.4,242
59,127,0.33,242
60,127,0.39,240
61,127,0.38,241
62,127,0.34,242
69,127,0.4,243
70,127,0.34,239
133,127,0.36,239
134,127,0.4,246
135,127,0.34,242
136,127,0.38,243
582,127,0.37,241
583,127,0.4,242
584,127,0.4,241
585,127,0.36,241
586,127,0.35,241
587,127,0.38,241
611,127,0.4,240
612,127,0.4,245
613,127,0.4,244
614,127,0.4,242
615,127,0.36,241
617,127,0.32,237
618,127,0.33,240
619,127,0.35,242
629,127,0.33,240
638,127,0.35,239
639,127,0.4,242
640,127,0.4,242
648,127,0.4,243
649,127,0.33,242
651,127,0.4,244
662,127,0.39,239
663,127,0.34,241
675,127,0.34,239
692,127,0.4,243
694,127,0.37,240
698,127,0.35,242
699,127,0.34,240
737,127,0.4,237
746,127,0.35,240
747,127,0.36,241
748,127,0.4,240
750,127,0.38,240
751,127,0.4,241
752,127,0.4,241
753,127,0.4,242
765,127,0.36,243
769,127,0.37,242
770,127,0.4,239
771,127,0.36,238
772,127,0.38,240
785,127,0.34,240
786,127,0.4,244
794,127,0.33,240
800,127,0.4,244
801,127,0.34,242
802,127,0.38,242
803,127,0.4,241
810,127,0.4,241
904,127,0.39,242
905,127,0.4,241
906,127,0.34,240
914,127,0.33,242
915,127,0.34,243
916,127,0.35,241
917,127,0.33,240
918,127,0.36,240
919,127,0.38,241
920,127,0.37,241
921,127,0.34,240
922,127,0.34,242
923,127,0.33,241
924,127,0.35,242
925,127,0.4,241
926,127,0.33,242
927,127,0.4,241
928,127,0.36,240
929,127,0.37,241
930,127,0.4,241
931,127,0.4,242
932,127,0.4,247
933,127,0.4,242
934,127,0.37,241
935,127,0.4,242
936,127,0.37,243
937,127,0.39,241
938,127,0.33,240
939,127,0.4,240
947,127,0.4,240
948,127,0.37,240
951,127,0.4,237
952,127,0.4,241
953,127,0.34,241
955,127,0.35,245
956,127,0.38,240
957,127,0.34,240
958,127,0.34,237
959,127,0.4,241
998,127,0.37,242
999,127,0.36,244
1009,127,0.36,237
2,128,0.34,240
4,128,0.4,241
5,128,0.36,240
14,128,0.4,241
17,128,0.37,241
23,128,0.4,241
24,128,0.4,240
26,128,0.34,242
27,128,0.4,241
28,128,0.4,241
43,128,0.37,241
44,128,0.4,240
45,128,0.4,245
51,128,0.4,237
53,128,0.39,239
54,128,0.4,241
56,128,0.39,239
57,128,0.4,243
59,128,0.4,242
62,128,0.4,241
63,128,0.33,241
64,128,0.4,241
71,128,0.36,242
72,128,0.4,244
73,128,0.4,240
74,128,0.4,240
75,128,0.36,240
89,128,0.36,240
90,128,0.4,243
128,128,0.34,239
129,128,0.4,241
137,128,0.33,242
579,128,0.4,240
580,128,0.34,240
581,128,0.4,242
582,128,0.4,240
583,128,0.4,244
584,128,0.4,243
585,128,0.4,244
609,128,0.4,240
610,128,0.33,234
612,128,0.35,240
615,128,0.4,243
616,128,0.36,242
617,128,0.34,240
626,128,0.34,242
627,128,0.4,240
637,128,0.34,240
638,128,0.4,242
639,128,0.4,240
647,128,0.4,245
648,128,0.33,241
649,128,0.37,240
662,128,0.4,239
663,128,0.36,240
673,128,0.33,241
674,128,0.36,237
694,128,0.4,238
696,128,0.37,242
698,128,0.33,242
700,128,0.4,239
701,128,0.39,241
735,128,0.36,242
736,128,0.38,244
747,128,0.4,244
748,128,0.37,241
749,128,0.39,241
750,128,0.4,241
754,128,0.4,242
755,128,0.4,242
783,128,0.38,239
784,128,0.4,243
785,128,0.4,241
788,128,0.39,241
794,128,0.4,241
799,128,0.37,240
800,128,0.4,241
801,128,0.4,242
810,128,0.37,239
902,128,0.4,240
903,128,0.35,240
904,128,0.4,244
909,128,0.4,243
910,128,0.39,241
914,128,0.4,243
915,128,0.4,241
916,128,0.34,240
917,128,0.4,241
918,128,0.38,240
919,128,0.38,241
920,128,0.4,242
921,128,0.4,240
922,128,0.33,241
923,128,0.34,240
926,128,0.35,243
927,128,0.4,242
928,128,0.4,242
929,128,0.33,240
930,128,0.39,241
932,128,0.4,241
946,128,0.35,241
947,128,0.4,241
948,128,0.33,237
997,128,0.34,242
998,128,0.4,240
999,128,0.35,242
1009,128,0.36,239
4,129,0.4,240
6,129,0.38,242
7,129,0.34,241
15,129,0.33,241
16,129,0.4,240
17,129,0.39,241
20,129,0.4,243
28,129,0.38,242
29,129,0.4,241
44,129,0.37,240
45,129,0.4,241
46,129,0.39,242
47,129,0.36,242
48,129,0.38,240
53,129,0.4,238
54,129,0.35,240
55,129,0.38,241
56,129,0.39,241
57,129,0.4,238
64,129,0.39,239
65,129,0.36,241
66,129,0.39,243
71,129,0.34,243
72,129,0.33,241
74,129,0.4,238
75,129,0.37,242
91,129,0.37,242
92,129,0.4,239
93,129,0.4,241
94,129,0.4,242
131,129,0.37,240
132,129,0.4,241
133,129,0.39,241
137,129,0.38,244
138,129,0.37,243
139,129,0.4,241
140,129,0.4,242
578,129,0.36,240
579,129,0.4,241
580,129,0.4,240
581,129,0.38,240
582,129,0.36,240
583,129,0.4,239
610,129,0.4,240
611,129,0.34,241
613,129,0.39,243
616,129,0.4,241
627,129,0.35,243
628,129,0.4,240
636,129,0.4,242
637,129,0.4,241
638,129,0.4,242
639,129,0.4,241
649,129,0.33,240
662,129,0.38,240
663,129,0.4,239
676,129,0.39,240
700,129,0.38,242
704,129,0.37,239
705,129,0.4,240
736,129,0.37,241
737,129,0.4,241
751,129,0.35,242
752,129,0.38,240
753,129,0.4,242
785,129,0.36,239
786,129,0.36,241
787,129,0.39,239
792,129,0.36,241
794,129,0.39,238
799,129,0.34,241
812,129,0.38,241
899,129,0.4,241
900,129,0.35,241
901,129,0.34,240
902,129,0.39,242
903,129,0.4,243
907,129,0.34,241
908,129,0.38,243
909,129,0.36,242
910,129,0.34,243
911,129,0.4,242
912,129,0.33,241
913,129,0.4,241
914,129,0.34,240
915,129,0.4,241
916,129,0.4,241
917,129,0.4,241
918,129,0.39,241
919,129,0.37,241
920,129,0.4,241
921,129,0.34,241
923,129,0.4,241
924,129,0.4,245
925,129,0.36,240
926,129,0.4,239
928,129,0.38,240
949,129,0.38,241
950,129,0.39,241
952,129,0.33,239
1006,129,0.35,241
1007,129,0.35,243
5,130,0.4,241
6,130,0.4,242
7,130,0.4,241
9,130,0.35,240
10,130,0.34,241
17,130,0.33,239
18,130,0.34,241
20,130,0.4,247
21,130,0.34,240
22,130,0.4,240
30,130,0.4,242
46,130,0.4,240
47,130,0.37,242
48,130,0.4,242
59,130,0.38,242
60,130,0.4,240
61,130,0.33,239
65,130,0.37,242
66,130,0.39,239
67,130,0.38,237
68,130,0.4,241
69,130,0.36,242
75,130,0.4,241
76,130,0.38,241
94,130,0.38,240
95,130,0.36,242
96,130,0.4,242
130,130,0.4,243
134,130,0.38,241
135,130,0.4,240
137,130,0.4,242
140,130,0.36,241
141,130,0.4,240
142,130,0.39,241
575,130,0.39,243
576,130,0.36,241
577,130,0.33,241
578,130,0.4,242
579,130,0.36,241
580,130,0.36,241
607,130,0.37,242
608,130,0.36,239
609,130,0.34,241
627,130,0.4,241
637,130,0.33,244
648,130,0.38,240
662,130,0.35,241
676,130,0.37,238
702,130,0.4,241
703,130,0.37,242
704,130,0.38,240
708,130,0.4,240
709,130,0.4,244
712,130,0.4,239
740,130,0.35,240
752,130,0.38,239
753,130,0.4,242
754,130,0.4,242
755,130,0.39,240
756,130,0.35,240
757,130,0.4,240
760,130,0.4,246
781,130,0.36,241
786,130,0.4,238
787,130,0.33,239
788,130,0.33,240
798,130,0.4,236
799,130,0.4,240
800,130,0.4,239
811,130,0.35,241
812,130,0.4,242
902,130,0.35,242
903,130,0.36,242
904,130,0.35,241
905,130,0.4,243
906,130,0.35,241
907,130,0.4,241
908,130,0.38,239
910,130,0.4,240
911,130,0.4,242
912,130,0.38,241
913,130,0.37,240
914,130,0.35,242
915,130,0.4,241
916,130,0.37,240
917,130,0.4,241
919,130,0.36,242
920,130,0.39,241
921,130,0.37,240
922,130,0.4,240
949,130,0.4,241
950,130,0.4,240
951,130,0.37,242
995,130,0.34,240
996,130,0.38,242
997,130,0.34,243
998,130,0.4,243
6,131,0.35,241
7,131,0.36,242
18,131,0.4,243
20,131,0.4,242
21,131,0.35,240
22,131,0.34,243
23,131,0.4,239
24,131,0.39,242
30,131,0.4,241
31,131,0.4,241
32,131,0.4,243
33,131,0.38,242
34,131,0.37,240
35,131,0.34,241
58,131,0.39,238
61,131,0.38,240
62,131,0.39,240
63,131,0.35,242
65,131,0.39,240
66,131,0.36,240
68,131,0.37,241
69,131,0.36,242
71,131,0.34,242
72,131,0.39,239
74,131,0.38,241
75,131,0.37,241
77,131,0.38,238
78,131,0.4,241
95,131,0.34,238
96,131,0.33,243
98,131,0.38,242
135,131,0.33,240
136,131,0.4,241
137,131,0.4,239
138,131,0.38,240
139,131,0.33,243
140,131,0.36,242
141,131,0.34,241
142,131,0.38,242
143,131,0.4,242
144,131,0.36,241
145,131,0.34,243
146,131,0.37,238
573,131,0.4,234
576,131,0.4,242
577,131,0.4,242
578,131,0.4,243
606,131,0.4,246
608,131,0.4,241
609,131,0.4,243
614,131,0.4,243
615,131,0.35,242
616,131,0.4,242
617,131,0.4,241
636,131,0.36,243
637,131,0.37,243
646,131,0.4,241
647,131,0.35,241
648,131,0.33,242
660,131,0.4,246
661,131,0.39,240
677,131,0.4,238
706,131,0.39,242
708,131,0.36,240
709,131,0.4,241
710,131,0.4,234
713,131,0.36,242
714,131,0.33,240
715,131,0.4,240
716,131,0.38,240
717,131,0.39,240
718,131,0.36,241
719,131,0.4,240
740,131,0.4,243
741,131,0.4,241
742,131,0.4,239
756,131,0.37,240
757,131,0.4,240
758,131,0.37,240
759,131,0.35,241
763,131,0.4,240
780,131,0.38,240
781,131,0.4,240
782,131,0.4,241
783,131,0.4,241
784,131,0.37,242
785,131,0.4,243
789,131,0.35,239
790,131,0.4,241
791,131,0.4,242
794,131,0.4,245
795,131,0.4,238
811,131,0.4,238
812,131,0.4,239
895,131,0.4,242
897,131,0.33,238
898,131,0.4,240
899,131,0.39,242
900,131,0.35,240
901,131,0.35,241
902,131,0.39,243
903,131,0.4,241
904,131,0.4,240
905,131,0.4,237
907,131,0.34,241
908,131,0.4,241
909,131,0.35,242
910,131,0.4,241
911,131,0.35,242
912,131,0.4,243
913,131,0.4,243
914,131,0.33,241
915,131,0.4,241
916,131,0.4,243
917,131,0.39,243
952,131,0.4,240
954,131,0.35,238
994,131,0.39,241
996,131,0.4,241
997,131,0.4,242
998,131,0.36,242
1006,131,0.33,243
1007,131,0.34,237
10,132,0.37,240
11,132,0.35,242
12,132,0.4,242
14,132,0.38,236
24,132,0.36,243
25,132,0.33,242
34,132,0.39,243
35,132,0.4,243
37,132,0.39,241
51,132,0.39,239
62,132,0.39,241
63,132,0.34,243
65,132,0.33,241
66,132,0.36,241
73,132,0.4,242
74,132,0.4,241
75,132,0.4,242
78,132,0.4,240
79,132,0.4,240
81,132,0.34,239
95,132,0.39,239
96,132,0.4,242
98,132,0.35,241
99,132,0.39,241
100,132,0.4,245
138,132,0.37,242
139,132,0.4,242
140,132,0.37,242
143,132,0.35,235
144,132,0.38,240
571,132,0.36,240
572,132,0.34,242
573,132,0.38,241
574,132,0.4,242
575,132,0.33,240
576,132,0.33,240
604,132,0.4,241
605,132,0.4,243
606,132,0.36,241
608,132,0.37,242
614,132,0.38,241
615,132,0.37,240
625,132,0.36,242
626,132,0.34,239
636,132,0.4,241
637,132,0.4,240
645,132,0.4,242
659,132,0.4,239
661,132,0.4,240
677,132,0.34,240
678,132,0.33,240
679,132,0.36,245
680,132,0.4,237
681,132,0.4,241
710,132,0.4,237
711,132,0.34,240
712,132,0.4,240
716,132,0.36,238
717,132,0.4,240
720,132,0.4,243
721,132,0.4,242
722,132,0.4,241
723,132,0.37,243
729,132,0.37,239
742,132,0.33,241
743,132,0.4,240
744,132,0.4,242
745,132,0.4,243
758,132,0.37,242
759,132,0.4,242
760,132,0.38,240
766,132,0.34,241
768,132,0.4,243
769,132,0.4,241
770,132,0.4,239
772,132,0.4,243
773,132,0.4,243
776,132,0.34,241
777,132,0.38,242
778,132,0.4,243
779,132,0.4,241
780,132,0.4,240
781,132,0.35,243
782,132,0.39,240
784,132,0.4,242
786,132,0.37,240
787,132,0.4,242
788,132,0.35,244
790,132,0.33,241
793,132,0.35,238
794,132,0.36,241
795,132,0.33,242
796,132,0.38,240
797,132,0.39,241
809,132,0.4,242
810,132,0.35,242
811,132,0.38,240
894,132,0.38,242
895,132,0.37,241
896,132,0.4,241
897,132,0.4,240
898,132,0.33,240
899,132,0.38,240
900,132,0.4,240
901,132,0.34,240
902,132,0.4,240
903,132,0.4,242
904,132,0.34,241
905,132,0.4,239
906,132,0.36,241
907,132,0.36,240
908,132,0.33,242
909,132,0.35,242
910,132,0.4,242
911,132,0.4,241
912,132,0.4,242
913,132,0.4,243
915,132,0.38,241
952,132,0.37,241
953,132,0.36,240
955,132,0.4,243
956,132,0.4,240
993,132,0.4,240
994,132,0.33,237
1003,132,0.4,234
1004,132,0.35,241
1005,132,0.4,240
1006,132,0.34,241
11,133,0.39,240
12,133,0.35,238
24,133,0.35,242
25,133,0.34,239
39,133,0.4,243
40,133,0.4,242
64,133,0.38,240
65,133,0.4,240
66,133,0.35,242
73,133,0.34,242
74,133,0.36,240
75,133,0.37,240
76,133,0.34,243
78,133,0.35,242
79,133,0.33,241
80,133,0.4,239
81,133,0.35,241
82,133,0.34,241
83,133,0.35,239
99,133,0.4,243
140,133,0.4,241
141,133,0.34,241
147,133,0.39,242
149,133,0.4,239
150,133,0.37,238
151,133,0.39,242
563,133,0.4,241
569,133,0.33,242
570,133,0.36,241
571,133,0.4,239
572,133,0.36,241
574,133,0.4,242
606,133,0.39,241
607,133,0.4,242
614,133,0.38,241
615,133,0.4,242
624,133,0.35,243
625,133,0.4,240
626,133,0.34,243
644,133,0.4,242
659,133,0.34,240
679,133,0.4,240
682,133,0.34,244
683,133,0.35,241
686,133,0.4,242
687,133,0.4,238
688,133,0.34,240
718,133,0.4,241
719,133,0.33,238
720,133,0.34,239
721,133,0.37,238
723,133,0.4,240
724,133,0.34,241
725,133,0.4,242
726,133,0.37,241
729,133,0.33,240
732,133,0.4,242
742,133,0.34,241
743,133,0.35,241
744,133,0.33,241
745,133,0.4,242
746,133,0.4,238
749,133,0.39,239
750,133,0.4,243
753,133,0.34,237
765,133,0.4,242
766,133,0.39,240
767,133,0.4,242
768,133,0.37,242
769,133,0.4,243
770,133,0.37,242
771,133,0.36,238
772,133,0.4,240
773,133,0.34,239
774,133,0.4,242
775,133,0.35,241
776,133,0.4,242
777,133,0.36,241
778,133,0.4,241
779,133,0.37,241
780,133,0.35,241
781,133,0.35,242
783,133,0.34,242
784,133,0.39,242
785,133,0.33,239
789,133,0.36,239
792,133,0.37,243
793,133,0.4,241
808,133,0.4,241
810,133,0.4,239
889,133,0.36,240
890,133,0.4,240
891,133,0.4,241
892,133,0.4,243
893,133,0.4,242
894,133,0.34,241
895,133,0.34,240
896,133,0.38,241
897,133,0.39,241
898,133,0.38,241
899,133,0.4,242
900,133,0.36,243
901,133,0.38,241
902,133,0.4,240
903,133,0.4,242
904,133,0.35,243
905,133,0.36,243
906,133,0.4,241
907,133,0.4,240
954,133,0.4,243
955,133,0.38,241
959,133,0.34,242
985,133,0.33,241
988,133,0.34,243
989,133,0.39,241
992,133,0.38,240
993,133,0.4,239
994,133,0.39,238
1003,133,0.39,240
1004,133,0.37,240
12,134,0.37,237
13,134,0.38,242
19,134,0.34,242
21,134,0.4,241
36,134,0.39,242
37,134,0.4,238
39,134,0.4,239
40,134,0.36,241
41,134,0.4,241
64,134,0.33,242
67,134,0.33,245
69,134,0.36,240
70,134,0.4,240
71,134,0.36,243
72,134,0.4,243
73,134,0.4,239
74,134,0.39,240
75,134,0.39,240
76,134,0.35,243
77,134,0.4,239
78,134,0.35,242
79,134,0.33,239
81,134,0.39,241
82,134,0.4,241
83,134,0.4,242
84,134,0.39,242
86,134,0.39,242
100,134,0.39,242
101,134,0.4,239
103,134,0.4,242
104,134,0.33,241
140,134,0.4,241
141,134,0.36,242
142,134,0.35,243
143,134,0.35,245
147,134,0.4,241
149,134,0.38,241
150,134,0.38,241
151,134,0.37,241
153,134,0.4,242
154,134,0.4,242
155,134,0.4,240
156,134,0.35,241
157,134,0.34,240
562,134,0.34,238
563,134,0.35,241
565,134,0.38,240
567,134,0.35,244
570,134,0.33,237
571,134,0.39,240
605,134,0.37,242
606,134,0.35,242
614,134,0.35,242
624,134,0.4,241
625,134,0.4,241
626,134,0.39,241
636,134,0.34,244
644,134,0.4,238
645,134,0.37,242
660,134,0.37,241
682,134,0.4,242
683,134,0.34,241
684,134,0.4,242
685,134,0.4,241
686,134,0.33,242
687,134,0.4,241
688,134,0.4,241
697,134,0.4,243
706,134,0.4,242
719,134,0.39,243
720,134,0.32,236
723,134,0.4,241
726,134,0.4,243
727,134,0.4,239
728,134,0.39,241
729,134,0.38,242
730,134,0.33,241
731,134,0.35,241
732,134,0.4,241
733,134,0.38,240
737,134,0.4,241
738,134,0.4,239
739,134,0.4,242
740,134,0.37,240
743,134,0.35,242
745,134,0.37,242
746,134,0.34,241
747,134,0.4,239
748,134,0.4,239
750,134,0.4,242
751,134,0.34,239
752,134,0.4,240
753,134,0.39,242
754,134,0.39,240
767,134,0.4,241
768,134,0.38,240
770,134,0.35,243
774,134,0.4,243
775,134,0.38,238
777,134,0.4,241
778,134,0.4,240
779,134,0.34,241
780,134,0.4,241
782,134,0.37,242
783,134,0.33,239
789,134,0.32,237
790,134,0.39,240
791,134,0.4,240
792,134,0.37,240
805,134,0.35,242
807,134,0.33,240
808,134,0.38,241
810,134,0.4,239
887,134,0.38,244
888,134,0.4,243
889,134,0.4,239
890,134,0.38,242
891,134,0.4,241
892,134,0.34,242
893,134,0.35,240
894,134,0.36,240
895,134,0.37,241
896,134,0.4,242
897,134,0.35,241
898,134,0.4,240
899,134,0.4,240
900,134,0.34,240
901,134,0.33,241
902,134,0.4,240
903,134,0.4,242
907,134,0.4,242
956,134,0.35,240
957,134,0.34,242
958,134,0.4,242
959,134,0.37,242
963,134,0.4,241
966,134,0.39,242
967,134,0.37,243
982,134,0.4,240
985,134,0.38,242
987,134,0.34,238
988,134,0.4,242
989,134,0.34,241
990,134,0.4,240
991,134,0.34,241
992,134,0.37,239
994,134,0.39,242
1003,134,0.33,241
1004,134,0.4,241
17,135,0.4,239
19,135,0.4,241
20,135,0.36,238
21,135,0.4,241
22,135,0.4,241
41,135,0.39,240
42,135,0.4,241
43,135,0.4,239
44,135,0.4,238
45,135,0.33,240
67,135,0.4,243
69,135,0.4,239
70,135,0.4,241
71,135,0.4,239
72,135,0.35,240
73,135,0.37,241
79,135,0.36,243
81,135,0.39,238
82,135,0.37,242
83,135,0.37,241
84,135,0.38,242
86,135,0.4,242
87,135,0.4,242
88,135,0.38,241
89,135,0.35,238
100,135,0.4,243
101,135,0.39,238
104,135,0.4,241
105,135,0.37,243
142,135,0.4,241
145,135,0.4,242
149,135,0.38,242
150,135,0.39,237
152,135,0.36,242
154,135,0.38,239
155,135,0.35,243
156,135,0.4,240
157,135,0.39,241
161,135,0.38,243
560,135,0.4,238
561,135,0.4,243
562,135,0.37,240
563,135,0.4,239
564,135,0.38,237
566,135,0.36,241
567,135,0.4,242
605,135,0.38,241
606,135,0.38,239
625,135,0.4,239
626,135,0.39,241
635,135,0.35,243
636,135,0.4,242
643,135,0.35,238
644,135,0.35,242
645,135,0.39,240
658,135,0.4,240
660,135,0.36,241
689,135,0.39,239
690,135,0.33,240
691,135,0.38,242
692,135,0.4,240
693,135,0.34,240
696,135,0.36,241
697,135,0.4,242
699,135,0.4,239
700,135,0.37,239
701,135,0.4,241
702,135,0.4,242
703,135,0.4,243
706,135,0.37,240
711,135,0.36,242
713,135,0.4,240
714,135,0.35,240
717,135,0.36,242
718,135,0.35,239
719,135,0.34,242
720,135,0.4,242
721,135,0.34,242
722,135,0.33,243
723,135,0.4,244
724,135,0.4,243
727,135,0.4,241
728,135,0.37,240
729,135,0.4,240
730,135,0.37,242
733,135,0.33,240
734,135,0.36,240
735,135,0.4,240
736,135,0.38,241
737,135,0.4,242
738,135,0.4,243
739,135,0.4,242
740,135,0.39,241
741,135,0.38,240
743,135,0.36,241
744,135,0.34,243
746,135,0.38,242
747,135,0.34,240
748,135,0.33,241
749,135,0.4,242
750,135,0.34,240
751,135,0.4,242
752,135,0.33,240
753,135,0.37,240
754,135,0.34,241
755,135,0.38,242
756,135,0.36,241
757,135,0.4,242
758,135,0.35,240
760,135,0.34,242
761,135,0.4,243
762,135,0.4,242
763,135,0.39,240
764,135,0.38,240
767,135,0.38,243
768,135,0.37,242
771,135,0.33,241
773,135,0.35,241
774,135,0.4,243
775,135,0.37,240
776,135,0.4,240
777,135,0.37,241
779,135,0.39,242
780,135,0.4,242
781,135,0.4,242
782,135,0.35,242
783,135,0.35,240
784,135,0.39,239
785,135,0.38,243
791,135,0.36,242
792,135,0.35,241
805,135,0.34,241
806,135,0.38,242
807,135,0.33,241
808,135,0.4,241
884,135,0.4,243
885,135,0.39,244
886,135,0.4,243
887,135,0.36,240
888,135,0.4,241
889,135,0.38,241
890,135,0.4,244
891,135,0.4,242
892,135,0.33,241
893,135,0.38,241
894,135,0.35,240
895,135,0.4,242
896,135,0.4,242
897,135,0.37,242
898,135,0.4,241
899,135,0.4,241
900,135,0.4,241
901,135,0.4,242
902,135,0.4,241
957,135,0.33,240
958,135,0.4,241
959,135,0.34,245
961,135,0.4,242
962,135,0.4,241
963,135,0.33,241
964,135,0.4,242
966,135,0.37,241
967,135,0.4,243
969,135,0.4,242
970,135,0.36,242
972,135,0.4,240
973,135,0.34,239
975,135,0.4,244
976,135,0.37,242
979,135,0.4,241
980,135,0.38,242
981,135,0.4,241
982,135,0.37,241
983,135,0.4,243
984,135,0.33,240
985,135,0.35,242
987,135,0.4,244
989,135,0.4,241
990,135,0.35,241
991,135,0.33,244
999,135,0.39,239
1001,135,0.38,241
19,136,0.4,243
22,136,0.34,240
23,136,0.38,240
41,136,0.4,241
42,136,0.4,240
43,136,0.34,243
44,136,0.38,241
45,136,0.33,238
72,136,0.4,241
73,136,0.4,243
78,136,0.4,240
79,136,0.34,242
82,136,0.4,239
83,136,0.36,239
84,136,0.35,241
85,136,0.4,241
88,136,0.35,242
89,136,0.4,242
90,136,0.36,242
105,136,0.38,242
106,136,0.36,242
107,136,0.33,238
109,136,0.4,241
110,136,0.35,242
111,136,0.4,242
145,136,0.39,243
148,136,0.38,241
149,136,0.4,241
150,136,0.4,241
151,136,0.4,241
152,136,0.34,241
153,136,0.4,239
154,136,0.4,241
155,136,0.34,241
156,136,0.38,238
157,136,0.4,242
158,136,0.4,241
159,136,0.36,241
160,136,0.4,242
161,136,0.33,241
162,136,0.39,239
163,136,0.39,245
164,136,0.4,242
557,136,0.4,240
559,136,0.4,244
560,136,0.39,240
561,136,0.4,241
562,136,0.34,242
603,136,0.35,244
604,136,0.36,242
605,136,0.38,241
614,136,0.39,244
626,136,0.37,241
635,136,0.38,241
636,136,0.35,243
637,136,0.38,239
643,136,0.4,239
644,136,0.4,241
645,136,0.4,240
658,136,0.37,241
659,136,0.4,241
689,136,0.4,242
690,136,0.4,239
691,136,0.4,243
692,136,0.4,240
693,136,0.34,241
694,136,0.33,241
696,136,0.4,240
697,136,0.4,245
700,136,0.34,239
701,136,0.35,237
702,136,0.38,239
703,136,0.4,240
704,136,0.37,240
705,136,0.4,242
706,136,0.37,241
707,136,0.39,242
708,136,0.35,243
709,136,0.35,241
710,136,0.35,239
711,136,0.4,240
712,136,0.4,238
713,136,0.4,240
714,136,0.4,243
715,136,0.4,241
716,136,0.4,241
717,136,0.4,241
718,136,0.34,242
719,136,0.4,241
720,136,0.36,241
721,136,0.36,241
722,136,0.36,241
723,136,0.34,242
724,136,0.38,240
725,136,0.4,241
727,136,0.39,243
728,136,0.39,240
729,136,0.37,241
730,136,0.38,241
731,136,0.39,241
732,136,0.4,242
733,136,0.4,242
734,136,0.38,243
735,136,0.33,240
736,136,0.4,241
737,136,0.35,241
738,136,0.4,243
739,136,0.4,241
740,136,0.38,241
741,136,0.36,240
743,136,0.4,241
744,136,0.35,242
745,136,0.38,242
746,136,0.4,241
747,136,0.4,241
748,136,0.4,240
749,136,0.4,241
750,136,0.4,242
751,136,0.36,242
752,136,0.37,241
753,136,0.35,242
754,136,0.39,239
755,136,0.35,241
756,136,0.33,239
757,136,0.33,240
758,136,0.4,242
759,136,0.37,239
760,136,0.4,240
761,136,0.37,238
763,136,0.4,241
764,136,0.34,240
765,136,0.38,240
766,136,0.4,242
767,136,0.38,240
768,136,0.4,240
769,136,0.38,241
771,136,0.38,240
772,136,0.35,243
774,136,0.36,242
776,136,0.34,241
777,136,0.37,242
778,136,0.35,243
779,136,0.34,243
780,136,0.36,240
781,136,0.37,242
782,136,0.37,241
784,136,0.36,241
785,136,0.39,243
800,136,0.35,240
801,136,0.4,242
802,136,0.35,243
806,136,0.4,243
807,136,0.4,242
883,136,0.4,240
884,136,0.4,240
885,136,0.4,242
886,136,0.4,242
887,136,0.37,241
888,136,0.36,240
889,136,0.37,240
890,136,0.36,243
891,136,0.4,241
892,136,0.4,241
893,136,0.38,243
894,136,0.4,240
895,136,0.4,239
959,136,0.35,245
961,136,0.33,239
962,136,0.36,242
963,136,0.4,242
964,136,0.35,240
965,136,0.37,240
966,136,0.37,242
967,136,0.33,241
968,136,0.4,241
969,136,0.4,241
970,136,0.4,242
972,136,0.33,242
973,136,0.38,243
974,136,0.37,241
975,136,0.4,242
976,136,0.37,242
977,136,0.4,242
978,136,0.34,242
979,136,0.37,239
980,136,0.35,241
981,136,0.39,243
984,136,0.35,240
985,136,0.34,243
987,136,0.35,243
996,136,0.4,241
997,136,0.4,238
998,136,0.34,240
999,136,0.34,239
25,137,0.36,241
26,137,0.4,241
27,137,0.37,242
28,137,0.37,242
44,137,0.4,238
45,137,0.37,242
46,137,0.35,242
47,137,0.4,243
48,137,0.34,241
49,137,0.33,243
76,137,0.4,241
78,137,0.37,242
79,137,0.35,242
80,137,0.33,238
83,137,0.4,241
84,137,0.33,237
85,137,0.34,240
89,137,0.4,241
90,137,0.38,241
91,137,0.34,238
92,137,0.36,244
93,137,0.39,241
94,137,0.38,240
105,137,0.4,245
106,137,0.38,242
107,137,0.4,241
108,137,0.38,241
109,137,0.36,241
110,137,0.34,241
111,137,0.33,243
112,137,0.4,242
113,137,0.34,239
148,137,0.4,242
151,137,0.33,243
152,137,0.4,242
153,137,0.4,241
154,137,0.4,242
155,137,0.4,241
156,137,0.38,241
157,137,0.38,242
158,137,0.39,241
159,137,0.35,241
160,137,0.36,240
161,137,0.33,243
162,137,0.4,241
163,137,0.34,243
164,137,0.4,242
165,137,0.4,240
166,137,0.33,239
167,137,0.36,239
168,137,0.33,240
169,137,0.34,236
171,137,0.4,243
172,137,0.4,242
557,137,0.37,237
558,137,0.4,241
559,137,0.33,241
560,137,0.4,242
603,137,0.4,241
604,137,0.4,243
614,137,0.36,241
625,137,0.4,241
626,137,0.4,243
636,137,0.4,242
637,137,0.38,244
642,137,0.35,238
644,137,0.4,243
645,137,0.35,241
658,137,0.36,242
660,137,0.36,240
692,137,0.38,242
698,137,0.34,239
699,137,0.4,241
702,137,0.35,241
703,137,0.4,242
704,137,0.33,243
705,137,0.37,242
706,137,0.4,240
707,137,0.4,241
708,137,0.4,242
709,137,0.34,242
710,137,0.33,241
711,137,0.37,239
712,137,0.4,239
715,137,0.4,237
716,137,0.4,243
717,137,0.34,240
718,137,0.34,242
719,137,0.39,242
720,137,0.34,240
721,137,0.38,241
722,137,0.37,243
723,137,0.4,240
724,137,0.33,240
725,137,0.35,241
726,137,0.35,241
727,137,0.34,241
728,137,0.4,241
729,137,0.4,242
730,137,0.4,242
731,137,0.39,242
732,137,0.4,243
733,137,0.4,242
734,137,0.34,241
735,137,0.4,243
736,137,0.4,241
737,137,0.4,241
738,137,0.4,241
739,137,0.35,241
740,137,0.33,241
741,137,0.36,241
742,137,0.36,241
743,137,0.36,242
744,137,0.33,241
745,137,0.37,240
746,137,0.4,240
747,137,0.33,240
748,137,0.39,240
749,137,0.36,241
750,137,0.4,242
751,137,0.38,240
752,137,0.39,241
753,137,0.37,242
754,137,0.4,242
755,137,0.4,238
756,137,0.36,240
757,137,0.4,243
758,137,0.4,242
759,137,0.4,240
760,137,0.4,241
761,137,0.4,242
762,137,0.39,240
763,137,0.4,241
764,137,0.36,240
765,137,0.4,240
766,137,0.37,241
767,137,0.35,241
768,137,0.34,241
769,137,0.37,241
770,137,0.34,243
771,137,0.33,240
772,137,0.4,242
773,137,0.33,241
774,137,0.39,241
775,137,0.38,244
776,137,0.4,239
777,137,0.39,241
778,137,0.4,241
779,137,0.35,245
780,137,0.38,241
781,137,0.4,241
782,137,0.38,241
783,137,0.34,242
784,137,0.4,240
785,137,0.35,241
788,137,0.4,241
789,137,0.39,241
790,137,0.4,240
791,137,0.34,239
795,137,0.4,244
796,137,0.4,240
799,137,0.34,240
800,137,0.33,241
801,137,0.4,241
802,137,0.4,243
804,137,0.4,240
805,137,0.33,240
880,137,0.4,243
881,137,0.34,241
882,137,0.4,241
883,137,0.4,241
884,137,0.4,241
885,137,0.4,241
886,137,0.36,240
887,137,0.4,241
888,137,0.34,242
889,137,0.38,241
890,137,0.4,242
891,137,0.4,239
963,137,0.38,239
964,137,0.4,241
965,137,0.36,243
966,137,0.36,242
967,137,0.36,240
968,137,0.4,241
969,137,0.4,241
970,137,0.34,240
971,137,0.38,240
973,137,0.33,242
974,137,0.38,237
975,137,0.4,242
976,137,0.34,243
977,137,0.35,239
978,137,0.38,240
992,137,0.4,241
994,137,0.38,241
995,137,0.36,242
998,137,0.37,241
26,138,0.39,240
27,138,0.36,243
29,138,0.4,244
30,138,0.4,240
31,138,0.33,239
33,138,0.4,242
46,138,0.36,241
48,138,0.4,245
49,138,0.4,240
52,138,0.4,239
76,138,0.34,242
80,138,0.4,240
82,138,0.36,241
83,138,0.39,240
85,138,0.35,248
86,138,0.39,240
90,138,0.33,241
91,138,0.37,242
92,138,0.4,240
93,138,0.34,242
94,138,0.37,238
95,138,0.4,241
96,138,0.39,243
107,138,0.35,244
108,138,0.4,243
112,138,0.4,242
113,138,0.4,241
115,138,0.4,242
116,138,0.4,240
117,138,0.4,244
118,138,0.37,241
155,138,0.4,239
156,138,0.33,242
157,138,0.34,241
158,138,0.4,239
159,138,0.4,243
160,138,0.34,241
161,138,0.34,241
163,138,0.4,240
164,138,0.39,240
165,138,0.4,241
166,138,0.4,243
167,138,0.4,240
168,138,0.37,241
169,138,0.4,240
170,138,0.33,239
171,138,0.4,242
172,138,0.4,240
175,138,0.36,241
176,138,0.33,242
179,138,0.4,240
183,138,0.4,241
184,138,0.35,243
550,138,0.35,238
551,138,0.4,242
558,138,0.37,242
625,138,0.4,239
636,138,0.4,241
637,138,0.4,241
638,138,0.4,241
642,138,0.4,241
659,138,0.4,242
660,138,0.4,241
692,138,0.35,241
693,138,0.4,241
694,138,0.4,243
696,138,0.4,240
699,138,0.37,240
700,138,0.4,245
701,138,0.37,241
702,138,0.4,242
704,138,0.4,237
710,138,0.36,240
711,138,0.38,242
717,138,0.34,240
718,138,0.34,242
719,138,0.34,240
720,138,0.33,241
721,138,0.39,242
722,138,0.4,241
726,138,0.4,241
727,138,0.37,240
728,138,0.4,241
729,138,0.4,240
730,138,0.37,242
732,138,0.33,240
733,138,0.34,240
734,138,0.38,243
735,138,0.34,242
736,138,0.33,240
737,138,0.4,240
738,138,0.39,242
739,138,0.35,239
740,138,0.36,241
741,138,0.4,242
742,138,0.34,240
743,138,0.4,239
744,138,0.4,241
745,138,0.37,243
746,138,0.36,241
747,138,0.36,241
748,138,0.4,241
749,138,0.4,243
751,138,0.39,243
752,138,0.4,241
753,138,0.4,241
754,138,0.4,240
755,138,0.35,241
756,138,0.37,240
757,138,0.33,241
758,138,0.34,239
759,138,0.38,239
760,138,0.4,241
761,138,0.36,242
762,138,0.34,241
763,138,0.4,241
764,138,0.38,241
765,138,0.39,242
766,138,0.38,241
767,138,0.33,243
768,138,0.35,241
769,138,0.33,240
770,138,0.39,240
771,138,0.4,242
772,138,0.4,241
773,138,0.4,241
774,138,0.35,241
775,138,0.38,241
776,138,0.4,241
777,138,0.35,241
778,138,0.33,241
779,138,0.4,242
780,138,0.37,240
781,138,0.37,241
782,138,0.4,241
783,138,0.4,242
784,138,0.36,241
785,138,0.38,240
786,138,0.39,242
787,138,0.4,241
788,138,0.4,240
789,138,0.4,241
790,138,0.33,241
791,138,0.4,241
792,138,0.37,242
793,138,0.4,241
794,138,0.35,241
795,138,0.4,242
796,138,0.33,241
797,138,0.38,241
798,138,0.37,240
799,138,0.34,241
800,138,0.4,242
801,138,0.38,242
803,138,0.4,241
804,138,0.4,241
805,138,0.4,242
806,138,0.39,239
813,138,0.4,244
814,138,0.37,242
873,138,0.34,243
874,138,0.4,241
876,138,0.4,239
877,138,0.33,241
878,138,0.4,239
879,138,0.34,241
880,138,0.4,243
881,138,0.35,242
882,138,0.4,241
883,138,0.36,240
884,138,0.4,241
885,138,0.39,240
886,138,0.37,240
887,138,0.38,242
969,138,0.33,243
970,138,0.4,241
971,138,0.4,239
972,138,0.38,241
974,138,0.37,240
975,138,0.37,242
978,138,0.4,242
979,138,0.38,240
980,138,0.4,241
987,138,0.4,245
988,138,0.4,242
990,138,0.38,241
991,138,0.37,238
992,138,0.4,243
993,138,0.4,242
994,138,0.4,241
30,139,0.4,239
33,139,0.34,241
34,139,0.34,240
35,139,0.38,242
36,139,0.38,240
37,139,0.37,239
49,139,0.37,244
50,139,0.4,240
51,139,0.4,243
52,139,0.39,238
82,139,0.36,243
87,139,0.4,242
88,139,0.4,242
89,139,0.33,241
90,139,0.4,238
91,139,0.36,242
92,139,0.39,243
94,139,0.36,240
95,139,0.33,242
96,139,0.35,240
97,139,0.39,240
100,139,0.4,239
114,139,0.38,242
115,139,0.4,242
118,139,0.4,238
120,139,0.33,242
121,139,0.4,241
122,139,0.4,239
123,139,0.4,240
163,139,0.38,238
165,139,0.37,240
166,139,0.4,242
167,139,0.4,239
168,139,0.4,239
169,139,0.35,241
170,139,0.39,239
171,139,0.4,242
172,139,0.4,240
173,139,0.35,241
174,139,0.36,241
175,139,0.4,240
176,139,0.33,241
177,139,0.4,240
178,139,0.38,240
179,139,0.4,240
180,139,0.4,240
182,139,0.4,243
183,139,0.4,239
184,139,0.4,240
187,139,0.38,242
190,139,0.39,241
191,139,0.33,239
198,139,0.36,240
199,139,0.37,239
201,139,0.38,242
202,139,0.39,239
205,139,0.4,241
206,139,0.39,241
209,139,0.4,243
210,139,0.39,243
548,139,0.4,241
549,139,0.36,240
550,139,0.4,239
614,139,0.35,242
615,139,0.36,241
624,139,0.35,240
637,139,0.35,239
642,139,0.38,241
643,139,0.38,243
659,139,0.4,244
686,139,0.34,241
687,139,0.4,244
688,139,0.33,242
692,139,0.35,241
693,139,0.37,239
694,139,0.34,244
696,139,0.39,239
697,139,0.35,242
701,139,0.4,241
702,139,0.33,241
710,139,0.4,241
711,139,0.36,239
715,139,0.4,240
716,139,0.37,241
717,139,0.4,242
718,139,0.33,242
719,139,0.38,241
720,139,0.4,239
721,139,0.39,241
722,139,0.35,242
723,139,0.37,242
724,139,0.34,241
725,139,0.37,240
726,139,0.4,240
728,139,0.35,242
729,139,0.38,241
731,139,0.34,242
732,139,0.39,242
733,139,0.4,240
734,139,0.38,241
735,139,0.35,238
738,139,0.37,240
739,139,0.38,239
740,139,0.35,241
742,139,0.4,243
744,139,0.39,240
745,139,0.4,243
746,139,0.35,240
747,139,0.4,240
748,139,0.36,242
752,139,0.39,241
753,139,0.39,242
754,139,0.37,242
755,139,0.36,242
756,139,0.34,240
757,139,0.4,242
758,139,0.32,239
763,139,0.4,240
764,139,0.35,242
765,139,0.4,243
766,139,0.34,241
767,139,0.38,244
768,139,0.4,243
769,139,0.4,240
770,139,0.34,241
771,139,0.38,241
772,139,0.34,241
773,139,0.39,246
774,139,0.38,241
775,139,0.33,239
776,139,0.4,244
777,139,0.39,240
778,139,0.36,242
779,139,0.4,241
780,139,0.36,240
781,139,0.4,240
782,139,0.4,243
783,139,0.38,241
784,139,0.39,241
785,139,0.4,241
786,139,0.38,241
787,139,0.4,240
788,139,0.33,241
789,139,0.38,243
790,139,0.4,240
791,139,0.4,241
792,139,0.4,240
793,139,0.4,242
794,139,0.37,241
795,139,0.36,241
796,139,0.35,241
797,139,0.37,241
798,139,0.4,241
799,139,0.4,241
800,139,0.38,240
801,139,0.38,241
802,139,0.35,242
803,139,0.4,240
804,139,0.34,241
805,139,0.38,241
806,139,0.33,242
807,139,0.4,239
808,139,0.36,240
809,139,0.38,241
811,139,0.4,241
812,139,0.35,242
813,139,0.38,242
814,139,0.4,241
815,139,0.4,242
817,139,0.4,239
818,139,0.4,241
819,139,0.4,241
820,139,0.4,241
821,139,0.32,235
822,139,0.4,241
823,139,0.36,241
826,139,0.4,243
827,139,0.4,241
828,139,0.34,241
829,139,0.4,240
830,139,0.35,239
831,139,0.38,241
832,139,0.37,242
854,139,0.37,240
857,139,0.36,242
858,139,0.34,243
859,139,0.33,242
869,139,0.4,241
870,139,0.39,241
871,139,0.4,242
872,139,0.4,240
873,139,0.36,241
874,139,0.38,242
875,139,0.35,241
876,139,0.37,241
877,139,0.4,239
878,139,0.34,240
879,139,0.4,241
880,139,0.36,240
881,139,0.39,242
882,139,0.39,241
883,139,0.37,241
884,139,0.4,241
885,139,0.4,242
971,139,0.4,240
972,139,0.4,243
973,139,0.4,241
974,139,0.34,240
975,139,0.36,240
976,139,0.34,240
977,139,0.4,242
978,139,0.39,242
979,139,0.4,241
980,139,0.4,240
981,139,0.35,241
982,139,0.4,244
984,139,0.37,242
985,139,0.4,239
986,139,0.39,239
987,139,0.33,241
989,139,0.35,243
990,139,0.4,241
993,139,0.33,242
34,140,0.36,241
35,140,0.37,237
36,140,0.4,243
37,140,0.33,241
38,140,0.4,242
53,140,0.4,240
54,140,0.4,240
55,140,0.4,242
57,140,0.34,241
88,140,0.34,243
89,140,0.34,243
90,140,0.36,240
91,140,0.36,241
93,140,0.38,240
94,140,0.35,242
95,140,0.36,239
97,140,0.4,241
98,140,0.38,240
99,140,0.33,244
100,140,0.35,240
101,140,0.37,242
102,140,0.38,242
104,140,0.33,239
114,140,0.4,240
117,140,0.4,242
119,140,0.4,239
120,140,0.4,242
121,140,0.35,241
122,140,0.39,240
123,140,0.33,242
165,140,0.35,242
170,140,0.4,243
171,140,0.4,242
173,140,0.39,238
174,140,0.4,242
176,140,0.37,239
177,140,0.4,241
178,140,0.4,243
179,140,0.39,239
180,140,0.39,239
181,140,0.34,240
182,140,0.35,241
183,140,0.33,240
184,140,0.36,246
189,140,0.35,246
193,140,0.34,239
194,140,0.4,243
195,140,0.33,241
196,140,0.4,240
197,140,0.36,240
198,140,0.4,241
199,140,0.4,241
200,140,0.39,240
204,140,0.4,240
208,140,0.33,241
209,140,0.38,241
210,140,0.4,243
216,140,0.33,241
217,140,0.4,236
218,140,0.34,243
219,140,0.36,240
220,140,0.4,240
221,140,0.4,241
222,140,0.37,242
223,140,0.39,240
224,140,0.4,239
225,140,0.4,241
226,140,0.33,240
545,140,0.4,241
547,140,0.39,238
548,140,0.36,238
603,140,0.36,243
604,140,0.35,243
614,140,0.4,239
615,140,0.4,242
624,140,0.35,241
636,140,0.4,243
642,140,0.35,243
659,140,0.4,243
660,140,0.4,239
684,140,0.4,240
685,140,0.36,241
686,140,0.4,242
687,140,0.4,240
688,140,0.4,241
690,140,0.4,240
691,140,0.4,238
692,140,0.37,241
702,140,0.4,239
705,140,0.4,242
706,140,0.38,239
707,140,0.37,241
710,140,0.39,240
711,140,0.37,241
712,140,0.4,241
716,140,0.39,241
718,140,0.4,238
719,140,0.36,241
720,140,0.33,241
722,140,0.38,240
723,140,0.35,243
724,140,0.4,242
725,140,0.33,238
726,140,0.39,241
770,140,0.34,238
779,140,0.4,240
780,140,0.4,242
782,140,0.34,241
783,140,0.33,241
786,140,0.38,241
788,140,0.36,242
789,140,0.39,241
791,140,0.36,244
792,140,0.39,240
794,140,0.4,241
795,140,0.4,240
796,140,0.4,242
797,140,0.34,241
798,140,0.4,241
799,140,0.4,241
800,140,0.38,240
801,140,0.4,239
802,140,0.34,240
803,140,0.4,241
804,140,0.39,240
805,140,0.33,241
806,140,0.4,240
807,140,0.4,241
808,140,0.36,241
809,140,0.4,242
810,140,0.34,241
811,140,0.4,240
812,140,0.35,240
813,140,0.36,240
814,140,0.33,239
815,140,0.37,240
816,140,0.33,241
817,140,0.4,241
818,140,0.35,241
819,140,0.33,241
820,140,0.37,240
821,140,0.4,240
822,140,0.4,240
823,140,0.36,241
824,140,0.39,241
825,140,0.4,240
826,140,0.39,241
827,140,0.35,242
828,140,0.33,241
829,140,0.38,239
830,140,0.34,241
831,140,0.36,241
832,140,0.35,241
833,140,0.39,240
834,140,0.4,240
835,140,0.38,240
836,140,0.37,242
837,140,0.34,241
838,140,0.4,241
839,140,0.4,241
840,140,0.36,242
841,140,0.4,242
842,140,0.39,244
843,140,0.36,243
844,140,0.36,241
849,140,0.33,240
850,140,0.33,241
851,140,0.38,241
852,140,0.4,242
854,140,0.4,242
855,140,0.37,238
856,140,0.4,241
857,140,0.38,241
858,140,0.4,242
859,140,0.4,241
860,140,0.39,243
861,140,0.4,242
862,140,0.37,241
863,140,0.4,241
864,140,0.36,240
865,140,0.36,244
867,140,0.4,242
868,140,0.4,241
869,140,0.36,241
870,140,0.37,240
871,140,0.34,240
872,140,0.36,241
873,140,0.35,240
874,140,0.37,240
875,140,0.4,243
876,140,0.33,241
877,140,0.35,241
878,140,0.39,244
879,140,0.34,241
880,140,0.38,241
881,140,0.4,241
882,140,0.4,242
889,140,0.36,242
973,140,0.4,241
974,140,0.4,241
976,140,0.37,240
977,140,0.4,241
978,140,0.4,241
979,140,0.34,241
980,140,0.36,243
981,140,0.4,240
982,140,0.39,240
983,140,0.34,241
984,140,0.4,243
985,140,0.4,242
986,140,0.33,241
987,140,0.4,241
36,141,0.4,239
37,141,0.4,242
38,141,0.39,242
39,141,0.34,240
40,141,0.39,239
41,141,0.4,243
42,141,0.38,242
43,141,0.4,243
54,141,0.4,243
55,141,0.4,242
56,141,0.39,243
57,141,0.4,242
58,141,0.34,239
95,141,0.4,242
96,141,0.4,243
98,141,0.4,243
102,141,0.39,244
103,141,0.34,234
106,141,0.34,243
107,141,0.39,242
120,141,0.38,242
121,141,0.39,240
122,141,0.4,241
123,141,0.36,241
124,141,0.33,244
125,141,0.37,244
126,141,0.36,239
182,141,0.34,242
186,141,0.35,237
197,141,0.33,239
198,141,0.39,242
199,141,0.4,240
200,141,0.36,241
201,141,0.37,242
202,141,0.4,242
203,141,0.37,244
204,141,0.36,241
205,141,0.35,241
206,141,0.36,240
207,141,0.4,241
208,141,0.4,243
209,141,0.39,243
210,141,0.4,243
211,141,0.36,242
212,141,0.35,241
213,141,0.4,240
214,141,0.4,241
215,141,0.4,240
220,141,0.4,242
221,141,0.4,241
222,141,0.4,241
223,141,0.4,238
228,141,0.34,242
537,141,0.36,242
543,141,0.38,243
544,141,0.35,242
604,141,0.39,240
605,141,0.37,240
615,141,0.34,240
616,141,0.38,240
617,141,0.34,241
624,141,0.4,241
625,141,0.4,239
636,141,0.4,242
637,141,0.35,243
642,141,0.4,243
681,141,0.35,239
683,141,0.39,242
684,141,0.4,241
687,141,0.39,242
688,141,0.4,241
689,141,0.39,242
700,141,0.34,241
701,141,0.35,243
704,141,0.4,243
705,141,0.4,241
706,141,0.4,241
708,141,0.36,241
709,141,0.4,243
711,141,0.4,240
712,141,0.37,242
713,141,0.4,239
714,141,0.33,242
805,141,0.34,241
806,141,0.35,243
807,141,0.4,242
808,141,0.4,243
809,141,0.35,243
810,141,0.33,241
811,141,0.39,241
812,141,0.35,241
813,141,0.4,243
814,141,0.4,241
815,141,0.34,241
816,141,0.34,242
817,141,0.4,242
818,141,0.34,240
819,141,0.4,242
820,141,0.38,241
821,141,0.34,242
822,141,0.39,241
823,141,0.36,241
824,141,0.36,241
825,141,0.4,241
826,141,0.35,243
827,141,0.4,240
828,141,0.34,241
829,141,0.36,242
830,141,0.39,241
831,141,0.35,241
832,141,0.36,241
833,141,0.36,241
834,141,0.34,240
835,141,0.35,241
836,141,0.33,241
837,141,0.35,240
838,141,0.38,243
839,141,0.39,243
840,141,0.4,241
841,141,0.35,240
842,141,0.34,242
843,141,0.39,241
844,141,0.4,241
845,141,0.34,240
846,141,0.35,240
847,141,0.4,241
848,141,0.34,241
849,141,0.4,240
850,141,0.39,240
851,141,0.4,241
852,141,0.4,240
853,141,0.4,240
854,141,0.34,242
855,141,0.36,241
856,141,0.4,242
857,141,0.4,242
858,141,0.35,242
859,141,0.4,241
860,141,0.4,241
861,141,0.34,242
862,141,0.37,242
863,141,0.34,242
864,141,0.4,241
865,141,0.37,242
866,141,0.4,240
867,141,0.37,241
868,141,0.4,240
869,141,0.4,241
870,141,0.34,241
871,141,0.39,240
872,141,0.39,241
873,141,0.37,244
874,141,0.39,236
875,141,0.4,243
877,141,0.36,243
880,141,0.37,243
881,141,0.35,240
882,141,0.34,239
883,141,0.34,243
886,141,0.36,240
887,141,0.36,239
888,141,0.36,240
889,141,0.38,243
890,141,0.37,242
895,141,0.34,241
896,141,0.35,240
36,142,0.4,239
37,142,0.39,243
38,142,0.33,240
39,142,0.38,240
40,142,0.34,244
41,142,0.34,242
42,142,0.4,242
43,142,0.37,243
45,142,0.33,242
46,142,0.38,241
61,142,0.36,242
98,142,0.34,242
103,142,0.4,240
104,142,0.33,241
105,142,0.34,244
106,142,0.4,242
107,142,0.35,242
108,142,0.34,242
109,142,0.4,241
124,142,0.38,242
125,142,0.36,240
126,142,0.34,241
127,142,0.4,243
132,142,0.4,239
197,142,0.38,239
202,142,0.36,242
203,142,0.4,239
205,142,0.39,242
206,142,0.39,240
209,142,0.4,238
211,142,0.38,240
212,142,0.4,240
213,142,0.38,242
224,142,0.4,238
225,142,0.4,242
226,142,0.37,241
227,142,0.36,242
228,142,0.33,239
229,142,0.37,242
230,142,0.36,241
231,142,0.4,240
234,142,0.37,243
537,142,0.4,240
538,142,0.36,240
605,142,0.35,241
616,142,0.39,242
617,142,0.35,242
625,142,0.4,241
626,142,0.38,240
627,142,0.36,241
637,142,0.4,243
638,142,0.37,238
642,142,0.4,243
644,142,0.37,241
660,142,0.4,240
662,142,0.34,241
681,142,0.4,242
683,142,0.34,239
696,142,0.38,238
697,142,0.35,241
698,142,0.4,243
701,142,0.34,240
702,142,0.36,239
703,142,0.4,242
704,142,0.35,240
799,142,0.38,240
800,142,0.4,240
801,142,0.4,241
802,142,0.4,242
803,142,0.38,242
807,142,0.4,240
808,142,0.4,242
810,142,0.4,244
811,142,0.4,241
812,142,0.37,240
814,142,0.34,242
815,142,0.35,241
816,142,0.4,240
817,142,0.38,241
818,142,0.4,240
819,142,0.37,236
820,142,0.4,240
821,142,0.38,241
822,142,0.39,241
823,142,0.4,242
824,142,0.4,241
826,142,0.4,241
827,142,0.4,242
828,142,0.35,242
829,142,0.37,242
830,142,0.4,241
831,142,0.37,241
832,142,0.35,241
833,142,0.4,241
834,142,0.4,240
835,142,0.36,241
836,142,0.4,239
837,142,0.33,241
838,142,0.37,243
839,142,0.39,240
840,142,0.4,241
841,142,0.36,242
842,142,0.34,240
843,142,0.4,241
844,142,0.4,241
845,142,0.34,241
846,142,0.34,240
847,142,0.37,241
848,142,0.39,241
849,142,0.4,240
850,142,0.36,243
851,142,0.39,241
852,142,0.4,241
853,142,0.4,241
854,142,0.36,241
855,142,0.4,240
856,142,0.37,242
857,142,0.4,240
858,142,0.35,241
859,142,0.37,244
860,142,0.4,241
861,142,0.38,242
862,142,0.4,241
863,142,0.36,241
864,142,0.39,241
866,142,0.37,242
867,142,0.4,243
868,142,0.34,240
869,142,0.39,241
870,142,0.4,241
871,142,0.39,243
890,142,0.39,241
891,142,0.36,240
893,142,0.39,243
894,142,0.38,240
895,142,0.35,241
896,142,0.4,239
897,142,0.38,242
898,142,0.4,241
37,143,0.39,241
38,143,0.37,240
39,143,0.35,242
40,143,0.4,241
41,143,0.37,242
42,143,0.4,243
47,143,0.39,241
48,143,0.38,241
49,143,0.35,241
50,143,0.4,241
59,143,0.4,243
60,143,0.35,240
62,143,0.38,241
63,143,0.4,239
66,143,0.4,242
104,143,0.4,240
105,143,0.35,242
110,143,0.39,246
128,143,0.39,244
129,143,0.35,241
130,143,0.4,245
131,143,0.4,240
132,143,0.38,241
133,143,0.4,238
134,143,0.4,241
135,143,0.4,241
136,143,0.4,243
137,143,0.4,241
138,143,0.4,242
139,143,0.4,243
206,143,0.39,244
207,143,0.38,242
210,143,0.4,243
211,143,0.4,240
213,143,0.4,240
214,143,0.4,243
215,143,0.36,240
216,143,0.37,240
230,143,0.4,240
232,143,0.33,239
233,143,0.38,241
235,143,0.4,242
236,143,0.4,240
605,143,0.38,240
606,143,0.34,240
642,143,0.4,243
660,143,0.39,241
661,143,0.4,244
664,143,0.38,237
678,143,0.4,241
680,143,0.37,241
681,143,0.4,241
682,143,0.36,243
692,143,0.4,242
693,143,0.4,240
694,143,0.33,239
695,143,0.4,243
699,143,0.4,240
700,143,0.37,242
703,143,0.37,241
797,143,0.38,239
798,143,0.34,241
799,143,0.39,240
804,143,0.4,243
805,143,0.37,242
806,143,0.4,240
807,143,0.4,242
808,143,0.37,239
809,143,0.4,241
810,143,0.4,241
812,143,0.39,236
813,143,0.4,242
814,143,0.33,241
815,143,0.39,241
816,143,0.32,239
817,143,0.38,242
818,143,0.4,241
819,143,0.39,240
820,143,0.35,241
821,143,0.33,241
822,143,0.4,240
823,143,0.4,238
824,143,0.34,241
826,143,0.39,240
827,143,0.35,243
828,143,0.4,240
829,143,0.4,244
831,143,0.36,242
833,143,0.4,242
834,143,0.4,240
835,143,0.39,243
836,143,0.37,241
837,143,0.35,241
838,143,0.38,241
843,143,0.36,241
844,143,0.35,240
845,143,0.34,240
846,143,0.36,242
847,143,0.39,240
848,143,0.4,242
849,143,0.4,243
850,143,0.37,241
851,143,0.4,242
852,143,0.4,241
853,143,0.35,242
854,143,0.4,239
855,143,0.4,240
857,143,0.37,241
859,143,0.4,240
860,143,0.4,242
861,143,0.36,243
863,143,0.37,240
864,143,0.34,242
865,143,0.37,238
866,143,0.36,240
867,143,0.4,244
868,143,0.4,241
869,143,0.39,241
870,143,0.39,242
871,143,0.39,240
872,143,0.34,243
873,143,0.4,243
893,143,0.38,243
897,143,0.34,243
898,143,0.4,241
899,143,0.38,242
38,144,0.35,240
39,144,0.35,241
40,144,0.33,241
41,144,0.33,243
42,144,0.38,240
43,144,0.34,239
46,144,0.4,241
47,144,0.34,238
52,144,0.34,242
53,144,0.4,239
61,144,0.37,243
67,144,0.35,238
105,144,0.4,242
110,144,0.38,241
111,144,0.4,240
112,144,0.34,240
114,144,0.34,242
134,144,0.35,241
137,144,0.4,242
138,144,0.4,242
139,144,0.4,242
140,144,0.34,240
141,144,0.33,241
142,144,0.34,241
143,144,0.38,241
144,144,0.4,242
145,144,0.4,240
209,144,0.39,240
210,144,0.36,243
212,144,0.37,241
213,144,0.37,243
214,144,0.37,240
218,144,0.35,239
219,144,0.38,241
234,144,0.39,241
605,144,0.4,242
606,144,0.4,240
607,144,0.39,244
615,144,0.4,242
616,144,0.38,242
617,144,0.36,242
627,144,0.4,241
628,144,0.4,238
629,144,0.4,241
637,144,0.4,241
638,144,0.34,241
639,144,0.4,242
641,144,0.37,242
642,144,0.37,241
661,144,0.37,242
662,144,0.4,241
663,144,0.4,237
672,144,0.4,242
673,144,0.39,242
674,144,0.4,243
675,144,0.4,243
678,144,0.4,242
687,144,0.34,240
688,144,0.34,242
692,144,0.35,241
693,144,0.4,242
694,144,0.4,242
696,144,0.35,239
697,144,0.4,242
772,144,0.4,236
789,144,0.37,241
792,144,0.4,239
796,144,0.4,242
797,144,0.4,241
798,144,0.4,241
799,144,0.33,242
800,144,0.35,241
801,144,0.37,239
802,144,0.4,241
803,144,0.4,244
804,144,0.4,243
805,144,0.4,242
806,144,0.4,241
807,144,0.34,241
808,144,0.39,241
810,144,0.34,241
811,144,0.37,241
812,144,0.34,240
813,144,0.37,240
814,144,0.39,239
815,144,0.36,238
816,144,0.4,241
817,144,0.4,241
818,144,0.4,241
819,144,0.33,239
821,144,0.33,240
822,144,0.33,242
823,144,0.4,241
824,144,0.4,242
825,144,0.34,240
826,144,0.38,245
827,144,0.4,236
828,144,0.35,243
829,144,0.33,238
830,144,0.4,242
833,144,0.36,240
834,144,0.36,242
836,144,0.38,242
837,144,0.35,244
842,144,0.37,242
843,144,0.34,245
844,144,0.37,241
845,144,0.33,241
859,144,0.4,242
860,144,0.33,241
861,144,0.37,243
862,144,0.4,242
864,144,0.39,240
865,144,0.4,241
866,144,0.34,239
872,144,0.39,242
874,144,0.34,240
881,144,0.39,239
882,144,0.34,242
898,144,0.4,241
899,144,0.4,242
901,144,0.39,238
903,144,0.4,241
904,144,0.4,243
40,145,0.4,240
41,145,0.4,242
42,145,0.33,237
43,145,0.4,243
44,145,0.35,242
45,145,0.39,243
48,145,0.36,242
49,145,0.4,243
51,145,0.34,244
54,145,0.37,243
55,145,0.4,243
66,145,0.4,241
102,145,0.39,242
103,145,0.38,241
104,145,0.38,241
106,145,0.4,242
107,145,0.4,241
110,145,0.38,242
111,145,0.4,240
117,145,0.34,245
118,145,0.38,241
119,145,0.37,242
120,145,0.36,239
146,145,0.4,241
147,145,0.36,240
148,145,0.4,242
149,145,0.37,239
215,145,0.4,243
216,145,0.4,242
217,145,0.39,243
218,145,0.4,243
219,145,0.34,241
221,145,0.4,240
235,145,0.37,241
236,145,0.4,241
606,145,0.35,242
607,145,0.4,240
617,145,0.4,239
618,145,0.39,241
619,145,0.4,240
628,145,0.34,241
629,145,0.4,242
630,145,0.39,242
639,145,0.37,242
642,145,0.4,242
643,145,0.35,241
662,145,0.4,240
663,145,0.4,241
664,145,0.34,242
665,145,0.35,240
666,145,0.37,242
668,145,0.33,239
669,145,0.4,241
670,145,0.34,241
671,145,0.4,240
672,145,0.36,241
673,145,0.37,240
674,145,0.4,242
675,145,0.33,241
676,145,0.36,240
677,145,0.4,239
682,145,0.35,239
683,145,0.35,241
684,145,0.37,244
688,145,0.35,239
689,145,0.34,240
690,145,0.4,241
769,145,0.4,242
770,145,0.35,242
771,145,0.4,242
772,145,0.4,242
781,145,0.4,246
782,145,0.4,238
784,145,0.4,241
785,145,0.33,241
788,145,0.37,241
789,145,0.35,238
791,145,0.37,241
793,145,0.4,238
794,145,0.4,239
795,145,0.37,241
796,145,0.32,238
797,145,0.36,242
798,145,0.4,241
799,145,0.36,242
800,145,0.34,242
801,145,0.34,239
802,145,0.4,240
803,145,0.4,240
804,145,0.37,244
805,145,0.38,243
806,145,0.37,243
807,145,0.33,242
809,145,0.4,243
810,145,0.35,241
811,145,0.34,242
812,145,0.37,242
816,145,0.34,240
817,145,0.36,241
818,145,0.33,242
819,145,0.4,240
820,145,0.34,240
826,145,0.37,241
830,145,0.35,243
834,145,0.33,241
835,145,0.34,241
836,145,0.38,242
841,145,0.35,240
843,145,0.4,245
846,145,0.4,244
847,145,0.4,244
849,145,0.36,241
868,145,0.33,241
869,145,0.37,239
875,145,0.37,242
876,145,0.4,238
877,145,0.39,240
879,145,0.37,242
880,145,0.35,242
881,145,0.4,240
882,145,0.36,240
883,145,0.38,244
886,145,0.4,241
887,145,0.34,242
900,145,0.33,241
901,145,0.4,243
902,145,0.4,244
903,145,0.4,239
904,145,0.4,242
42,146,0.4,240
43,146,0.4,243
44,146,0.37,241
45,146,0.37,239
46,146,0.34,241
47,146,0.33,242
52,146,0.4,242
53,146,0.39,245
55,146,0.4,242
59,146,0.4,243
60,146,0.4,241
61,146,0.4,242
68,146,0.4,241
69,146,0.4,240
70,146,0.34,240
71,146,0.37,240
72,146,0.34,241
104,146,0.34,239
107,146,0.4,244
108,146,0.4,241
109,146,0.4,241
110,146,0.33,242
111,146,0.37,240
112,146,0.36,242
113,146,0.34,239
115,146,0.4,241
116,146,0.36,243
121,146,0.33,245
148,146,0.4,238
151,146,0.4,243
152,146,0.39,239
153,146,0.4,240
154,146,0.4,242
155,146,0.4,240
156,146,0.34,237
157,146,0.34,242
222,146,0.33,238
237,146,0.39,241
607,146,0.38,241
608,146,0.36,243
609,146,0.37,242
610,146,0.4,241
630,146,0.38,243
638,146,0.4,242
639,146,0.37,241
641,146,0.4,241
642,146,0.4,241
643,146,0.4,242
665,146,0.4,242
666,146,0.4,240
670,146,0.4,238
673,146,0.4,240
674,146,0.36,242
676,146,0.34,242
678,146,0.34,242
679,146,0.4,245
680,146,0.4,241
681,146,0.4,241
684,146,0.38,242
685,146,0.35,240
686,146,0.4,240
687,146,0.36,239
766,146,0.34,241
767,146,0.35,244
768,146,0.39,244
769,146,0.4,239
770,146,0.39,241
771,146,0.37,241
774,146,0.39,242
775,146,0.4,240
776,146,0.4,240
777,146,0.39,245
778,146,0.39,242
779,146,0.39,242
781,146,0.34,244
782,146,0.36,241
783,146,0.4,243
784,146,0.4,239
785,146,0.4,243
786,146,0.36,241
787,146,0.38,243
790,146,0.35,239
791,146,0.35,239
793,146,0.36,239
794,146,0.34,242
795,146,0.35,243
796,146,0.4,240
797,146,0.35,243
798,146,0.4,240
799,146,0.39,238
802,146,0.36,241
803,146,0.36,243
804,146,0.37,243
807,146,0.37,241
829,146,0.37,242
830,146,0.4,241
831,146,0.33,241
832,146,0.4,243
837,146,0.4,242
838,146,0.34,241
839,146,0.4,242
840,146,0.4,242
841,146,0.4,240
842,146,0.4,242
844,146,0.38,240
845,146,0.39,240
846,146,0.35,240
848,146,0.34,240
849,146,0.39,242
850,146,0.4,239
851,146,0.4,241
866,146,0.4,241
868,146,0.33,242
869,146,0.4,241
870,146,0.38,238
871,146,0.37,243
872,146,0.4,241
884,146,0.36,241
885,146,0.4,243
886,146,0.4,239
888,146,0.4,242
889,146,0.35,239
903,146,0.4,241
904,146,0.4,242
905,146,0.4,235
45,147,0.35,241
46,147,0.4,239
47,147,0.4,241
48,147,0.4,242
49,147,0.39,239
50,147,0.37,244
55,147,0.39,245
56,147,0.4,242
57,147,0.35,241
61,147,0.38,239
63,147,0.4,242
64,147,0.36,241
73,147,0.34,241
74,147,0.39,241
75,147,0.39,239
76,147,0.4,239
106,147,0.4,242
107,147,0.4,241
111,147,0.39,241
112,147,0.38,241
113,147,0.39,241
114,147,0.38,235
117,147,0.4,247
119,147,0.4,242
120,147,0.4,242
121,147,0.37,239
122,147,0.37,244
150,147,0.4,241
151,147,0.34,242
152,147,0.35,240
164,147,0.34,242
222,147,0.38,243
236,147,0.37,241
237,147,0.33,242
238,147,0.4,239
239,147,0.4,242
608,147,0.33,242
609,147,0.4,239
612,147,0.35,249
613,147,0.4,242
614,147,0.4,243
615,147,0.36,241
617,147,0.34,240
618,147,0.34,242
619,147,0.37,242
620,147,0.35,241
621,147,0.4,240
628,147,0.34,243
629,147,0.4,242
630,147,0.34,243
631,147,0.34,240
638,147,0.33,237
639,147,0.4,240
640,147,0.36,240
641,147,0.35,241
643,147,0.36,243
644,147,0.37,241
668,147,0.34,243
672,147,0.39,242
673,147,0.4,241
674,147,0.36,240
675,147,0.36,242
676,147,0.4,240
678,147,0.4,244
682,147,0.38,244
764,147,0.37,245
765,147,0.35,242
766,147,0.4,242
767,147,0.35,244
768,147,0.35,241
769,147,0.4,239
770,147,0.4,240
771,147,0.39,242
772,147,0.39,242
773,147,0.38,241
774,147,0.37,243
780,147,0.4,240
785,147,0.4,240
786,147,0.4,241
843,147,0.4,242
847,147,0.4,240
848,147,0.4,240
850,147,0.33,242
851,147,0.4,243
852,147,0.38,241
853,147,0.4,241
854,147,0.33,242
855,147,0.4,243
856,147,0.37,243
857,147,0.37,241
858,147,0.4,242
889,147,0.37,242
890,147,0.34,237
891,147,0.39,239
904,147,0.4,243
907,147,0.4,241
908,147,0.4,240
48,148,0.37,244
49,148,0.39,242
50,148,0.4,243
51,148,0.4,241
58,148,0.38,241
59,148,0.4,242
62,148,0.36,243
63,148,0.37,243
64,148,0.37,242
69,148,0.34,242
75,148,0.4,239
76,148,0.4,237
77,148,0.36,234
81,148,0.4,240
109,148,0.4,242
112,148,0.4,241
113,148,0.39,241
114,148,0.4,241
115,148,0.4,244
116,148,0.34,240
117,148,0.39,240
120,148,0.38,239
121,148,0.32,238
122,148,0.39,244
124,148,0.4,239
125,148,0.38,240
126,148,0.4,242
127,148,0.35,243
129,148,0.4,236
157,148,0.37,240
158,148,0.39,242
159,148,0.36,242
160,148,0.4,243
161,148,0.35,240
162,148,0.34,241
163,148,0.34,240
165,148,0.38,241
166,148,0.36,240
167,148,0.33,238
222,148,0.37,241
223,148,0.35,241
226,148,0.4,245
238,148,0.39,240
239,148,0.4,241
240,148,0.38,242
610,148,0.4,241
612,148,0.35,242
613,148,0.33,240
614,148,0.4,241
615,148,0.36,241
616,148,0.35,239
617,148,0.4,242
618,148,0.39,245
619,148,0.4,242
620,148,0.38,241
621,148,0.4,242
622,148,0.33,241
623,148,0.34,239
624,148,0.34,241
640,148,0.34,243
641,148,0.38,240
642,148,0.4,242
643,148,0.4,243
644,148,0.4,240
645,148,0.33,240
646,148,0.4,242
666,148,0.37,239
670,148,0.33,243
671,148,0.33,241
676,148,0.36,239
677,148,0.36,241
678,148,0.4,238
758,148,0.4,240
761,148,0.38,242
762,148,0.36,239
763,148,0.4,242
767,148,0.36,238
768,148,0.4,240
770,148,0.37,240
853,148,0.4,242
854,148,0.34,242
855,148,0.36,239
856,148,0.34,240
858,148,0.4,240
872,148,0.4,241
873,148,0.36,236
874,148,0.39,241
875,148,0.4,240
891,148,0.34,240
51,149,0.36,242
52,149,0.36,241
53,149,0.4,243
62,149,0.4,240
63,149,0.4,240
65,149,0.4,242
66,149,0.4,243
68,149,0.36,241
69,149,0.36,241
70,149,0.34,245
72,149,0.36,242
78,149,0.38,243
79,149,0.35,241
80,149,0.34,241
84,149,0.4,240
85,149,0.33,243
87,149,0.37,241
115,149,0.4,241
116,149,0.39,239
117,149,0.4,238
119,149,0.39,242
120,149,0.4,238
121,149,0.34,243
122,149,0.4,244
123,149,0.37,242
125,149,0.35,247
126,149,0.4,241
127,149,0.36,243
129,149,0.38,241
130,149,0.4,243
131,149,0.33,240
132,149,0.37,244
160,149,0.34,239
161,149,0.4,243
162,149,0.34,243
163,149,0.36,242
164,149,0.4,240
166,149,0.35,241
169,149,0.4,241
171,149,0.38,242
172,149,0.4,242
175,149,0.37,241
176,149,0.35,239
177,149,0.4,238
178,149,0.34,240
179,149,0.4,241
224,149,0.33,243
225,149,0.39,243
226,149,0.34,241
227,149,0.35,241
238,149,0.4,240
240,149,0.38,240
613,149,0.35,242
616,149,0.4,243
617,149,0.39,241
618,149,0.37,242
619,149,0.33,243
620,149,0.38,243
621,149,0.4,241
622,149,0.4,241
623,149,0.38,241
624,149,0.33,242
625,149,0.36,236
627,149,0.38,241
628,149,0.39,242
630,149,0.36,240
634,149,0.4,239
635,149,0.39,241
636,149,0.4,241
637,149,0.4,236
639,149,0.33,241
640,149,0.33,240
641,149,0.33,241
642,149,0.4,243
644,149,0.37,235
645,149,0.37,240
646,149,0.36,239
647,149,0.35,243
658,149,0.4,240
665,149,0.33,243
666,149,0.39,241
671,149,0.37,241
672,149,0.4,242
674,149,0.4,237
756,149,0.4,240
757,149,0.35,244
758,149,0.33,238
857,149,0.4,239
859,149,0.4,244
860,149,0.38,242
862,149,0.4,240
872,149,0.35,242
874,149,0.4,243
891,149,0.33,241
892,149,0.39,241
907,149,0.34,242
908,149,0.4,238
52,150,0.38,240
53,150,0.4,240
54,150,0.35,242
57,150,0.38,241
58,150,0.35,243
66,150,0.4,241
67,150,0.4,239
68,150,0.34,241
69,150,0.4,242
70,150,0.38,242
71,150,0.4,244
72,150,0.37,242
75,150,0.33,238
76,150,0.37,240
82,150,0.4,241
84,150,0.36,241
85,150,0.33,240
86,150,0.4,240
87,150,0.4,240
88,150,0.4,240
118,150,0.4,242
119,150,0.36,246
120,150,0.4,242
121,150,0.38,241
122,150,0.39,241
123,150,0.4,241
124,150,0.4,244
126,150,0.4,243
127,150,0.37,244
130,150,0.33,238
131,150,0.38,243
132,150,0.39,240
133,150,0.36,240
134,150,0.4,239
164,150,0.37,242
169,150,0.38,241
170,150,0.4,242
173,150,0.33,241
174,150,0.33,238
175,150,0.4,239
176,150,0.33,240
177,150,0.38,241
178,150,0.37,241
179,150,0.4,241
180,150,0.39,240
181,150,0.4,243
184,150,0.38,239
227,150,0.4,242
622,150,0.4,239
624,150,0.34,245
625,150,0.35,242
626,150,0.4,242
629,150,0.4,242
630,150,0.4,242
635,150,0.4,241
636,150,0.39,243
637,150,0.4,243
638,150,0.4,243
639,150,0.36,241
640,150,0.38,239
641,150,0.4,243
642,150,0.4,242
643,150,0.4,241
644,150,0.4,241
645,150,0.35,241
646,150,0.37,241
647,150,0.4,241
648,150,0.37,245
649,150,0.38,238
650,150,0.38,244
657,150,0.4,243
658,150,0.36,240
659,150,0.39,241
660,150,0.35,242
662,150,0.4,241
663,150,0.38,240
664,150,0.4,241
665,150,0.4,242
859,150,0.35,243
860,150,0.4,243
875,150,0.4,242
891,150,0.4,240
893,150,0.37,240
910,150,0.36,239
53,151,0.4,241
54,151,0.39,242
55,151,0.4,242
56,151,0.4,241
57,151,0.4,241
58,151,0.4,240
73,151,0.35,241
74,151,0.4,243
75,151,0.4,241
76,151,0.4,241
77,151,0.4,241
78,151,0.34,239
85,151,0.35,243
86,151,0.4,239
89,151,0.33,242
93,151,0.37,240
118,151,0.4,244
120,151,0.4,239
121,151,0.39,240
122,151,0.38,239
123,151,0.33,240
124,151,0.38,240
125,151,0.4,239
126,151,0.39,241
127,151,0.38,240
130,151,0.4,242
131,151,0.4,243
132,151,0.4,238
133,151,0.4,241
134,151,0.4,241
135,151,0.35,240
136,151,0.4,244
139,151,0.36,239
140,151,0.39,243
169,151,0.4,241
170,151,0.38,242
173,151,0.4,242
176,151,0.4,240
177,151,0.4,241
178,151,0.4,240
179,151,0.4,241
180,151,0.4,242
181,151,0.4,241
184,151,0.4,239
185,151,0.34,241
187,151,0.4,242
188,151,0.34,244
190,151,0.37,241
227,151,0.39,242
228,151,0.37,241
239,151,0.4,241
240,151,0.36,244
625,151,0.4,240
637,151,0.35,244
638,151,0.34,242
639,151,0.4,238
643,151,0.36,240
644,151,0.36,241
645,151,0.4,240
646,151,0.4,245
647,151,0.4,242
648,151,0.36,242
649,151,0.4,240
650,151,0.4,241
651,151,0.39,241
652,151,0.37,242
653,151,0.34,241
654,151,0.4,241
655,151,0.4,241
656,151,0.4,244
657,151,0.36,240
661,151,0.4,242
662,151,0.34,242
663,151,0.33,242
664,151,0.4,241
665,151,0.4,241
875,151,0.4,241
892,151,0.4,238
893,151,0.4,243
910,151,0.4,243
911,151,0.37,244
55,152,0.35,239
56,152,0.35,239
59,152,0.34,240
60,152,0.35,242
61,152,0.4,241
73,152,0.38,241
77,152,0.39,242
78,152,0.33,243
79,152,0.37,241
89,152,0.4,242
90,152,0.37,243
91,152,0.37,243
92,152,0.4,242
93,152,0.4,243
94,152,0.4,242
96,152,0.4,240
122,152,0.4,240
123,152,0.4,242
124,152,0.4,241
125,152,0.4,241
126,152,0.4,242
127,152,0.39,241
128,152,0.36,242
129,152,0.4,242
132,152,0.36,242
135,152,0.4,241
138,152,0.4,243
139,152,0.38,241
140,152,0.35,240
145,152,0.4,242
181,152,0.35,242
182,152,0.4,240
183,152,0.39,242
184,152,0.34,240
185,152,0.34,240
186,152,0.4,239
187,152,0.35,240
188,152,0.4,242
189,152,0.37,244
190,152,0.35,242
191,152,0.4,240
194,152,0.4,242
195,152,0.35,242
228,152,0.34,243
239,152,0.4,244
240,152,0.38,240
241,152,0.4,243
645,152,0.33,242
648,152,0.38,240
649,152,0.33,241
650,152,0.38,242
651,152,0.34,242
652,152,0.39,241
653,152,0.36,241
654,152,0.34,240
655,152,0.33,241
656,152,0.4,241
661,152,0.35,242
862,152,0.37,240
875,152,0.4,241
876,152,0.33,238
877,152,0.37,239
894,152,0.4,242
910,152,0.4,242
911,152,0.4,240
56,153,0.38,241
57,153,0.4,243
58,153,0.37,239
59,153,0.37,240
60,153,0.4,242
61,153,0.4,242
79,153,0.34,238
80,153,0.4,239
81,153,0.4,242
83,153,0.39,239
87,153,0.4,241
89,153,0.39,240
90,153,0.4,242
91,153,0.4,242
92,153,0.37,242
93,153,0.4,244
94,153,0.4,241
95,153,0.4,240
96,153,0.34,239
97,153,0.34,240
125,153,0.4,242
126,153,0.4,241
127,153,0.4,242
128,153,0.4,241
129,153,0.4,241
130,153,0.35,241
131,153,0.34,242
132,153,0.34,240
133,153,0.4,239
134,153,0.4,243
135,153,0.36,243
136,153,0.4,242
140,153,0.39,241
141,153,0.4,244
145,153,0.34,241
146,153,0.37,242
181,153,0.35,239
182,153,0.38,242
183,153,0.4,240
184,153,0.39,241
185,153,0.4,239
186,153,0.36,241
187,153,0.4,240
188,153,0.38,241
189,153,0.33,241
190,153,0.4,242
191,153,0.36,241
192,153,0.34,241
194,153,0.4,242
195,153,0.34,238
200,153,0.38,242
228,153,0.36,238
229,153,0.4,241
230,153,0.38,241
241,153,0.4,243
651,153,0.39,242
652,153,0.39,241
656,153,0.4,243
862,153,0.4,241
863,153,0.39,243
876,153,0.37,238
877,153,0.4,238
892,153,0.39,237
894,153,0.36,242
910,153,0.4,243
911,153,0.4,243
56,154,0.35,241
57,154,0.4,242
58,154,0.4,240
59,154,0.4,245
61,154,0.36,240
62,154,0.38,242
63,154,0.38,242
81,154,0.4,239
82,154,0.33,240
87,154,0.37,243
88,154,0.4,240
89,154,0.33,237
94,154,0.4,242
97,154,0.4,241
98,154,0.36,239
99,154,0.4,240
126,154,0.35,242
127,154,0.38,240
129,154,0.4,240
131,154,0.4,241
132,154,0.36,242
133,154,0.4,241
134,154,0.34,241
135,154,0.38,241
136,154,0.4,240
137,154,0.38,242
145,154,0.4,239
147,154,0.36,239
148,154,0.37,241
150,154,0.4,242
188,154,0.4,239
189,154,0.4,240
190,154,0.37,243
191,154,0.37,242
192,154,0.34,243
193,154,0.34,240
194,154,0.4,245
198,154,0.4,242
199,154,0.36,241
200,154,0.4,243
203,154,0.4,244
204,154,0.36,240
229,154,0.4,241
230,154,0.35,240
241,154,0.36,238
242,154,0.4,241
875,154,0.37,244
892,154,0.4,241
893,154,0.4,241
894,154,0.34,244
910,154,0.4,239
911,154,0.4,243
56,155,0.39,244
62,155,0.33,237
63,155,0.38,242
64,155,0.33,242
82,155,0.34,242
85,155,0.37,239
86,155,0.39,243
87,155,0.4,241
88,155,0.39,241
89,155,0.38,240
90,155,0.39,241
91,155,0.4,242
98,155,0.4,240
99,155,0.4,240
100,155,0.33,245
102,155,0.37,241
104,155,0.4,242
105,155,0.4,241
130,155,0.36,240
131,155,0.34,241
133,155,0.4,241
134,155,0.4,242
135,155,0.4,242
147,155,0.33,240
148,155,0.4,242
149,155,0.38,241
150,155,0.38,239
151,155,0.37,238
152,155,0.4,242
155,155,0.4,241
156,155,0.4,242
189,155,0.4,241
190,155,0.33,241
191,155,0.36,241
192,155,0.36,242
193,155,0.38,243
199,155,0.4,241
202,155,0.38,244
203,155,0.4,240
204,155,0.34,240
207,155,0.4,239
208,155,0.36,239
229,155,0.36,241
230,155,0.4,241
231,155,0.4,240
241,155,0.4,244
242,155,0.4,242
243,155,0.36,243
874,155,0.39,238
875,155,0.39,244
876,155,0.36,244
892,155,0.4,236
893,155,0.4,241
910,155,0.33,241
57,156,0.4,241
58,156,0.38,242
59,156,0.34,240
60,156,0.4,242
63,156,0.4,239
64,156,0.4,241
65,156,0.4,242
86,156,0.36,242
94,156,0.35,238
102,156,0.4,242
103,156,0.4,236
104,156,0.4,243
105,156,0.4,241
106,156,0.4,239
130,156,0.4,243
134,156,0.35,241
135,156,0.36,241
136,156,0.36,242
137,156,0.4,241
138,156,0.33,241
139,156,0.35,243
141,156,0.4,241
142,156,0.4,239
147,156,0.4,244
149,156,0.35,243
150,156,0.4,239
151,156,0.4,240
152,156,0.37,242
153,156,0.36,246
155,156,0.37,239
156,156,0.38,242
190,156,0.34,239
191,156,0.4,243
203,156,0.38,240
204,156,0.38,243
205,156,0.35,239
206,156,0.39,238
207,156,0.4,238
208,156,0.36,239
241,156,0.4,242
242,156,0.35,242
243,156,0.4,242
858,156,0.39,242
859,156,0.4,242
860,156,0.36,240
861,156,0.33,241
874,156,0.4,234
891,156,0.33,242
893,156,0.4,240
910,156,0.38,240
911,156,0.4,240
912,156,0.39,240
59,157,0.4,244
60,157,0.4,240
64,157,0.39,241
65,157,0.4,242
66,157,0.4,244
93,157,0.4,242
94,157,0.36,242
95,157,0.4,240
105,157,0.34,243
106,157,0.35,242
108,157,0.4,242
109,157,0.4,240
135,157,0.4,238
136,157,0.36,243
137,157,0.4,240
138,157,0.39,241
139,157,0.39,241
140,157,0.39,241
141,157,0.37,241
142,157,0.4,242
155,157,0.38,242
158,157,0.4,243
160,157,0.4,241
161,157,0.4,243
164,157,0.38,242
207,157,0.4,237
208,157,0.4,240
209,157,0.4,242
210,157,0.37,239
211,157,0.4,240
212,157,0.39,237
242,157,0.4,238
243,157,0.33,241
857,157,0.36,244
859,157,0.34,241
861,157,0.4,235
875,157,0.36,240
889,157,0.4,243
890,157,0.4,241
891,157,0.4,242
909,157,0.36,243
59,158,0.4,242
60,158,0.38,241
66,158,0.34,243
67,158,0.33,241
94,158,0.4,241
95,158,0.38,242
96,158,0.38,241
97,158,0.4,242
98,158,0.4,239
108,158,0.4,242
109,158,0.34,242
111,158,0.4,239
112,158,0.4,238
137,158,0.36,241
140,158,0.4,240
141,158,0.38,240
142,158,0.36,241
143,158,0.35,240
144,158,0.37,241
145,158,0.4,243
157,158,0.35,246
158,158,0.4,242
159,158,0.4,241
160,158,0.39,238
161,158,0.4,242
162,158,0.4,241
163,158,0.38,241
164,158,0.4,238
190,158,0.37,239
191,158,0.33,237
192,158,0.35,243
193,158,0.4,242
194,158,0.4,234
215,158,0.4,241
232,158,0.4,241
242,158,0.4,243
243,158,0.33,241
244,158,0.4,241
853,158,0.4,243
854,158,0.39,241
855,158,0.37,238
856,158,0.37,239
857,158,0.4,240
858,158,0.4,240
859,158,0.4,242
872,158,0.4,242
874,158,0.34,241
875,158,0.33,242
887,158,0.33,242
890,158,0.4,241
891,158,0.34,241
107,159,0.4,243
108,159,0.4,242
109,159,0.33,242
110,159,0.33,241
139,159,0.4,242
140,159,0.34,239
141,159,0.4,242
142,159,0.4,242
143,159,0.35,240
144,159,0.4,243
145,159,0.4,239
163,159,0.4,242
164,159,0.4,246
169,159,0.35,241
191,159,0.37,248
211,159,0.4,240
212,159,0.4,244
229,159,0.4,240
230,159,0.35,241
242,159,0.37,241
243,159,0.37,240
244,159,0.33,242
245,159,0.4,243
847,159,0.35,240
848,159,0.33,243
849,159,0.4,241
850,159,0.4,240
851,159,0.35,238
854,159,0.35,241
855,159,0.34,239
871,159,0.4,241
872,159,0.37,240
873,159,0.35,240
887,159,0.4,242
888,159,0.4,240
889,159,0.4,240
890,159,0.36,240
910,159,0.35,241
911,159,0.4,240
60,160,0.4,241
61,160,0.34,240
62,160,0.35,241
67,160,0.4,242
68,160,0.35,240
69,160,0.36,243
70,160,0.4,241
98,160,0.34,239
99,160,0.4,241
114,160,0.35,244
116,160,0.36,239
117,160,0.39,241
143,160,0.4,239
145,160,0.34,242
146,160,0.35,241
148,160,0.4,240
165,160,0.4,244
166,160,0.39,240
167,160,0.33,242
168,160,0.4,244
170,160,0.4,241
171,160,0.4,241
172,160,0.4,240
213,160,0.36,239
214,160,0.4,242
215,160,0.4,241
230,160,0.36,245
840,160,0.4,244
841,160,0.38,242
842,160,0.38,241
843,160,0.37,240
845,160,0.37,241
846,160,0.37,241
847,160,0.35,241
848,160,0.4,242
849,160,0.37,239
850,160,0.36,242
851,160,0.39,240
852,160,0.35,243
853,160,0.4,241
869,160,0.34,240
870,160,0.38,240
871,160,0.38,242
872,160,0.37,240
873,160,0.34,242
882,160,0.38,241
883,160,0.4,243
884,160,0.33,242
886,160,0.33,241
909,160,0.4,243
910,160,0.38,240
911,160,0.4,243
62,161,0.38,240
63,161,0.4,240
71,161,0.37,242
72,161,0.36,242
100,161,0.34,241
101,161,0.4,241
102,161,0.34,242
114,161,0.4,239
115,161,0.4,239
117,161,0.4,241
118,161,0.37,238
119,161,0.4,233
146,161,0.33,242
147,161,0.4,241
148,161,0.37,243
149,161,0.4,241
150,161,0.4,241
151,161,0.36,239
152,161,0.39,240
168,161,0.4,240
169,161,0.33,241
171,161,0.37,242
172,161,0.4,242
173,161,0.33,241
193,161,0.36,242
194,161,0.4,240
215,161,0.4,241
231,161,0.33,242
243,161,0.36,241
244,161,0.35,240
246,161,0.37,241
404,161,0.4,239
405,161,0.35,239
408,161,0.4,242
410,161,0.38,243
412,161,0.36,238
413,161,0.34,243
419,161,0.4,245
423,161,0.4,241
424,161,0.4,242
425,161,0.4,239
427,161,0.4,241
428,161,0.39,242
431,161,0.37,239
824,161,0.4,240
826,161,0.4,240
827,161,0.34,242
833,161,0.33,244
834,161,0.4,241
835,161,0.35,238
836,161,0.4,240
837,161,0.37,242
838,161,0.37,240
839,161,0.34,242
840,161,0.34,243
841,161,0.35,236
842,161,0.4,243
843,161,0.36,240
844,161,0.33,239
845,161,0.4,240
846,161,0.34,242
847,161,0.4,241
848,161,0.35,241
849,161,0.4,241
850,161,0.38,241
851,161,0.36,241
866,161,0.36,239
867,161,0.4,240
868,161,0.4,239
869,161,0.37,239
870,161,0.35,238
871,161,0.4,241
878,161,0.33,238
879,161,0.4,242
880,161,0.37,242
881,161,0.37,241
882,161,0.4,241
883,161,0.36,241
884,161,0.4,241
885,161,0.35,240
886,161,0.39,238
907,161,0.4,242
908,161,0.34,240
63,162,0.4,238
64,162,0.4,240
73,162,0.4,241
74,162,0.4,237
101,162,0.4,240
104,162,0.4,239
105,162,0.4,239
106,162,0.4,240
107,162,0.4,242
115,162,0.35,238
119,162,0.34,244
120,162,0.35,240
149,162,0.37,242
150,162,0.33,243
152,162,0.4,241
153,162,0.36,241
174,162,0.34,243
175,162,0.36,240
177,162,0.33,240
195,162,0.36,243
196,162,0.4,241
216,162,0.4,240
217,162,0.34,241
218,162,0.36,242
219,162,0.4,243
230,162,0.38,243
231,162,0.37,242
244,162,0.36,240
245,162,0.4,245
381,162,0.4,241
382,162,0.38,245
385,162,0.36,239
386,162,0.4,243
390,162,0.4,240
391,162,0.36,242
392,162,0.4,242
393,162,0.4,243
395,162,0.35,242
396,162,0.36,240
397,162,0.36,240
399,162,0.4,235
402,162,0.4,237
405,162,0.37,244
406,162,0.4,244
407,162,0.36,241
408,162,0.35,244
409,162,0.4,241
410,162,0.4,241
411,162,0.39,241
412,162,0.38,244
413,162,0.34,240
415,162,0.37,240
417,162,0.38,240
418,162,0.4,240
419,162,0.34,241
420,162,0.4,239
421,162,0.37,241
422,162,0.4,240
424,162,0.38,239
430,162,0.35,240
433,162,0.33,239
434,162,0.4,241
437,162,0.38,242
438,162,0.4,241
441,162,0.39,241
442,162,0.4,241
822,162,0.4,241
823,162,0.33,240
824,162,0.37,239
825,162,0.4,244
830,162,0.35,239
833,162,0.32,238
834,162,0.34,241
835,162,0.4,240
836,162,0.34,242
837,162,0.33,241
838,162,0.39,242
839,162,0.39,243
840,162,0.38,242
841,162,0.4,242
842,162,0.4,247
843,162,0.37,239
844,162,0.38,241
846,162,0.4,242
847,162,0.4,240
848,162,0.4,240
864,162,0.34,241
865,162,0.4,240
866,162,0.34,243
867,162,0.36,242
868,162,0.34,237
869,162,0.4,243
870,162,0.35,247
878,162,0.4,242
879,162,0.39,239
881,162,0.4,244
882,162,0.37,240
906,162,0.33,241
62,163,0.39,241
63,163,0.37,241
73,163,0.33,241
74,163,0.36,241
105,163,0.4,241
106,163,0.39,241
107,163,0.38,241
108,163,0.36,240
109,163,0.35,237
120,163,0.4,238
121,163,0.35,237
152,163,0.39,240
153,163,0.33,239
154,163,0.4,242
155,163,0.4,243
176,163,0.4,240
177,163,0.33,241
178,163,0.38,243
196,163,0.33,242
218,163,0.4,242
219,163,0.37,239
230,163,0.4,244
231,163,0.4,241
245,163,0.4,240
246,163,0.39,239
249,163,0.37,239
368,163,0.36,240
369,163,0.4,242
370,163,0.39,242
371,163,0.33,242
373,163,0.39,244
374,163,0.39,240
375,163,0.4,243
376,163,0.4,241
378,163,0.39,240
381,163,0.4,240
383,163,0.38,239
384,163,0.38,241
385,163,0.4,242
386,163,0.37,241
387,163,0.36,241
388,163,0.33,240
389,163,0.37,241
390,163,0.4,244
394,163,0.36,242
395,163,0.4,243
396,163,0.37,242
397,163,0.4,242
398,163,0.4,242
399,163,0.39,241
400,163,0.4,241
401,163,0.4,241
402,163,0.34,241
403,163,0.4,241
404,163,0.38,239
406,163,0.4,240
407,163,0.4,244
410,163,0.4,243
411,163,0.35,241
412,163,0.35,241
414,163,0.4,240
421,163,0.35,239
422,163,0.4,238
428,163,0.38,239
429,163,0.34,242
430,163,0.34,243
432,163,0.4,244
433,163,0.4,244
440,163,0.35,240
441,163,0.37,248
442,163,0.4,240
443,163,0.4,241
444,163,0.4,243
819,163,0.38,243
820,163,0.4,241
821,163,0.4,241
822,163,0.35,241
825,163,0.33,241
826,163,0.4,237
828,163,0.37,244
829,163,0.38,245
830,163,0.4,241
831,163,0.38,241
832,163,0.34,240
834,163,0.4,241
835,163,0.35,242
836,163,0.4,240
837,163,0.33,238
838,163,0.35,238
839,163,0.4,241
840,163,0.4,240
841,163,0.4,239
845,163,0.39,244
846,163,0.37,243
862,163,0.4,239
863,163,0.4,239
864,163,0.4,238
905,163,0.4,243
906,163,0.34,241
907,163,0.4,241
62,164,0.38,242
63,164,0.4,240
64,164,0.4,239
73,164,0.4,241
74,164,0.4,241
75,164,0.34,238
108,164,0.4,241
109,164,0.36,241
120,164,0.35,241
122,164,0.38,240
123,164,0.4,241
124,164,0.4,239
153,164,0.38,239
154,164,0.35,241
155,164,0.4,241
156,164,0.36,241
157,164,0.39,240
158,164,0.4,241
159,164,0.4,241
160,164,0.39,240
179,164,0.36,240
182,164,0.4,243
183,164,0.37,244
196,164,0.36,241
197,164,0.4,241
217,164,0.4,242
218,164,0.34,243
219,164,0.4,243
230,164,0.4,242
231,164,0.39,236
248,164,0.4,239
251,164,0.38,241
356,164,0.37,239
357,164,0.36,239
358,164,0.4,242
359,164,0.4,241
360,164,0.36,240
361,164,0.34,242
362,164,0.38,237
363,164,0.4,241
365,164,0.39,242
366,164,0.4,240
367,164,0.36,239
368,164,0.4,241
369,164,0.33,243
370,164,0.4,240
371,164,0.4,242
374,164,0.4,241
375,164,0.39,237
384,164,0.38,240
385,164,0.38,240
386,164,0.4,243
387,164,0.4,241
390,164,0.39,243
391,164,0.4,239
392,164,0.35,244
395,164,0.4,241
397,164,0.4,245
398,164,0.35,240
406,164,0.34,235
412,164,0.38,238
439,164,0.39,239
443,164,0.34,236
444,164,0.4,242
445,164,0.37,242
446,164,0.39,242
448,164,0.4,239
450,164,0.33,243
818,164,0.35,241
819,164,0.4,240
820,164,0.33,242
825,164,0.34,242
826,164,0.34,239
827,164,0.39,241
828,164,0.35,241
829,164,0.4,241
830,164,0.4,242
834,164,0.35,241
836,164,0.34,240
837,164,0.4,244
838,164,0.36,241
840,164,0.4,240
845,164,0.4,241
860,164,0.32,238
861,164,0.4,240
862,164,0.34,244
863,164,0.35,240
864,164,0.33,241
878,164,0.33,240
879,164,0.4,240
899,164,0.4,242
900,164,0.4,240
901,164,0.33,242
902,164,0.4,239
904,164,0.4,241
905,164,0.37,242
906,164,0.36,238
63,165,0.4,242
64,165,0.39,241
65,165,0.35,239
74,165,0.39,244
75,165,0.37,241
76,165,0.37,245
109,165,0.37,245
110,165,0.4,244
111,165,0.4,244
123,165,0.36,241
124,165,0.4,241
126,165,0.4,242
156,165,0.38,243
157,165,0.33,244
158,165,0.39,242
159,165,0.34,241
160,165,0.37,243
179,165,0.4,243
182,165,0.4,241
183,165,0.37,240
196,165,0.4,239
197,165,0.4,238
218,165,0.4,241
219,165,0.38,243
231,165,0.39,238
249,165,0.4,242
250,165,0.37,237
251,165,0.39,240
252,165,0.35,242
342,165,0.38,242
343,165,0.35,243
348,165,0.39,239
350,165,0.4,242
354,165,0.38,238
355,165,0.4,243
356,165,0.4,241
357,165,0.36,242
358,165,0.34,240
359,165,0.4,240
360,165,0.4,240
362,165,0.37,242
363,165,0.36,240
364,165,0.38,245
365,165,0.35,239
367,165,0.4,241
370,165,0.4,244
371,165,0.4,242
372,165,0.39,240
373,165,0.4,239
375,165,0.39,242
376,165,0.4,242
377,165,0.4,242
379,165,0.4,240
380,165,0.4,239
381,165,0.39,240
382,165,0.36,242
384,165,0.4,241
385,165,0.36,243
386,165,0.39,243
387,165,0.4,241
388,165,0.4,235
389,165,0.4,244
390,165,0.34,240
394,165,0.38,243
396,165,0.37,242
397,165,0.34,242
398,165,0.38,243
406,165,0.4,244
407,165,0.37,243
447,165,0.32,237
448,165,0.33,240
449,165,0.36,243
451,165,0.34,246
453,165,0.34,240
454,165,0.4,242
455,165,0.35,239
456,165,0.4,241
815,165,0.4,244
816,165,0.4,244
817,165,0.33,241
818,165,0.4,240
826,165,0.39,240
828,165,0.4,240
835,165,0.35,243
836,165,0.4,241
837,165,0.4,241
838,165,0.4,245
845,165,0.39,245
846,165,0.4,240
858,165,0.4,243
859,165,0.4,241
861,165,0.4,242
875,165,0.34,242
876,165,0.4,243
877,165,0.37,243
896,165,0.4,240
897,165,0.38,239
898,165,0.4,242
899,165,0.36,243
63,166,0.35,244
64,166,0.38,241
65,166,0.36,240
77,166,0.37,242
78,166,0.4,239
110,166,0.36,243
111,166,0.34,241
112,166,0.34,241
124,166,0.4,240
125,166,0.4,240
126,166,0.4,243
127,166,0.4,245
128,166,0.4,241
155,166,0.37,241
156,166,0.4,242
157,166,0.4,239
158,166,0.38,239
159,166,0.4,240
160,166,0.34,241
161,166,0.39,238
162,166,0.34,240
163,166,0.4,242
166,166,0.4,241
182,166,0.4,238
183,166,0.4,243
184,166,0.37,242
185,166,0.36,237
196,166,0.33,242
197,166,0.4,241
218,166,0.39,243
219,166,0.36,240
230,166,0.33,241
231,166,0.4,244
250,166,0.38,241
251,166,0.4,239
252,166,0.4,242
253,166,0.4,240
254,166,0.4,240
255,166,0.38,238
257,166,0.35,241
258,166,0.35,239
320,166,0.35,242
324,166,0.4,241
325,166,0.38,242
330,166,0.39,242
334,166,0.39,241
335,166,0.4,241
336,166,0.39,244
337,166,0.4,240
338,166,0.36,242
341,166,0.36,243
342,166,0.4,243
343,166,0.4,242
344,166,0.4,237
345,166,0.37,239
346,166,0.4,242
347,166,0.39,241
348,166,0.34,240
349,166,0.4,240
350,166,0.37,238
351,166,0.36,241
352,166,0.4,238
354,166,0.37,242
355,166,0.4,240
356,166,0.4,238
358,166,0.4,239
359,166,0.4,243
360,166,0.4,240
363,166,0.4,241
364,166,0.34,241
367,166,0.33,243
369,166,0.36,241
370,166,0.38,242
371,166,0.36,243
372,166,0.4,240
373,166,0.34,241
374,166,0.4,241
376,166,0.4,240
377,166,0.35,242
378,166,0.36,239
379,166,0.4,241
381,166,0.4,239
382,166,0.37,242
383,166,0.38,241
384,166,0.37,240
391,166,0.37,241
392,166,0.4,241
393,166,0.38,240
394,166,0.33,240
395,166,0.36,241
399,166,0.4,239
400,166,0.38,242
401,166,0.39,239
402,166,0.4,241
403,166,0.4,240
404,166,0.36,245
406,166,0.36,243
407,166,0.35,242
408,166,0.34,243
449,166,0.4,243
452,166,0.4,240
453,166,0.37,239
454,166,0.4,241
455,166,0.4,239
812,166,0.4,242
815,166,0.38,240
823,166,0.4,241
824,166,0.4,241
826,166,0.33,240
830,166,0.35,243
832,166,0.4,240
833,166,0.33,242
835,166,0.4,240
836,166,0.37,242
845,166,0.33,237
846,166,0.39,243
855,166,0.4,241
856,166,0.38,239
857,166,0.35,239
858,166,0.33,241
859,166,0.4,243
875,166,0.36,240
876,166,0.34,240
895,166,0.33,240
896,166,0.33,240
897,166,0.33,241
898,166,0.35,242
899,166,0.35,242
63,167,0.36,241
64,167,0.33,238
76,167,0.35,241
77,167,0.35,239
78,167,0.34,239
111,167,0.36,236
112,167,0.38,240
113,167,0.33,239
125,167,0.33,237
127,167,0.4,245
128,167,0.4,241
157,167,0.39,239
159,167,0.37,244
160,167,0.4,244
164,167,0.4,241
165,167,0.4,239
166,167,0.35,242
167,167,0.4,239
182,167,0.39,241
185,167,0.4,241
186,167,0.39,239
197,167,0.4,242
219,167,0.38,241
231,167,0.4,244
252,167,0.34,241
253,167,0.39,243
254,167,0.38,241
255,167,0.4,239
256,167,0.4,242
257,167,0.38,241
258,167,0.4,242
259,167,0.4,234
261,167,0.38,239
262,167,0.35,242
293,167,0.37,241
297,167,0.4,243
301,167,0.37,243
308,167,0.4,240
309,167,0.4,240
310,167,0.4,234
312,167,0.4,241
317,167,0.4,244
318,167,0.39,243
319,167,0.4,240
320,167,0.33,241
324,167,0.33,240
325,167,0.33,242
330,167,0.4,243
331,167,0.4,240
332,167,0.4,243
333,167,0.37,241
334,167,0.33,241
335,167,0.39,242
337,167,0.39,242
338,167,0.4,241
339,167,0.38,241
340,167,0.4,241
344,167,0.37,240
345,167,0.34,241
346,167,0.4,239
347,167,0.34,240
348,167,0.4,241
349,167,0.4,242
352,167,0.36,241
353,167,0.4,241
354,167,0.33,237
356,167,0.36,243
359,167,0.4,242
360,167,0.33,240
362,167,0.34,242
363,167,0.34,241
364,167,0.4,241
366,167,0.36,243
367,167,0.4,241
368,167,0.37,239
369,167,0.4,242
370,167,0.35,242
371,167,0.38,240
372,167,0.4,241
373,167,0.4,240
374,167,0.4,241
375,167,0.4,242
377,167,0.34,240
378,167,0.4,238
379,167,0.4,242
381,167,0.34,240
383,167,0.4,243
384,167,0.38,244
391,167,0.4,241
393,167,0.37,239
395,167,0.4,240
399,167,0.4,240
400,167,0.4,240
401,167,0.37,239
402,167,0.35,239
403,167,0.36,242
404,167,0.33,243
407,167,0.4,242
408,167,0.34,239
409,167,0.4,242
410,167,0.4,242
411,167,0.4,242
413,167,0.34,243
415,167,0.4,239
456,167,0.38,241
457,167,0.36,241
812,167,0.33,241
814,167,0.37,241
815,167,0.4,241
821,167,0.4,241
822,167,0.35,240
823,167,0.4,241
824,167,0.37,238
829,167,0.33,238
830,167,0.36,243
832,167,0.4,241
835,167,0.4,241
836,167,0.35,240
844,167,0.37,240
845,167,0.4,240
855,167,0.4,241
856,167,0.36,240
857,167,0.34,238
876,167,0.4,240
877,167,0.4,241
892,167,0.33,242
893,167,0.4,242
894,167,0.37,239
895,167,0.36,243
64,168,0.33,242
65,168,0.38,241
77,168,0.36,241
78,168,0.4,238
79,168,0.37,242
112,168,0.37,241
113,168,0.36,240
114,168,0.34,242
128,168,0.4,241
129,168,0.34,241
131,168,0.32,237
161,168,0.36,243
166,168,0.36,241
167,168,0.4,241
186,168,0.37,242
199,168,0.4,241
231,168,0.33,239
253,168,0.39,242
256,168,0.39,239
257,168,0.33,239
258,168,0.4,240
259,168,0.34,237
261,168,0.4,242
262,168,0.38,240
264,168,0.4,242
266,168,0.4,243
267,168,0.37,243
268,168,0.4,240
270,168,0.34,238
278,168,0.33,241
279,168,0.35,240
280,168,0.33,244
285,168,0.4,241
286,168,0.4,245
287,168,0.34,236
291,168,0.39,240
292,168,0.33,242
293,168,0.34,237
297,168,0.35,239
298,168,0.34,242
300,168,0.35,243
301,168,0.4,242
302,168,0.4,242
303,168,0.35,240
304,168,0.39,242
305,168,0.36,241
306,168,0.35,243
308,168,0.33,245
309,168,0.34,234
310,168,0.4,241
311,168,0.38,244
312,168,0.34,242
313,168,0.37,241
314,168,0.34,242
317,168,0.4,243
318,168,0.39,242
319,168,0.36,242
321,168,0.4,237
322,168,0.4,241
323,168,0.36,242
329,168,0.38,244
331,168,0.37,238
332,168,0.4,240
333,168,0.33,240
334,168,0.4,242
335,168,0.4,244
337,168,0.4,241
338,168,0.39,241
339,168,0.4,242
340,168,0.38,239
342,168,0.4,240
344,168,0.4,243
345,168,0.4,242
346,168,0.4,239
348,168,0.4,237
349,168,0.4,240
352,168,0.38,241
355,168,0.4,242
356,168,0.4,241
357,168,0.37,241
359,168,0.4,235
364,168,0.4,241
365,168,0.4,241
366,168,0.4,241
367,168,0.4,240
368,168,0.33,241
369,168,0.35,241
370,168,0.4,240
371,168,0.4,240
372,168,0.4,242
373,168,0.4,243
374,168,0.38,244
377,168,0.35,241
378,168,0.34,242
379,168,0.4,238
380,168,0.36,242
381,168,0.35,240
382,168,0.4,242
401,168,0.4,242
407,168,0.38,244
408,168,0.4,243
410,168,0.4,242
411,168,0.4,242
412,168,0.36,241
413,168,0.36,242
415,168,0.4,239
419,168,0.34,237
456,168,0.39,240
457,168,0.39,240
459,168,0.4,240
461,168,0.4,240
464,168,0.38,243
812,168,0.4,239
820,168,0.39,242
821,168,0.38,242
822,168,0.4,240
823,168,0.4,238
829,168,0.4,240
835,168,0.39,241
836,168,0.4,241
844,168,0.39,243
845,168,0.4,241
846,168,0.4,238
855,168,0.38,243
856,168,0.4,240
876,168,0.35,240
877,168,0.39,240
890,168,0.4,243
891,168,0.34,243
893,168,0.4,242
64,169,0.35,242
65,169,0.4,242
66,169,0.4,241
77,169,0.33,239
78,169,0.34,241
79,169,0.4,241
112,169,0.4,240
114,169,0.39,242
115,169,0.35,243
129,169,0.4,240
130,169,0.34,243
131,169,0.4,242
132,169,0.4,243
161,169,0.4,240
162,169,0.4,237
167,169,0.4,237
169,169,0.33,240
170,169,0.33,240
186,169,0.36,245
188,169,0.4,241
189,169,0.38,238
199,169,0.37,239
230,169,0.4,241
232,169,0.38,241
258,169,0.34,241
259,169,0.4,240
260,169,0.4,240
262,169,0.4,241
264,169,0.4,241
265,169,0.37,240
266,169,0.4,242
267,169,0.36,241
268,169,0.4,241
269,169,0.33,242
270,169,0.38,243
271,169,0.36,240
272,169,0.38,241
278,169,0.4,238
279,169,0.38,240
280,169,0.36,240
281,169,0.4,238
282,169,0.4,238
284,169,0.38,243
285,169,0.4,241
286,169,0.36,240
287,169,0.36,241
288,169,0.35,240
289,169,0.35,243
290,169,0.39,243
291,169,0.36,239
292,169,0.4,241
295,169,0.4,244
296,169,0.4,242
297,169,0.35,239
299,169,0.36,240
300,169,0.4,240
301,169,0.4,241
302,169,0.33,240
303,169,0.35,240
304,169,0.37,242
305,169,0.36,241
306,169,0.35,244
307,169,0.4,245
310,169,0.35,242
311,169,0.4,244
313,169,0.39,238
314,169,0.34,238
317,169,0.38,242
318,169,0.38,243
319,169,0.36,242
321,169,0.35,240
322,169,0.4,240
323,169,0.34,241
326,169,0.39,242
327,169,0.4,242
328,169,0.34,241
329,169,0.37,242
330,169,0.36,242
331,169,0.4,241
332,169,0.4,240
333,169,0.38,239
334,169,0.39,241
335,169,0.34,240
336,169,0.4,242
337,169,0.33,241
338,169,0.4,240
339,169,0.36,238
340,169,0.4,241
342,169,0.35,244
343,169,0.4,245
344,169,0.37,241
345,169,0.38,241
347,169,0.4,239
348,169,0.4,239
352,169,0.37,242
355,169,0.39,238
356,169,0.34,241
357,169,0.4,239
366,169,0.34,240
377,169,0.4,241
378,169,0.4,241
379,169,0.39,236
380,169,0.38,241
381,169,0.4,241
382,169,0.37,241
383,169,0.4,242
384,169,0.4,242
385,169,0.4,241
412,169,0.38,242
413,169,0.4,241
414,169,0.4,246
417,169,0.4,242
419,169,0.4,239
420,169,0.37,240
459,169,0.4,241
461,169,0.37,243
463,169,0.4,242
464,169,0.35,241
808,169,0.4,241
809,169,0.4,243
810,169,0.4,242
818,169,0.38,239
819,169,0.33,242
820,169,0.4,243
821,169,0.37,241
828,169,0.34,241
829,169,0.4,241
834,169,0.33,244
835,169,0.36,243
836,169,0.4,241
844,169,0.4,242
845,169,0.4,240
846,169,0.39,240
854,169,0.4,242
855,169,0.36,242
856,169,0.38,238
875,169,0.33,237
876,169,0.39,241
877,169,0.4,239
890,169,0.4,241
891,169,0.39,241
64,170,0.36,238
66,170,0.34,241
79,170,0.38,240
115,170,0.33,242
116,170,0.38,240
117,170,0.33,240
129,170,0.38,241
132,170,0.34,240
161,170,0.34,240
163,170,0.35,248
164,170,0.37,241
170,170,0.4,240
187,170,0.37,238
188,170,0.37,241
189,170,0.38,236
197,170,0.39,238
198,170,0.4,243
199,170,0.4,240
218,170,0.37,243
219,170,0.4,237
220,170,0.36,241
230,170,0.4,240
232,170,0.4,243
260,170,0.37,240
265,170,0.33,239
268,170,0.33,241
269,170,0.36,242
272,170,0.33,238
273,170,0.4,241
274,170,0.39,242
276,170,0.4,241
277,170,0.4,242
278,170,0.4,240
279,170,0.4,243
280,170,0.35,241
281,170,0.4,237
282,170,0.39,239
283,170,0.4,243
284,170,0.39,239
287,170,0.36,243
288,170,0.4,243
289,170,0.36,243
290,170,0.4,241
295,170,0.4,244
296,170,0.37,246
299,170,0.4,243
310,170,0.36,243
311,170,0.36,242
313,170,0.36,241
315,170,0.37,241
317,170,0.4,241
318,170,0.37,241
319,170,0.37,242
320,170,0.4,241
321,170,0.35,241
322,170,0.34,240
323,170,0.38,240
324,170,0.4,242
325,170,0.38,238
326,170,0.4,240
327,170,0.4,241
328,170,0.4,240
330,170,0.33,242
331,170,0.4,240
332,170,0.4,241
333,170,0.4,242
334,170,0.4,235
336,170,0.35,241
337,170,0.39,243
338,170,0.38,243
339,170,0.4,241
340,170,0.4,242
341,170,0.34,245
342,170,0.34,244
344,170,0.34,239
345,170,0.4,241
346,170,0.34,241
348,170,0.35,244
355,170,0.4,242
356,170,0.33,240
379,170,0.39,243
380,170,0.35,241
383,170,0.4,240
384,170,0.4,242
385,170,0.4,241
386,170,0.4,242
387,170,0.34,243
388,170,0.37,245
417,170,0.35,241
420,170,0.38,239
421,170,0.36,241
423,170,0.38,241
424,170,0.34,241
425,170,0.39,241
462,170,0.37,246
463,170,0.39,241
464,170,0.4,241
465,170,0.39,242
807,170,0.4,242
808,170,0.4,238
809,170,0.34,242
810,170,0.4,240
817,170,0.4,241
818,170,0.39,239
819,170,0.35,240
820,170,0.4,240
826,170,0.35,239
828,170,0.37,240
829,170,0.4,244
835,170,0.4,239
836,170,0.4,239
845,170,0.4,240
846,170,0.4,242
854,170,0.38,241
855,170,0.39,241
876,170,0.36,240
877,170,0.4,240
890,170,0.33,243
891,170,0.4,241
64,171,0.4,238
116,171,0.4,241
117,171,0.35,239
118,171,0.4,241
132,171,0.38,238
164,171,0.4,240
187,171,0.37,242
188,171,0.4,241
189,171,0.4,239
198,171,0.4,244
218,171,0.37,244
219,171,0.4,240
220,171,0.33,237
230,171,0.36,243
231,171,0.39,241
233,171,0.4,242
273,171,0.35,237
277,171,0.34,245
279,171,0.4,244
301,171,0.37,240
306,171,0.34,243
307,171,0.34,243
308,171,0.39,242
309,171,0.37,240
310,171,0.4,240
311,171,0.4,241
312,171,0.4,241
313,171,0.4,240
314,171,0.36,242
315,171,0.34,241
316,171,0.4,242
318,171,0.36,239
319,171,0.36,242
320,171,0.4,242
321,171,0.34,242
322,171,0.4,240
323,171,0.4,240
324,171,0.35,242
325,171,0.4,242
326,171,0.39,241
327,171,0.39,241
328,171,0.39,240
329,171,0.33,242
330,171,0.35,242
331,171,0.4,241
339,171,0.4,241
341,171,0.35,241
344,171,0.33,241
345,171,0.4,239
346,171,0.35,244
351,171,0.4,241
352,171,0.4,241
353,171,0.35,239
354,171,0.36,239
355,171,0.37,242
356,171,0.33,242
357,171,0.4,241
358,171,0.4,242
380,171,0.4,244
383,171,0.35,242
385,171,0.4,239
386,171,0.4,241
387,171,0.33,242
388,171,0.39,241
389,171,0.37,240
391,171,0.38,242
392,171,0.39,240
421,171,0.39,241
422,171,0.4,243
423,171,0.4,239
425,171,0.4,244
426,171,0.35,243
465,171,0.33,242
466,171,0.4,242
467,171,0.4,240
468,171,0.36,245
806,171,0.4,241
807,171,0.36,239
816,171,0.34,240
817,171,0.38,242
818,171,0.4,242
819,171,0.38,241
826,171,0.4,242
827,171,0.35,241
828,171,0.37,241
835,171,0.4,242
836,171,0.4,243
848,171,0.34,242
855,171,0.35,241
857,171,0.35,244
878,171,0.36,240
879,171,0.33,244
891,171,0.37,242
63,172,0.39,239
64,172,0.37,239
65,172,0.4,241
79,172,0.39,239
80,172,0.34,239
117,172,0.39,239
118,172,0.4,241
165,172,0.36,240
171,172,0.4,241
172,172,0.4,241
188,172,0.4,240
189,172,0.37,241
197,172,0.4,243
198,172,0.39,240
231,172,0.4,241
233,172,0.4,238
234,172,0.33,241
283,172,0.33,241
284,172,0.37,240
288,172,0.4,241
289,172,0.34,241
291,172,0.37,242
292,172,0.35,239
295,172,0.4,243
296,172,0.4,242
297,172,0.4,236
298,172,0.38,239
300,172,0.4,239
301,172,0.4,238
302,172,0.33,242
304,172,0.38,241
305,172,0.39,240
306,172,0.4,241
307,172,0.35,238
308,172,0.33,240
309,172,0.36,240
310,172,0.37,242
311,172,0.38,241
312,172,0.4,242
313,172,0.34,241
316,172,0.38,241
319,172,0.35,243
320,172,0.4,241
321,172,0.35,242
322,172,0.39,237
323,172,0.36,239
324,172,0.33,241
325,172,0.4,240
326,172,0.34,240
327,172,0.34,240
328,172,0.37,244
329,172,0.37,241
330,172,0.34,238
338,172,0.35,241
339,172,0.33,237
353,172,0.4,243
356,172,0.4,244
357,172,0.4,242
359,172,0.4,241
360,172,0.36,241
362,172,0.37,240
363,172,0.34,240
388,172,0.4,240
389,172,0.4,244
392,172,0.4,243
393,172,0.37,240
426,172,0.35,240
427,172,0.37,239
466,172,0.4,236
467,172,0.35,244
468,172,0.34,244
469,172,0.33,241
470,172,0.39,241
806,172,0.38,243
807,172,0.34,237
816,172,0.36,240
817,172,0.33,242
826,172,0.4,240
827,172,0.34,239
828,172,0.4,240
846,172,0.37,239
847,172,0.33,240
848,172,0.38,241
849,172,0.4,238
850,172,0.39,240
855,172,0.37,239
857,172,0.33,239
859,172,0.33,239
877,172,0.38,243
878,172,0.4,240
879,172,0.37,242
880,172,0.35,243
882,172,0.4,242
883,172,0.37,241
886,172,0.4,243
887,172,0.36,242
891,172,0.4,242
892,172,0.4,241
894,172,0.4,241
895,172,0.38,241
896,172,0.4,243
899,172,0.33,238
922,172,0.39,241
925,172,0.33,240
926,172,0.4,242
944,172,0.37,240
945,172,0.38,239
949,172,0.34,242
950,172,0.4,243
954,172,0.4,241
955,172,0.37,241
956,172,0.36,242
958,172,0.38,236
959,172,0.4,241
961,172,0.39,241
962,172,0.4,237
62,173,0.39,246
63,173,0.38,241
64,173,0.34,244
79,173,0.38,240
80,173,0.4,241
118,173,0.4,244
134,173,0.33,239
135,173,0.37,241
136,173,0.35,241
171,173,0.4,239
172,173,0.4,247
197,173,0.33,240
198,173,0.4,241
199,173,0.4,241
219,173,0.33,243
220,173,0.4,242
233,173,0.39,241
234,173,0.4,243
235,173,0.36,243
236,173,0.4,247
239,173,0.4,244
241,173,0.38,239
278,173,0.4,242
279,173,0.39,242
280,173,0.35,242
282,173,0.33,242
286,173,0.37,243
288,173,0.4,242
289,173,0.38,241
290,173,0.4,240
291,173,0.4,241
292,173,0.35,241
293,173,0.36,240
294,173,0.38,239
295,173,0.33,241
296,173,0.34,238
297,173,0.4,241
299,173,0.4,239
300,173,0.39,243
305,173,0.4,242
308,173,0.37,239
309,173,0.35,239
310,173,0.4,242
311,173,0.38,244
312,173,0.39,246
313,173,0.4,244
314,173,0.37,238
315,173,0.38,241
317,173,0.4,241
318,173,0.4,242
319,173,0.37,242
320,173,0.4,240
321,173,0.4,241
322,173,0.34,241
323,173,0.4,240
324,173,0.38,242
327,173,0.38,243
328,173,0.33,239
329,173,0.35,240
330,173,0.4,240
332,173,0.34,240
333,173,0.38,240
334,173,0.4,241
335,173,0.4,241
336,173,0.4,242
337,173,0.39,239
338,173,0.4,241
339,173,0.4,241
344,173,0.36,244
360,173,0.4,241
361,173,0.4,241
362,173,0.37,241
363,173,0.4,241
366,173,0.38,238
367,173,0.36,242
368,173,0.39,241
394,173,0.38,241
395,173,0.4,242
397,173,0.38,238
398,173,0.35,242
426,173,0.4,241
427,173,0.4,241
429,173,0.34,243
469,173,0.33,239
470,173,0.4,242
804,173,0.4,241
805,173,0.4,239
806,173,0.33,241
807,173,0.4,240
816,173,0.36,245
825,173,0.4,241
826,173,0.34,245
827,173,0.4,242
835,173,0.34,242
836,173,0.37,238
838,173,0.37,242
848,173,0.4,241
849,173,0.4,240
851,173,0.4,242
853,173,0.4,241
855,173,0.4,241
857,173,0.4,241
859,173,0.35,240
860,173,0.34,242
861,173,0.37,243
872,173,0.33,238
873,173,0.36,242
876,173,0.33,243
878,173,0.35,242
879,173,0.38,240
880,173,0.39,242
882,173,0.33,239
883,173,0.38,241
884,173,0.33,244
885,173,0.35,242
886,173,0.37,242
887,173,0.37,243
888,173,0.4,244
891,173,0.35,241
892,173,0.37,241
893,173,0.38,241
894,173,0.34,241
895,173,0.4,240
896,173,0.38,240
897,173,0.36,242
898,173,0.35,241
899,173,0.33,241
900,173,0.4,241
901,173,0.4,241
902,173,0.34,241
903,173,0.4,245
904,173,0.34,242
905,173,0.4,241
909,173,0.4,241
910,173,0.38,238
911,173,0.39,239
912,173,0.36,242
913,173,0.38,242
914,173,0.34,240
915,173,0.34,241
916,173,0.4,240
917,173,0.4,240
918,173,0.39,241
919,173,0.4,241
920,173,0.4,240
921,173,0.4,239
922,173,0.4,240
923,173,0.4,241
924,173,0.36,240
925,173,0.38,242
926,173,0.35,240
927,173,0.4,241
928,173,0.36,242
929,173,0.4,240
930,173,0.39,242
931,173,0.36,240
932,173,0.35,241
933,173,0.4,240
934,173,0.4,242
935,173,0.4,243
936,173,0.4,241
937,173,0.4,242
938,173,0.4,240
939,173,0.4,238
940,173,0.4,241
941,173,0.33,241
942,173,0.4,243
943,173,0.4,241
944,173,0.4,241
945,173,0.4,239
946,173,0.33,241
947,173,0.36,240
949,173,0.36,244
950,173,0.33,242
951,173,0.37,240
952,173,0.4,241
953,173,0.4,241
954,173,0.4,242
955,173,0.38,241
956,173,0.4,243
958,173,0.4,241
959,173,0.33,243
961,173,0.4,244
962,173,0.4,242
963,173,0.37,240
964,173,0.4,240
965,173,0.4,243
966,173,0.4,245
967,173,0.38,241
63,174,0.33,241
79,174,0.34,241
81,174,0.4,243
119,174,0.34,241
120,174,0.4,242
135,174,0.36,242
164,174,0.35,241
165,174,0.35,242
172,174,0.33,243
173,174,0.36,241
174,174,0.36,243
188,174,0.4,238
189,174,0.34,240
197,174,0.34,240
198,174,0.38,238
200,174,0.4,241
217,174,0.4,242
218,174,0.4,240
219,174,0.4,242
235,174,0.4,240
236,174,0.37,240
240,174,0.36,246
241,174,0.4,239
242,174,0.4,241
243,174,0.4,242
261,174,0.37,241
265,174,0.4,241
266,174,0.37,235
268,174,0.4,240
269,174,0.39,242
270,174,0.33,240
272,174,0.4,241
273,174,0.4,245
275,174,0.4,242
276,174,0.39,240
281,174,0.34,242
285,174,0.37,242
288,174,0.4,243
289,174,0.39,243
294,174,0.4,243
314,174,0.35,240
336,174,0.39,239
337,174,0.4,241
339,174,0.35,241
343,174,0.34,242
344,174,0.33,240
345,174,0.4,240
348,174,0.4,240
364,174,0.4,243
365,174,0.36,240
394,174,0.4,240
395,174,0.4,243
398,174,0.4,243
427,174,0.33,239
428,174,0.36,241
429,174,0.4,243
430,174,0.4,245
432,174,0.33,242
469,174,0.35,242
470,174,0.4,242
471,174,0.4,243
806,174,0.36,240
816,174,0.4,244
825,174,0.4,242
837,174,0.4,241
838,174,0.4,242
839,174,0.37,242
840,174,0.33,239
850,174,0.35,239
851,174,0.4,240
852,174,0.4,241
856,174,0.4,240
857,174,0.33,241
858,174,0.39,242
860,174,0.4,241
861,174,0.4,242
862,174,0.4,241
863,174,0.4,240
864,174,0.34,240
865,174,0.32,234
867,174,0.38,244
868,174,0.38,241
869,174,0.34,242
870,174,0.4,241
871,174,0.37,241
872,174,0.4,239
873,174,0.36,243
874,174,0.35,242
875,174,0.39,238
879,174,0.34,241
880,174,0.35,241
881,174,0.38,241
882,174,0.39,242
884,174,0.37,237
885,174,0.4,241
886,174,0.35,245
887,174,0.4,243
888,174,0.34,242
889,174,0.4,241
890,174,0.39,241
891,174,0.38,241
892,174,0.35,241
893,174,0.37,241
894,174,0.36,241
895,174,0.36,240
896,174,0.34,242
897,174,0.4,240
898,174,0.4,241
899,174,0.4,241
900,174,0.39,242
901,174,0.4,241
902,174,0.4,240
903,174,0.4,242
904,174,0.4,241
905,174,0.4,240
906,174,0.4,241
907,174,0.35,242
908,174,0.4,243
909,174,0.35,242
910,174,0.34,241
911,174,0.37,240
912,174,0.4,241
913,174,0.4,241
914,174,0.34,241
915,174,0.33,241
916,174,0.39,240
917,174,0.37,242
918,174,0.36,241
919,174,0.4,241
920,174,0.4,242
921,174,0.34,241
922,174,0.4,241
923,174,0.4,242
924,174,0.38,242
925,174,0.35,241
926,174,0.4,243
927,174,0.38,241
928,174,0.35,240
929,174,0.34,241
930,174,0.38,240
931,174,0.4,241
932,174,0.39,242
933,174,0.4,241
934,174,0.36,241
935,174,0.34,241
936,174,0.37,241
937,174,0.38,241
938,174,0.36,240
939,174,0.4,241
940,174,0.4,242
941,174,0.4,241
942,174,0.39,245
943,174,0.38,242
944,174,0.33,240
945,174,0.4,242
946,174,0.39,242
947,174,0.36,243
948,174,0.34,242
949,174,0.34,242
950,174,0.37,240
951,174,0.4,241
952,174,0.4,241
953,174,0.37,243
954,174,0.4,242
956,174,0.35,239
957,174,0.35,241
958,174,0.4,242
960,174,0.4,238
961,174,0.4,240
966,174,0.33,245
967,174,0.4,240
968,174,0.4,240
969,174,0.4,242
970,174,0.33,242
58,175,0.39,241
59,175,0.37,243
81,175,0.38,240
82,175,0.4,237
119,175,0.35,241
120,175,0.36,241
137,175,0.36,240
165,175,0.35,242
166,175,0.34,237
173,175,0.4,242
174,175,0.39,240
189,175,0.4,242
190,175,0.4,241
199,175,0.34,239
217,175,0.4,242
237,175,0.38,241
239,175,0.39,246
240,175,0.4,242
241,175,0.38,241
243,175,0.4,240
244,175,0.4,241
245,175,0.4,238
247,175,0.39,239
249,175,0.34,240
258,175,0.39,240
259,175,0.38,241
262,175,0.34,242
263,175,0.4,242
266,175,0.4,241
267,175,0.4,240
268,175,0.33,241
271,175,0.4,241
272,175,0.36,240
274,175,0.4,240
275,175,0.38,241
276,175,0.34,241
277,175,0.4,240
278,175,0.39,241
279,175,0.4,242
343,175,0.35,240
344,175,0.35,241
345,175,0.4,241
346,175,0.4,242
347,175,0.33,239
348,175,0.4,238
349,175,0.34,241
350,175,0.36,240
353,175,0.38,239
354,175,0.4,242
367,175,0.35,241
368,175,0.33,240
369,175,0.33,241
371,175,0.4,239
372,175,0.34,239
396,175,0.35,240
398,175,0.4,242
432,175,0.4,243
471,175,0.39,243
472,175,0.4,242
804,175,0.4,240
805,175,0.38,240
806,175,0.4,241
815,175,0.36,243
825,175,0.33,240
840,175,0.4,242
841,175,0.35,241
842,175,0.4,241
851,175,0.39,240
852,175,0.37,241
853,175,0.39,240
857,175,0.4,240
858,175,0.38,238
862,175,0.36,239
863,175,0.38,241
864,175,0.33,240
866,175,0.38,240
867,175,0.39,240
868,175,0.37,241
869,175,0.38,240
870,175,0.33,238
871,175,0.39,241
872,175,0.35,241
873,175,0.34,242
874,175,0.39,240
875,175,0.34,237
876,175,0.36,240
877,175,0.36,240
878,175,0.38,240
879,175,0.35,241
880,175,0.35,242
881,175,0.4,241
882,175,0.37,242
883,175,0.38,242
884,175,0.35,242
885,175,0.39,241
886,175,0.4,242
887,175,0.34,240
888,175,0.39,241
889,175,0.33,240
890,175,0.33,239
891,175,0.34,241
892,175,0.4,241
893,175,0.37,240
894,175,0.37,242
895,175,0.35,241
896,175,0.39,241
897,175,0.33,240
898,175,0.35,240
899,175,0.33,240
900,175,0.35,241
901,175,0.33,240
902,175,0.36,239
903,175,0.4,240
904,175,0.4,240
905,175,0.34,242
906,175,0.4,241
907,175,0.36,240
908,175,0.4,242
909,175,0.4,241
910,175,0.4,241
911,175,0.35,242
912,175,0.36,242
913,175,0.39,243
914,175,0.4,241
915,175,0.38,239
916,175,0.4,241
917,175,0.34,241
918,175,0.35,241
919,175,0.35,241
920,175,0.4,241
921,175,0.4,241
922,175,0.38,240
923,175,0.38,240
924,175,0.4,242
925,175,0.4,241
926,175,0.4,242
927,175,0.35,241
928,175,0.4,239
929,175,0.37,242
930,175,0.38,242
931,175,0.34,241
932,175,0.39,240
933,175,0.4,241
934,175,0.4,240
935,175,0.4,241
936,175,0.4,241
937,175,0.37,241
938,175,0.4,242
939,175,0.36,242
940,175,0.35,240
941,175,0.37,241
942,175,0.33,240
943,175,0.4,241
944,175,0.4,241
945,175,0.37,242
946,175,0.4,242
947,175,0.34,241
948,175,0.4,242
949,175,0.36,238
950,175,0.39,239
951,175,0.4,242
952,175,0.4,239
953,175,0.36,245
955,175,0.4,241
956,175,0.4,242
957,175,0.4,240
958,175,0.4,241
961,175,0.4,242
962,175,0.4,240
963,175,0.4,240
60,176,0.36,240
80,176,0.4,247
81,176,0.36,238
119,176,0.39,241
120,176,0.4,244
166,176,0.33,245
171,176,0.4,240
172,176,0.4,243
174,176,0.4,240
175,176,0.37,241
188,176,0.4,241
189,176,0.38,244
199,176,0.34,242
217,176,0.4,241
218,176,0.4,241
241,176,0.4,240
242,176,0.39,238
246,176,0.4,241
248,176,0.4,241
249,176,0.4,240
250,176,0.4,241
251,176,0.36,243
252,176,0.36,241
253,176,0.39,243
254,176,0.39,242
255,176,0.34,240
257,176,0.37,239
258,176,0.4,244
264,176,0.39,240
265,176,0.4,242
267,176,0.37,241
270,176,0.4,241
283,176,0.37,242
293,176,0.4,241
294,176,0.4,242
298,176,0.4,247
350,176,0.34,240
352,176,0.34,240
353,176,0.38,240
354,176,0.35,241
355,176,0.34,242
369,176,0.36,240
370,176,0.4,240
371,176,0.38,242
372,176,0.4,242
373,176,0.35,239
399,176,0.4,242
400,176,0.35,242
401,176,0.37,241
430,176,0.33,235
431,176,0.4,242
432,176,0.34,242
471,176,0.4,240
472,176,0.38,242
473,176,0.4,242
804,176,0.36,244
826,176,0.38,239
827,176,0.4,243
842,176,0.4,242
843,176,0.37,239
844,176,0.36,245
852,176,0.4,242
853,176,0.4,241
858,176,0.39,241
859,176,0.38,241
863,176,0.34,241
864,176,0.35,242
865,176,0.33,239
866,176,0.4,238
872,176,0.4,239
875,176,0.37,241
876,176,0.36,240
877,176,0.35,242
878,176,0.36,241
879,176,0.4,242
880,176,0.33,242
881,176,0.4,242
886,176,0.37,236
887,176,0.4,240
888,176,0.4,242
889,176,0.39,241
890,176,0.34,244
892,176,0.34,240
893,176,0.36,241
894,176,0.36,243
895,176,0.33,237
898,176,0.4,238
899,176,0.4,239
900,176,0.4,239
901,176,0.36,240
902,176,0.39,240
903,176,0.4,240
904,176,0.36,240
905,176,0.38,241
907,176,0.33,242
908,176,0.4,243
913,176,0.33,240
914,176,0.34,241
915,176,0.38,242
916,176,0.34,239
922,176,0.38,240
923,176,0.39,241
925,176,0.4,242
926,176,0.4,242
930,176,0.4,238
931,176,0.34,240
932,176,0.36,242
933,176,0.38,242
934,176,0.4,242
935,176,0.35,243
936,176,0.4,240
937,176,0.34,240
938,176,0.4,242
939,176,0.4,242
941,176,0.4,241
942,176,0.4,239
954,176,0.36,241
955,176,0.4,242
962,176,0.4,240
54,177,0.35,243
55,177,0.34,239
56,177,0.36,242
57,177,0.35,241
58,177,0.4,242
80,177,0.4,239
81,177,0.36,241
119,177,0.4,240
120,177,0.34,241
121,177,0.37,240
167,177,0.4,243
168,177,0.34,238
173,177,0.35,241
187,177,0.4,240
188,177,0.39,241
197,177,0.4,243
199,177,0.34,243
216,177,0.38,242
217,177,0.4,241
251,177,0.4,243
252,177,0.4,242
255,177,0.4,239
256,177,0.34,240
260,177,0.35,235
278,177,0.36,240
279,177,0.4,239
287,177,0.37,243
293,177,0.4,241
294,177,0.37,243
295,177,0.4,240
296,177,0.35,240
297,177,0.39,241
300,177,0.35,240
301,177,0.4,240
302,177,0.37,241
303,177,0.34,243
304,177,0.33,240
305,177,0.35,241
306,177,0.33,240
309,177,0.4,242
310,177,0.37,239
351,177,0.38,243
352,177,0.38,240
356,177,0.36,239
357,177,0.4,243
358,177,0.4,241
373,177,0.34,238
374,177,0.34,241
401,177,0.4,241
402,177,0.4,241
432,177,0.36,242
433,177,0.33,242
434,177,0.4,240
435,177,0.4,241
473,177,0.36,240
474,177,0.4,240
803,177,0.35,242
804,177,0.35,242
813,177,0.4,241
814,177,0.4,240
815,177,0.37,241
816,177,0.4,241
826,177,0.4,243
827,177,0.39,241
841,177,0.37,240
842,177,0.4,242
845,177,0.4,240
846,177,0.33,240
847,177,0.4,241
848,177,0.34,240
849,177,0.35,242
850,177,0.38,243
851,177,0.4,238
853,177,0.4,242
854,177,0.4,241
855,177,0.4,240
858,177,0.4,243
859,177,0.4,241
860,177,0.38,240
861,177,0.4,241
862,177,0.34,240
864,177,0.4,244
865,177,0.36,244
868,177,0.4,240
869,177,0.4,240
871,177,0.35,243
872,177,0.37,242
873,177,0.4,242
874,177,0.37,239
875,177,0.4,243
877,177,0.33,242
879,177,0.34,234
881,177,0.36,240
882,177,0.38,242
883,177,0.37,242
884,177,0.37,242
885,177,0.37,239
886,177,0.4,244
919,177,0.4,240
923,177,0.37,240
924,177,0.4,240
929,177,0.4,242
934,177,0.36,240
935,177,0.4,240
52,178,0.4,239
53,178,0.4,240
55,178,0.38,241
56,178,0.34,240
57,178,0.38,239
80,178,0.35,240
81,178,0.38,243
82,178,0.4,241
120,178,0.35,241
121,178,0.4,240
122,178,0.4,240
137,178,0.4,240
138,178,0.4,240
166,178,0.33,241
171,178,0.38,239
172,178,0.4,242
187,178,0.38,241
188,178,0.39,240
198,178,0.4,244
216,178,0.38,241
217,178,0.4,242
281,178,0.38,243
283,178,0.39,237
284,178,0.4,239
285,178,0.38,240
288,178,0.4,241
289,178,0.37,240
290,178,0.39,241
291,178,0.4,243
292,178,0.4,242
294,178,0.4,243
295,178,0.4,242
296,178,0.38,241
297,178,0.39,238
298,178,0.4,243
299,178,0.34,241
302,178,0.34,241
303,178,0.38,242
304,178,0.4,240
307,178,0.4,241
308,178,0.33,241
310,178,0.4,243
311,178,0.38,241
314,178,0.33,240
355,178,0.36,239
360,178,0.34,241
361,178,0.4,242
375,178,0.37,243
376,178,0.4,241
377,178,0.33,241
403,178,0.35,241
404,178,0.33,240
405,178,0.4,240
406,178,0.34,241
434,178,0.38,245
435,178,0.35,241
473,178,0.35,242
474,178,0.34,241
475,178,0.37,241
804,178,0.35,241
805,178,0.38,243
815,178,0.4,241
826,178,0.4,242
827,178,0.36,242
849,178,0.4,241
851,178,0.4,243
852,178,0.37,243
856,178,0.4,241
857,178,0.4,241
858,178,0.4,242
862,178,0.4,238
863,178,0.4,241
864,178,0.4,243
865,178,0.39,240
866,178,0.4,242
867,178,0.38,241
868,178,0.4,241
869,178,0.34,240
870,178,0.39,240
871,178,0.39,238
877,178,0.39,242
909,178,0.37,241
910,178,0.34,243
911,178,0.34,241
912,178,0.37,239
913,178,0.33,242
914,178,0.37,241
915,178,0.39,241
916,178,0.4,239
917,178,0.4,240
919,178,0.37,241
922,178,0.4,244
923,178,0.4,244
927,178,0.4,241
928,178,0.4,241
52,179,0.4,240
53,179,0.37,240
54,179,0.37,241
80,179,0.35,240
120,179,0.4,242
121,179,0.36,241
122,179,0.4,241
136,179,0.38,240
137,179,0.4,244
138,179,0.34,239
139,179,0.4,240
166,179,0.39,242
171,179,0.4,241
172,179,0.36,240
173,179,0.37,243
187,179,0.38,242
196,179,0.4,242
197,179,0.39,244
216,179,0.37,238
217,179,0.38,243
303,179,0.39,240
304,179,0.33,241
307,179,0.35,241
310,179,0.37,245
312,179,0.37,241
313,179,0.4,242
317,179,0.36,243
318,179,0.34,241
319,179,0.35,242
320,179,0.33,242
323,179,0.36,235
361,179,0.4,241
362,179,0.4,241
376,179,0.37,239
377,179,0.33,239
378,179,0.35,239
403,179,0.4,240
404,179,0.39,244
405,179,0.33,246
435,179,0.38,241
436,179,0.4,238
473,179,0.4,243
474,179,0.33,239
475,179,0.39,241
802,179,0.4,240
803,179,0.4,242
814,179,0.35,242
815,179,0.38,241
827,179,0.35,242
904,179,0.35,239
905,179,0.33,241
906,179,0.34,240
909,179,0.4,239
910,179,0.36,240
911,179,0.39,240
915,179,0.38,237
916,179,0.34,241
917,179,0.36,239
48,180,0.39,239
50,180,0.4,245
51,180,0.34,240
52,180,0.35,242
53,180,0.4,238
79,180,0.4,242
80,180,0.4,242
120,180,0.4,242
121,180,0.34,239
122,180,0.36,240
135,180,0.4,242
136,180,0.4,241
137,180,0.39,242
166,180,0.36,242
171,180,0.4,240
187,180,0.37,241
196,180,0.34,243
217,180,0.38,238
218,180,0.4,240
282,180,0.35,242
289,180,0.35,242
314,180,0.34,242
315,180,0.33,241
316,180,0.4,241
318,180,0.4,239
319,180,0.4,241
322,180,0.38,241
323,180,0.39,241
324,180,0.37,241
361,180,0.4,241
362,180,0.34,240
364,180,0.33,239
379,180,0.4,238
405,180,0.35,240
406,180,0.35,240
407,180,0.39,240
436,180,0.4,241
474,180,0.36,242
475,180,0.34,242
476,180,0.33,240
803,180,0.4,234
804,180,0.34,239
815,180,0.33,240
816,180,0.4,239
827,180,0.39,240
895,180,0.38,242
896,180,0.4,242
897,180,0.37,240
900,180,0.4,242
902,180,0.35,241
903,180,0.39,242
905,180,0.38,241
906,180,0.4,242
45,181,0.4,241
46,181,0.38,241
79,181,0.37,240
119,181,0.4,241
120,181,0.38,243
135,181,0.34,242
136,181,0.38,241
137,181,0.33,242
166,181,0.39,239
170,181,0.4,241
171,181,0.4,240
196,181,0.35,242
198,181,0.33,241
216,181,0.38,243
217,181,0.4,239
218,181,0.36,240
271,181,0.34,240
272,181,0.34,240
273,181,0.38,241
274,181,0.4,244
275,181,0.38,242
276,181,0.37,240
277,181,0.4,239
278,181,0.4,240
279,181,0.35,238
280,181,0.4,239
281,181,0.33,241
282,181,0.37,242
283,181,0.38,241
288,181,0.34,240
289,181,0.34,242
292,181,0.4,242
293,181,0.35,241
295,181,0.36,243
298,181,0.4,235
324,181,0.35,241
325,181,0.34,241
326,181,0.38,241
362,181,0.4,241
364,181,0.4,241
365,181,0.4,240
366,181,0.34,238
378,181,0.33,242
379,181,0.4,240
380,181,0.4,241
381,181,0.36,238
407,181,0.38,235
408,181,0.4,240
436,181,0.4,240
437,181,0.4,243
474,181,0.35,242
475,181,0.4,241
815,181,0.35,239
816,181,0.37,241
817,181,0.35,241
818,181,0.4,241
828,181,0.4,241
829,181,0.36,242
830,181,0.4,242
890,181,0.4,239
892,181,0.4,239
894,181,0.4,236
895,181,0.38,241
898,181,0.37,240
899,181,0.4,240
900,181,0.36,241
901,181,0.33,236
903,181,0.4,242
44,182,0.4,242
45,182,0.33,240
46,182,0.4,240
78,182,0.38,240
79,182,0.37,239
80,182,0.37,243
119,182,0.4,240
120,182,0.4,240
134,182,0.36,242
135,182,0.4,242
166,182,0.4,241
169,182,0.35,241
170,182,0.33,242
185,182,0.38,236
187,182,0.38,240
188,182,0.4,239
195,182,0.38,241
217,182,0.36,243
218,182,0.4,239
269,182,0.4,239
270,182,0.34,241
272,182,0.38,241
273,182,0.33,238
275,182,0.34,239
276,182,0.4,241
277,182,0.36,240
278,182,0.4,242
279,182,0.4,242
282,182,0.4,239
283,182,0.4,241
284,182,0.4,243
286,182,0.33,244
287,182,0.37,239
291,182,0.36,242
292,182,0.4,242
293,182,0.33,239
294,182,0.4,243
295,182,0.33,240
296,182,0.39,240
297,182,0.34,243
298,182,0.35,240
324,182,0.33,241
325,182,0.4,244
326,182,0.39,240
327,182,0.4,237
330,182,0.37,243
366,182,0.39,238
379,182,0.4,236
380,182,0.4,244
381,182,0.34,238
382,182,0.4,238
383,182,0.38,243
435,182,0.37,242
436,182,0.37,243
474,182,0.4,241
802,182,0.39,241
803,182,0.35,242
804,182,0.4,239
818,182,0.4,242
819,182,0.35,241
820,182,0.39,239
828,182,0.4,243
829,182,0.35,241
830,182,0.37,242
880,182,0.4,240
886,182,0.4,241
887,182,0.4,243
888,182,0.4,243
889,182,0.4,240
890,182,0.4,241
891,182,0.4,239
892,182,0.4,241
893,182,0.39,237
894,182,0.35,242
895,182,0.4,242
43,183,0.4,238
44,183,0.4,241
45,183,0.34,241
46,183,0.4,242
78,183,0.4,241
79,183,0.37,240
119,183,0.35,240
120,183,0.33,239
132,183,0.36,239
133,183,0.34,243
134,183,0.4,243
135,183,0.35,243
163,183,0.39,237
164,183,0.39,240
165,183,0.34,241
166,183,0.39,241
169,183,0.4,241
170,183,0.4,240
184,183,0.4,240
185,183,0.36,243
193,183,0.37,239
194,183,0.33,241
196,183,0.39,239
217,183,0.4,241
218,183,0.4,241
270,183,0.4,242
271,183,0.4,243
273,183,0.4,238
275,183,0.35,239
282,183,0.38,240
283,183,0.33,243
284,183,0.4,238
286,183,0.35,242
287,183,0.34,241
291,183,0.4,241
292,183,0.39,239
295,183,0.39,241
296,183,0.38,242
297,183,0.4,241
298,183,0.4,242
299,183,0.36,241
300,183,0.4,243
301,183,0.4,241
302,183,0.4,244
303,183,0.36,242
304,183,0.4,240
305,183,0.35,239
326,183,0.4,243
328,183,0.36,241
330,183,0.36,243
331,183,0.35,240
332,183,0.39,243
333,183,0.39,239
368,183,0.33,240
383,183,0.4,241
435,183,0.37,242
436,183,0.4,241
437,183,0.33,239
802,183,0.39,242
803,183,0.39,240
804,183,0.37,241
818,183,0.39,241
819,183,0.35,242
820,183,0.4,242
821,183,0.4,241
822,183,0.37,241
824,183,0.4,241
826,183,0.39,239
830,183,0.4,242
872,183,0.33,241
876,183,0.4,242
877,183,0.38,239
880,183,0.34,241
881,183,0.4,242
882,183,0.34,240
883,183,0.4,240
884,183,0.39,242
885,183,0.38,241
886,183,0.35,243
887,183,0.34,241
889,183,0.37,240
890,183,0.4,244
891,183,0.37,241
893,183,0.35,244
43,184,0.4,242
44,184,0.34,241
76,184,0.4,242
77,184,0.4,242
78,184,0.4,243
116,184,0.4,242
117,184,0.4,239
118,184,0.39,244
130,184,0.37,239
131,184,0.4,241
132,184,0.33,240
133,184,0.37,244
134,184,0.39,242
163,184,0.4,241
164,184,0.34,242
165,184,0.36,241
166,184,0.33,242
168,184,0.4,242
169,184,0.38,242
182,184,0.4,243
183,184,0.4,242
184,184,0.36,242
193,184,0.36,242
194,184,0.38,235
217,184,0.36,242
274,184,0.36,241
277,184,0.4,243
278,184,0.33,242
280,184,0.4,241
281,184,0.4,240
298,184,0.38,242
299,184,0.34,242
300,184,0.35,238
301,184,0.4,241
302,184,0.39,244
303,184,0.4,240
305,184,0.36,242
306,184,0.4,241
307,184,0.39,239
308,184,0.35,241
309,184,0.33,242
311,184,0.4,238
312,184,0.38,240
313,184,0.39,241
314,184,0.4,242
328,184,0.34,243
330,184,0.4,243
331,184,0.33,239
332,184,0.4,242
333,184,0.4,241
368,184,0.38,241
369,184,0.38,241
410,184,0.4,243
436,184,0.34,242
437,184,0.38,240
474,184,0.4,239
804,184,0.36,240
821,184,0.36,242
822,184,0.4,242
824,184,0.4,240
825,184,0.35,241
826,184,0.38,240
828,184,0.4,244
829,184,0.4,240
830,184,0.38,244
833,184,0.4,241
834,184,0.4,241
835,184,0.4,242
837,184,0.33,240
838,184,0.37,240
864,184,0.37,242
867,184,0.4,241
868,184,0.4,240
869,184,0.4,238
870,184,0.4,246
872,184,0.4,242
874,184,0.37,240
876,184,0.33,241
877,184,0.35,241
879,184,0.34,240
880,184,0.4,241
881,184,0.4,243
882,184,0.4,241
883,184,0.4,241
884,184,0.35,240
885,184,0.4,241
887,184,0.39,239
41,185,0.36,242
42,185,0.39,241
43,185,0.4,242
76,185,0.4,239
77,185,0.4,241
78,185,0.37,240
116,185,0.37,240
126,185,0.38,241
128,185,0.33,243
129,185,0.4,241
130,185,0.38,242
131,185,0.38,239
132,185,0.4,240
161,185,0.37,238
163,185,0.4,240
164,185,0.36,240
165,185,0.37,242
166,185,0.4,241
167,185,0.39,238
182,185,0.34,241
183,185,0.34,241
184,185,0.32,239
192,185,0.4,241
193,185,0.4,242
219,185,0.35,240
220,185,0.34,241
254,185,0.37,239
255,185,0.36,242
258,185,0.35,243
259,185,0.33,241
260,185,0.34,241
265,185,0.38,241
266,185,0.4,241
267,185,0.4,242
271,185,0.37,237
272,185,0.34,240
273,185,0.38,240
274,185,0.4,242
275,185,0.4,242
276,185,0.37,242
277,185,0.35,244
278,185,0.35,241
279,185,0.35,241
280,185,0.4,241
281,185,0.33,240
282,185,0.36,245
286,185,0.38,243
287,185,0.4,239
290,185,0.34,243
305,185,0.33,240
306,185,0.4,240
308,185,0.4,241
309,185,0.4,241
310,185,0.38,242
311,185,0.39,243
312,185,0.39,241
313,185,0.4,238
314,185,0.33,241
315,185,0.4,241
316,185,0.39,240
369,185,0.4,238
370,185,0.4,241
382,185,0.39,244
383,185,0.33,243
410,185,0.33,243
436,185,0.36,240
437,185,0.4,238
474,185,0.4,237
475,185,0.37,240
804,185,0.38,243
805,185,0.39,242
806,185,0.38,239
807,185,0.33,241
824,185,0.4,242
827,185,0.35,242
828,185,0.37,242
829,185,0.37,242
830,185,0.38,242
832,185,0.37,239
833,185,0.4,238
834,185,0.4,241
835,185,0.34,243
836,185,0.4,244
837,185,0.36,239
838,185,0.36,239
839,185,0.33,238
860,185,0.35,241
863,185,0.4,241
864,185,0.36,242
867,185,0.34,245
868,185,0.4,243
869,185,0.35,242
870,185,0.39,244
871,185,0.4,245
874,185,0.39,241
879,185,0.39,239
39,186,0.4,241
40,186,0.36,242
41,186,0.4,240
42,186,0.38,242
75,186,0.4,241
76,186,0.4,241
107,186,0.4,245
108,186,0.33,240
109,186,0.35,241
112,186,0.4,239
113,186,0.36,240
114,186,0.4,239
116,186,0.35,244
124,186,0.35,240
125,186,0.33,243
126,186,0.38,240
127,186,0.33,240
128,186,0.33,241
129,186,0.4,241
130,186,0.38,240
132,186,0.34,241
163,186,0.39,241
164,186,0.37,241
165,186,0.4,240
166,186,0.4,241
167,186,0.35,242
180,186,0.33,239
182,186,0.4,242
191,186,0.4,242
192,186,0.39,242
193,186,0.37,242
219,186,0.37,240
220,186,0.4,240
221,186,0.37,241
222,186,0.34,242
223,186,0.4,238
252,186,0.4,241
257,186,0.39,242
258,186,0.4,242
259,186,0.36,242
260,186,0.35,241
262,186,0.4,238
263,186,0.38,244
265,186,0.39,241
266,186,0.4,242
267,186,0.37,241
268,186,0.4,242
270,186,0.35,242
271,186,0.39,242
272,186,0.39,240
273,186,0.4,240
274,186,0.38,242
275,186,0.4,244
276,186,0.36,243
277,186,0.37,240
278,186,0.4,242
282,186,0.34,243
283,186,0.38,244
284,186,0.4,240
285,186,0.38,242
286,186,0.4,241
287,186,0.37,240
288,186,0.37,243
289,186,0.36,244
290,186,0.38,241
291,186,0.4,242
292,186,0.4,242
293,186,0.34,240
295,186,0.39,245
310,186,0.35,241
311,186,0.35,243
312,186,0.33,240
314,186,0.33,241
315,186,0.4,241
316,186,0.38,242
317,186,0.39,242
318,186,0.4,240
334,186,0.4,240
335,186,0.34,243
336,186,0.33,240
371,186,0.4,245
382,186,0.33,242
383,186,0.37,242
410,186,0.4,241
473,186,0.4,242
474,186,0.33,241
805,186,0.4,241
806,186,0.37,242
807,186,0.4,240
828,186,0.38,241
829,186,0.34,242
830,186,0.4,242
831,186,0.38,242
835,186,0.4,242
836,186,0.4,241
837,186,0.4,242
839,186,0.38,235
840,186,0.38,242
842,186,0.4,239
844,186,0.35,241
845,186,0.34,241
847,186,0.39,240
848,186,0.35,241
849,186,0.4,242
852,186,0.4,239
859,186,0.36,242
860,186,0.38,241
861,186,0.4,242
862,186,0.39,242
863,186,0.36,244
865,186,0.4,242
866,186,0.4,241
867,186,0.4,243
40,187,0.34,236
75,187,0.34,241
76,187,0.37,241
101,187,0.34,242
103,187,0.37,242
104,187,0.4,244
106,187,0.33,242
107,187,0.39,242
108,187,0.35,243
109,187,0.36,242
110,187,0.4,240
112,187,0.4,241
113,187,0.4,238
114,187,0.37,240
121,187,0.4,242
122,187,0.34,240
124,187,0.4,241
125,187,0.4,242
126,187,0.39,240
128,187,0.4,241
160,187,0.35,242
161,187,0.37,240
162,187,0.33,240
163,187,0.4,243
165,187,0.4,241
166,187,0.4,238
180,187,0.39,241
182,187,0.35,240
191,187,0.37,234
192,187,0.39,241
193,187,0.37,242
219,187,0.37,243
220,187,0.4,243
221,187,0.4,239
222,187,0.39,242
223,187,0.4,240
224,187,0.4,239
225,187,0.4,244
226,187,0.34,240
227,187,0.4,242
228,187,0.37,241
229,187,0.4,242
231,187,0.33,242
238,187,0.34,241
239,187,0.35,242
241,187,0.4,240
242,187,0.38,242
244,187,0.33,240
247,187,0.33,241
250,187,0.37,240
251,187,0.35,242
255,187,0.34,240
256,187,0.4,242
257,187,0.4,240
258,187,0.35,240
268,187,0.4,238
271,187,0.38,245
277,187,0.4,237
283,187,0.37,243
284,187,0.35,239
285,187,0.38,241
290,187,0.38,241
292,187,0.39,245
293,187,0.38,240
294,187,0.4,241
295,187,0.35,241
296,187,0.39,241
298,187,0.37,243
317,187,0.38,242
318,187,0.35,242
319,187,0.4,242
320,187,0.34,240
321,187,0.4,243
334,187,0.39,241
335,187,0.39,242
370,187,0.33,241
371,187,0.33,243
385,187,0.4,242
410,187,0.37,238
473,187,0.35,243
806,187,0.33,242
807,187,0.4,241
808,187,0.33,241
830,187,0.4,241
831,187,0.38,240
836,187,0.4,242
840,187,0.38,241
841,187,0.4,241
842,187,0.39,239
844,187,0.36,239
845,187,0.34,240
846,187,0.33,241
847,187,0.34,241
848,187,0.4,242
849,187,0.39,240
850,187,0.33,242
851,187,0.35,241
852,187,0.36,241
855,187,0.37,239
856,187,0.4,238
858,187,0.4,243
859,187,0.36,240
860,187,0.34,239
861,187,0.34,243
862,187,0.38,243
866,187,0.36,243
38,188,0.36,236
39,188,0.34,241
72,188,0.4,240
73,188,0.33,242
74,188,0.4,239
75,188,0.4,244
100,188,0.4,247
101,188,0.35,242
102,188,0.38,243
106,188,0.4,244
107,188,0.4,243
116,188,0.35,238
117,188,0.4,243
119,188,0.34,242
120,188,0.34,238
121,188,0.4,243
122,188,0.36,241
124,188,0.4,242
125,188,0.4,241
154,188,0.34,243
156,188,0.4,240
157,188,0.4,242
158,188,0.4,239
159,188,0.4,237
160,188,0.4,241
161,188,0.4,242
162,188,0.4,240
163,188,0.4,242
180,188,0.35,242
182,188,0.4,241
183,188,0.36,240
190,188,0.35,237
191,188,0.35,242
192,188,0.4,241
193,188,0.4,239
221,188,0.38,241
222,188,0.35,240
225,188,0.36,240
226,188,0.4,244
227,188,0.34,241
228,188,0.4,240
231,188,0.37,236
233,188,0.4,240
234,188,0.4,239
235,188,0.4,241
236,188,0.36,240
239,188,0.4,242
240,188,0.36,240
241,188,0.35,242
242,188,0.35,241
243,188,0.33,242
244,188,0.4,242
245,188,0.34,242
246,188,0.4,239
247,188,0.4,240
250,188,0.36,241
251,188,0.4,240
294,188,0.4,241
296,188,0.37,242
298,188,0.35,241
319,188,0.39,243
320,188,0.36,239
321,188,0.4,238
322,188,0.36,242
334,188,0.4,241
335,188,0.4,239
336,188,0.4,240
370,188,0.35,244
409,188,0.38,242
410,188,0.4,242
470,188,0.33,242
471,188,0.35,243
472,188,0.4,240
473,188,0.4,240
807,188,0.4,239
809,188,0.4,241
810,188,0.4,244
838,188,0.4,240
845,188,0.33,241
846,188,0.4,242
850,188,0.34,240
851,188,0.35,239
856,188,0.33,242
859,188,0.4,240
38,189,0.34,240
39,189,0.4,239
70,189,0.4,243
72,189,0.35,241
73,189,0.34,242
74,189,0.4,243
94,189,0.4,237
96,189,0.4,242
100,189,0.4,240
102,189,0.33,240
105,189,0.39,240
106,189,0.33,239
113,189,0.4,241
116,189,0.38,248
117,189,0.4,241
119,189,0.4,242
120,189,0.35,242
151,189,0.4,241
152,189,0.35,241
153,189,0.38,239
154,189,0.39,241
155,189,0.4,242
156,189,0.33,240
157,189,0.33,241
158,189,0.4,241
159,189,0.36,241
160,189,0.36,241
161,189,0.33,239
181,189,0.4,238
182,189,0.35,241
192,189,0.4,242
193,189,0.35,241
229,189,0.33,240
230,189,0.4,241
232,189,0.38,242
234,189,0.33,242
235,189,0.4,241
237,189,0.36,239
240,189,0.34,242
320,189,0.4,243
321,189,0.4,241
322,189,0.36,240
323,189,0.4,240
337,189,0.4,241
338,189,0.38,242
339,189,0.36,242
384,189,0.39,239
409,189,0.4,241
410,189,0.35,240
435,189,0.4,239
472,189,0.36,241
808,189,0.39,239
809,189,0.39,238
810,189,0.4,242
812,189,0.4,240
828,189,0.33,243
829,189,0.36,239
830,189,0.4,240
831,189,0.37,242
832,189,0.4,243
833,189,0.4,241
834,189,0.4,241
835,189,0.33,242
836,189,0.4,240
837,189,0.33,240
838,189,0.33,238
36,190,0.39,243
37,190,0.4,241
38,190,0.4,241
69,190,0.4,238
70,190,0.38,241
71,190,0.37,243
72,190,0.37,241
96,190,0.4,235
98,190,0.38,243
99,190,0.4,242
101,190,0.35,240
110,190,0.4,240
112,190,0.37,239
113,190,0.4,239
114,190,0.35,240
116,190,0.4,242
149,190,0.4,242
150,190,0.33,241
154,190,0.34,237
155,190,0.39,243
156,190,0.4,243
159,190,0.4,241
160,190,0.4,244
182,190,0.4,241
192,190,0.33,240
193,190,0.4,241
194,190,0.4,244
195,190,0.4,243
196,190,0.4,243
299,190,0.36,240
300,190,0.4,241
301,190,0.4,240
302,190,0.39,241
323,190,0.37,241
324,190,0.4,239
325,190,0.4,243
337,190,0.37,241
338,190,0.35,242
385,190,0.4,241
409,190,0.4,242
410,190,0.39,239
433,190,0.34,240
434,190,0.36,242
435,190,0.38,240
470,190,0.4,241
471,190,0.39,241
472,190,0.4,242
810,190,0.38,243
811,190,0.35,242
812,190,0.34,237
813,190,0.35,243
814,190,0.33,241
817,190,0.37,240
818,190,0.4,243
821,190,0.35,243
822,190,0.39,242
823,190,0.4,241
824,190,0.33,242
826,190,0.36,240
827,190,0.4,243
828,190,0.33,242
829,190,0.4,240
830,190,0.37,242
831,190,0.39,240
832,190,0.4,240
833,190,0.37,241
834,190,0.4,242
835,190,0.4,239
63,191,0.35,241
64,191,0.4,240
65,191,0.4,240
67,191,0.4,240
68,191,0.4,244
69,191,0.4,240
70,191,0.4,234
93,191,0.39,241
94,191,0.4,239
95,191,0.4,236
96,191,0.34,242
97,191,0.4,244
98,191,0.34,243
111,191,0.39,243
112,191,0.35,244
113,191,0.4,241
145,191,0.38,240
146,191,0.4,241
147,191,0.4,243
149,191,0.4,242
157,191,0.38,240
158,191,0.4,244
181,191,0.37,240
182,191,0.4,241
183,191,0.4,237
193,191,0.36,242
194,191,0.34,241
195,191,0.34,241
196,191,0.4,242
197,191,0.33,240
301,191,0.35,243
302,191,0.4,242
303,191,0.4,241
324,191,0.35,238
326,191,0.4,243
327,191,0.4,241
337,191,0.4,243
338,191,0.4,242
370,191,0.34,242
371,191,0.36,241
372,191,0.38,240
383,191,0.4,242
384,191,0.36,241
386,191,0.4,238
409,191,0.36,240
434,191,0.4,244
435,191,0.39,243
436,191,0.37,242
466,191,0.38,241
467,191,0.4,240
813,191,0.4,240
814,191,0.4,237
815,191,0.38,244
816,191,0.39,243
817,191,0.4,241
818,191,0.4,236
819,191,0.4,242
820,191,0.4,241
821,191,0.4,242
822,191,0.34,240
823,191,0.36,241
825,191,0.4,240
827,191,0.4,240
828,191,0.35,236
831,191,0.36,241
832,191,0.4,239
35,192,0.38,241
36,192,0.4,237
37,192,0.33,242
38,192,0.39,241
63,192,0.37,242
64,192,0.37,241
67,192,0.37,241
68,192,0.4,241
90,192,0.4,239
91,192,0.4,241
108,192,0.4,240
109,192,0.35,240
110,192,0.39,243
111,192,0.4,239
112,192,0.36,243
140,192,0.35,242
141,192,0.4,240
144,192,0.36,241
145,192,0.35,241
148,192,0.39,240
158,192,0.4,239
159,192,0.4,240
181,192,0.4,242
182,192,0.33,240
198,192,0.34,240
240,192,0.4,244
242,192,0.39,241
243,192,0.35,243
244,192,0.37,242
245,192,0.33,242
246,192,0.33,239
303,192,0.38,243
304,192,0.36,241
327,192,0.4,237
337,192,0.4,243
338,192,0.36,242
339,192,0.4,241
340,192,0.38,242
384,192,0.38,238
385,192,0.4,242
410,192,0.4,243
432,192,0.37,237
434,192,0.34,242
465,192,0.34,237
466,192,0.4,238
469,192,0.4,240
470,192,0.36,240
818,192,0.4,238
819,192,0.34,240
827,192,0.4,242
35,193,0.37,242
36,193,0.4,241
37,193,0.34,241
62,193,0.4,241
107,193,0.4,241
108,193,0.39,240
139,193,0.4,240
140,193,0.4,242
141,193,0.4,239
142,193,0.39,243
143,193,0.37,243
158,193,0.37,240
182,193,0.34,242
183,193,0.36,241
195,193,0.4,241
196,193,0.4,243
197,193,0.33,241
199,193,0.4,238
200,193,0.33,242
206,193,0.37,244
207,193,0.4,242
211,193,0.4,241
212,193,0.39,241
217,193,0.4,240
227,193,0.4,241
228,193,0.4,238
229,193,0.35,241
230,193,0.35,241
233,193,0.34,241
234,193,0.4,240
235,193,0.36,241
236,193,0.38,241
237,193,0.4,240
238,193,0.4,240
239,193,0.4,244
242,193,0.4,242
244,193,0.39,240
245,193,0.4,241
246,193,0.37,237
247,193,0.4,240
248,193,0.34,242
249,193,0.4,240
250,193,0.4,239
251,193,0.36,242
252,193,0.33,241
253,193,0.4,240
254,193,0.4,242
256,193,0.4,239
257,193,0.4,240
258,193,0.35,240
259,193,0.34,240
260,193,0.4,241
302,193,0.4,239
304,193,0.37,240
305,193,0.35,237
339,193,0.4,241
340,193,0.35,241
372,193,0.38,243
384,193,0.38,240
407,193,0.4,240
408,193,0.34,241
430,193,0.38,241
431,193,0.36,243
463,193,0.37,241
464,193,0.33,242
36,194,0.37,240
37,194,0.35,241
60,194,0.38,241
61,194,0.37,240
62,194,0.34,240
89,194,0.38,241
90,194,0.4,241
91,194,0.37,241
106,194,0.34,242
107,194,0.35,246
136,194,0.36,242
137,194,0.34,242
138,194,0.4,242
139,194,0.4,243
184,194,0.4,241
199,194,0.38,242
201,194,0.4,241
202,194,0.4,241
203,194,0.34,243
204,194,0.4,243
205,194,0.39,241
206,194,0.39,241
207,194,0.4,240
208,194,0.33,240
209,194,0.39,243
210,194,0.39,241
211,194,0.4,241
214,194,0.4,241
215,194,0.4,239
216,194,0.4,240
217,194,0.37,239
218,194,0.4,241
219,194,0.4,242
220,194,0.4,242
221,194,0.4,241
222,194,0.34,241
224,194,0.33,242
225,194,0.35,241
227,194,0.39,240
228,194,0.4,240
230,194,0.4,244
231,194,0.4,241
233,194,0.37,240
234,194,0.37,241
235,194,0.4,243
236,194,0.33,240
253,194,0.4,241
255,194,0.4,245
256,194,0.34,243
257,194,0.38,241
258,194,0.33,241
259,194,0.34,244
262,194,0.39,241
263,194,0.37,241
305,194,0.4,240
306,194,0.4,239
327,194,0.35,241
328,194,0.4,239
339,194,0.4,241
340,194,0.4,244
371,194,0.4,243
372,194,0.36,241
373,194,0.39,242
383,194,0.33,244
384,194,0.4,242
406,194,0.4,240
407,194,0.36,243
408,194,0.4,241
409,194,0.34,242
462,194,0.38,242
463,194,0.38,243
464,194,0.4,242
465,194,0.33,241
466,194,0.4,242
36,195,0.38,242
37,195,0.4,241
106,195,0.39,242
107,195,0.4,239
136,195,0.35,239
137,195,0.4,242
138,195,0.33,242
139,195,0.4,240
184,195,0.37,241
185,195,0.38,241
204,195,0.39,243
205,195,0.4,240
213,195,0.4,242
214,195,0.39,242
215,195,0.33,241
216,195,0.4,242
217,195,0.4,241
218,195,0.4,242
219,195,0.36,240
221,195,0.4,240
222,195,0.39,240
223,195,0.34,240
224,195,0.4,241
225,195,0.4,241
226,195,0.4,241
227,195,0.4,242
228,195,0.34,237
231,195,0.4,238
263,195,0.4,240
264,195,0.38,241
265,195,0.39,242
266,195,0.37,240
306,195,0.39,239
307,195,0.38,242
308,195,0.4,244
327,195,0.4,241
339,195,0.34,242
340,195,0.4,238
370,195,0.39,240
371,195,0.4,241
372,195,0.37,239
383,195,0.39,242
405,195,0.34,242
406,195,0.34,244
429,195,0.37,240
430,195,0.38,242
459,195,0.36,236
460,195,0.39,241
463,195,0.4,239
464,195,0.4,244
35,196,0.4,238
36,196,0.4,242
37,196,0.38,238
89,196,0.4,243
90,196,0.37,243
133,196,0.34,241
134,196,0.35,242
135,196,0.34,240
136,196,0.4,241
158,196,0.4,239
159,196,0.4,242
160,196,0.36,242
161,196,0.4,243
184,196,0.38,241
185,196,0.38,242
186,196,0.39,239
187,196,0.4,241
212,196,0.35,240
213,196,0.39,239
214,196,0.36,239
215,196,0.4,239
216,196,0.4,241
217,196,0.4,242
218,196,0.35,241
220,196,0.39,236
221,196,0.35,242
223,196,0.36,243
224,196,0.4,242
225,196,0.38,240
226,196,0.4,243
228,196,0.37,240
229,196,0.37,240
231,196,0.39,242
232,196,0.38,239
260,196,0.38,241
261,196,0.4,239
264,196,0.4,244
266,196,0.4,239
267,196,0.36,239
268,196,0.4,238
307,196,0.36,240
308,196,0.36,242
327,196,0.37,241
339,196,0.36,241
340,196,0.38,241
371,196,0.33,241
372,196,0.4,241
382,196,0.4,242
383,196,0.4,240
384,196,0.4,242
426,196,0.35,241
427,196,0.4,242
428,196,0.4,240
429,196,0.4,238
430,196,0.34,242
431,196,0.34,242
457,196,0.4,241
458,196,0.34,235
459,196,0.39,239
460,196,0.37,242
35,197,0.4,240
36,197,0.38,239
37,197,0.36,242
60,197,0.36,242
107,197,0.35,241
108,197,0.4,243
133,197,0.4,241
134,197,0.39,241
135,197,0.33,238
161,197,0.4,240
184,197,0.37,241
186,197,0.37,239
187,197,0.34,241
213,197,0.4,240
214,197,0.4,244
225,197,0.39,244
226,197,0.33,240
227,197,0.38,240
228,197,0.4,243
232,197,0.34,241
233,197,0.36,238
235,197,0.39,238
267,197,0.38,240
268,197,0.39,242
269,197,0.36,240
307,197,0.4,238
327,197,0.37,240
328,197,0.4,240
329,197,0.38,243
369,197,0.38,246
370,197,0.36,242
402,197,0.39,240
405,197,0.37,241
425,197,0.34,240
427,197,0.4,241
428,197,0.36,239
453,197,0.4,241
454,197,0.4,240
456,197,0.4,244
457,197,0.4,243
458,197,0.4,240
35,198,0.4,239
36,198,0.4,242
59,198,0.37,245
90,198,0.38,240
91,198,0.38,242
107,198,0.4,241
108,198,0.4,239
132,198,0.4,242
133,198,0.4,240
162,198,0.39,242
164,198,0.4,240
186,198,0.4,241
207,198,0.4,237
209,198,0.38,240
210,198,0.33,241
211,198,0.4,242
213,198,0.37,242
214,198,0.35,241
215,198,0.33,240
232,198,0.4,243
235,198,0.39,239
236,198,0.34,240
237,198,0.39,241
238,198,0.4,244
239,198,0.35,241
268,198,0.4,242
269,198,0.37,240
271,198,0.4,241
307,198,0.4,240
308,198,0.38,241
328,198,0.35,240
329,198,0.38,242
338,198,0.38,239
339,198,0.4,241
340,198,0.38,240
368,198,0.35,240
369,198,0.35,241
370,198,0.35,244
371,198,0.36,241
379,198,0.4,241
380,198,0.4,242
381,198,0.36,241
382,198,0.34,241
402,198,0.39,241
403,198,0.37,241
404,198,0.4,242
405,198,0.34,243
421,198,0.4,240
424,198,0.38,240
425,198,0.38,240
426,198,0.4,241
427,198,0.4,239
452,198,0.36,240
453,198,0.38,240
454,198,0.35,240
455,198,0.4,239
456,198,0.4,242
37,199,0.33,242
59,199,0.37,241
89,199,0.4,241
107,199,0.4,243
108,199,0.4,240
109,199,0.4,240
132,199,0.36,240
133,199,0.37,241
134,199,0.39,242
135,199,0.4,243
136,199,0.4,242
162,199,0.34,240
163,199,0.38,244
164,199,0.34,242
165,199,0.37,242
166,199,0.36,240
167,199,0.37,240
170,199,0.4,241
171,199,0.4,237
189,199,0.4,240
190,199,0.38,241
191,199,0.4,239
192,199,0.4,243
193,199,0.4,240
194,199,0.39,243
196,199,0.4,240
198,199,0.4,243
199,199,0.36,245
202,199,0.38,243
205,199,0.38,242
206,199,0.39,244
207,199,0.36,241
208,199,0.4,242
209,199,0.4,241
210,199,0.4,241
211,199,0.4,242
212,199,0.37,242
213,199,0.4,241
214,199,0.38,242
234,199,0.35,241
236,199,0.4,242
237,199,0.4,242
238,199,0.4,242
239,199,0.4,242
240,199,0.4,242
268,199,0.35,242
269,199,0.4,239
270,199,0.33,235
271,199,0.37,243
272,199,0.4,239
273,199,0.34,240
274,199,0.37,238
308,199,0.4,244
309,199,0.35,244
328,199,0.37,241
338,199,0.4,242
339,199,0.33,241
340,199,0.34,241
368,199,0.33,238
369,199,0.39,240
379,199,0.4,241
380,199,0.39,243
382,199,0.36,243
401,199,0.39,238
402,199,0.4,240
403,199,0.37,238
404,199,0.33,241
405,199,0.4,242
419,199,0.34,242
420,199,0.34,240
421,199,0.4,241
422,199,0.36,240
423,199,0.39,245
424,199,0.4,241
425,199,0.4,238
443,199,0.4,243
444,199,0.36,238
446,199,0.33,237
447,199,0.37,240
448,199,0.34,240
450,199,0.4,235
451,199,0.35,242
452,199,0.4,241
37,200,0.33,240
38,200,0.4,241
58,200,0.4,242
90,200,0.36,242
91,200,0.4,238
108,200,0.36,238
109,200,0.33,241
110,200,0.38,241
132,200,0.4,236
133,200,0.4,242
134,200,0.4,242
135,200,0.4,244
136,200,0.36,240
137,200,0.36,243
165,200,0.4,242
166,200,0.4,240
169,200,0.39,241
170,200,0.38,241
171,200,0.4,242
175,200,0.37,242
190,200,0.4,241
191,200,0.4,243
193,200,0.34,240
194,200,0.35,243
195,200,0.36,242
196,200,0.4,239
197,200,0.4,244
198,200,0.37,239
199,200,0.35,241
201,200,0.38,241
202,200,0.37,240
203,200,0.38,241
204,200,0.4,241
205,200,0.4,244
206,200,0.35,242
207,200,0.37,240
208,200,0.4,243
209,200,0.4,243
212,200,0.37,242
213,200,0.33,244
214,200,0.4,242
219,200,0.4,242
238,200,0.39,242
239,200,0.4,243
240,200,0.4,242
241,200,0.4,242
242,200,0.4,244
243,200,0.38,240
271,200,0.38,242
272,200,0.35,242
273,200,0.4,240
274,200,0.36,241
308,200,0.39,242
309,200,0.38,241
310,200,0.34,241
328,200,0.4,240
338,200,0.35,241
339,200,0.33,240
340,200,0.4,243
365,200,0.4,235
366,200,0.4,244
367,200,0.4,238
368,200,0.4,240
369,200,0.4,242
378,200,0.4,238
379,200,0.4,242
399,200,0.4,241
400,200,0.33,240
401,200,0.4,239
417,200,0.4,242
418,200,0.37,243
419,200,0.39,243
420,200,0.34,241
421,200,0.4,245
439,200,0.36,241
442,200,0.36,241
443,200,0.38,242
444,200,0.39,240
451,200,0.37,243
452,200,0.4,238
37,201,0.35,239
38,201,0.4,239
90,201,0.4,238
91,201,0.35,241
108,201,0.4,241
110,201,0.39,238
111,201,0.34,240
135,201,0.34,241
137,201,0.33,243
138,201,0.4,241
139,201,0.4,243
140,201,0.33,240
168,201,0.34,242
169,201,0.4,242
170,201,0.38,238
171,201,0.38,239
172,201,0.34,240
173,201,0.4,241
174,201,0.4,244
175,201,0.4,240
176,201,0.39,243
180,201,0.4,239
182,201,0.4,242
183,201,0.4,243
186,201,0.4,241
187,201,0.35,238
193,201,0.4,245
194,201,0.4,241
195,201,0.4,238
197,201,0.33,238
200,201,0.4,238
201,201,0.4,242
202,201,0.35,240
204,201,0.34,243
213,201,0.34,240
217,201,0.37,244
218,201,0.4,242
219,201,0.4,239
223,201,0.4,245
242,201,0.34,242
243,201,0.39,241
273,201,0.4,240
274,201,0.35,240
275,201,0.4,244
308,201,0.37,243
309,201,0.33,240
310,201,0.37,243
327,201,0.36,241
328,201,0.4,239
339,201,0.4,241
365,201,0.35,241
366,201,0.4,240
374,201,0.4,243
375,201,0.34,243
378,201,0.35,241
379,201,0.4,242
395,201,0.36,243
396,201,0.4,240
397,201,0.35,241
398,201,0.36,238
399,201,0.35,241
400,201,0.4,240
415,201,0.36,239
416,201,0.39,238
417,201,0.33,241
418,201,0.4,239
419,201,0.4,244
432,201,0.36,239
433,201,0.4,241
434,201,0.4,239
435,201,0.4,241
436,201,0.39,238
437,201,0.35,240
438,201,0.37,242
439,201,0.4,243
440,201,0.4,241
441,201,0.36,239
442,201,0.33,243
37,202,0.37,240
38,202,0.33,242
59,202,0.35,240
60,202,0.34,242
91,202,0.39,240
92,202,0.4,238
110,202,0.38,241
111,202,0.4,241
112,202,0.4,238
138,202,0.35,238
139,202,0.37,240
140,202,0.37,242
141,202,0.4,241
142,202,0.34,241
143,202,0.35,240
144,202,0.4,240
148,202,0.33,240
168,202,0.4,239
169,202,0.36,239
170,202,0.37,241
172,202,0.4,242
173,202,0.34,243
174,202,0.38,242
175,202,0.39,242
176,202,0.4,241
177,202,0.4,242
178,202,0.39,241
179,202,0.35,241
180,202,0.34,242
181,202,0.4,242
182,202,0.4,240
183,202,0.37,242
184,202,0.33,243
185,202,0.34,240
186,202,0.33,239
187,202,0.39,241
188,202,0.4,243
189,202,0.39,239
190,202,0.4,241
191,202,0.4,241
193,202,0.35,243
194,202,0.38,242
196,202,0.37,241
197,202,0.33,239
199,202,0.4,243
200,202,0.36,239
201,202,0.4,243
202,202,0.39,240
218,202,0.4,243
219,202,0.33,239
220,202,0.36,241
221,202,0.38,241
222,202,0.38,243
223,202,0.4,243
224,202,0.4,239
244,202,0.4,242
245,202,0.36,243
273,202,0.37,241
274,202,0.34,241
275,202,0.4,239
308,202,0.36,242
309,202,0.34,241
327,202,0.4,240
337,202,0.38,242
338,202,0.4,241
361,202,0.4,245
362,202,0.34,240
364,202,0.4,238
374,202,0.4,242
375,202,0.4,241
395,202,0.4,241
396,202,0.4,241
397,202,0.4,242
398,202,0.36,240
399,202,0.4,242
411,202,0.35,241
414,202,0.4,240
415,202,0.33,241
416,202,0.34,238
429,202,0.4,243
430,202,0.4,240
431,202,0.37,241
432,202,0.4,240
433,202,0.4,245
434,202,0.36,241
435,202,0.38,242
436,202,0.34,240
437,202,0.4,241
438,202,0.38,241
439,202,0.4,247
440,202,0.39,240
441,202,0.4,241
38,203,0.4,241
39,203,0.37,241
41,203,0.36,241
59,203,0.4,245
92,203,0.38,240
111,203,0.36,241
112,203,0.38,239
113,203,0.34,244
114,203,0.35,241
141,203,0.39,241
142,203,0.4,239
143,203,0.36,242
144,203,0.37,241
145,203,0.38,240
146,203,0.36,240
147,203,0.36,241
148,203,0.4,243
151,203,0.34,243
152,203,0.4,242
154,203,0.4,241
156,203,0.35,241
157,203,0.39,242
158,203,0.36,241
162,203,0.4,243
165,203,0.37,238
167,203,0.38,249
169,203,0.4,238
170,203,0.39,239
171,203,0.33,244
172,203,0.39,240
173,203,0.4,242
174,203,0.34,241
175,203,0.37,244
176,203,0.39,240
177,203,0.4,241
178,203,0.39,241
179,203,0.4,241
180,203,0.4,243
181,203,0.4,241
182,203,0.4,242
183,203,0.4,239
184,203,0.37,243
185,203,0.4,242
186,203,0.38,236
187,203,0.4,240
188,203,0.33,240
189,203,0.4,239
190,203,0.34,240
191,203,0.4,240
192,203,0.38,242
193,203,0.35,242
194,203,0.4,242
195,203,0.35,240
196,203,0.4,243
197,203,0.35,239
199,203,0.4,239
200,203,0.35,243
220,203,0.34,243
224,203,0.37,242
225,203,0.38,241
226,203,0.37,239
244,203,0.4,241
245,203,0.4,239
275,203,0.4,241
276,203,0.37,247
306,203,0.4,243
307,203,0.4,242
308,203,0.4,242
324,203,0.4,240
325,203,0.38,241
326,203,0.33,240
327,203,0.4,241
337,203,0.4,244
338,203,0.4,243
362,203,0.35,237
363,203,0.4,241
364,203,0.4,240
371,203,0.33,241
373,203,0.36,240
374,203,0.35,240
392,203,0.4,241
393,203,0.4,238
409,203,0.35,241
410,203,0.4,242
411,203,0.4,238
412,203,0.34,241
414,203,0.4,240
430,203,0.4,239
431,203,0.38,242
38,204,0.36,246
39,204,0.36,242
40,204,0.4,243
41,204,0.36,242
43,204,0.37,241
60,204,0.4,243
61,204,0.4,241
93,204,0.4,240
94,204,0.4,240
112,204,0.4,243
144,204,0.38,241
146,204,0.4,236
148,204,0.4,242
149,204,0.4,242
150,204,0.34,243
151,204,0.34,244
152,204,0.4,241
153,204,0.38,241
156,204,0.34,241
157,204,0.36,242
158,204,0.4,240
159,204,0.36,242
160,204,0.39,240
161,204,0.4,241
162,204,0.4,242
163,204,0.4,242
164,204,0.4,241
165,204,0.4,242
168,204,0.37,241
169,204,0.37,244
170,204,0.39,238
171,204,0.39,240
177,204,0.4,240
178,204,0.34,241
179,204,0.4,244
180,204,0.34,242
183,204,0.38,240
184,204,0.4,244
185,204,0.38,240
186,204,0.35,240
187,204,0.4,239
188,204,0.34,239
189,204,0.4,241
190,204,0.4,240
191,204,0.39,243
192,204,0.4,242
193,204,0.4,239
194,204,0.4,240
195,204,0.33,239
196,204,0.4,240
197,204,0.4,241
198,204,0.37,242
199,204,0.36,239
200,204,0.4,242
201,204,0.33,242
202,204,0.4,243
203,204,0.36,241
204,204,0.4,241
205,204,0.35,240
206,204,0.39,242
208,204,0.4,242
209,204,0.38,240
210,204,0.35,239
211,204,0.4,241
226,204,0.4,241
229,204,0.36,244
246,204,0.4,239
247,204,0.38,239
305,204,0.33,238
306,204,0.4,241
307,204,0.39,241
322,204,0.4,241
323,204,0.4,243
324,204,0.4,241
325,204,0.39,242
326,204,0.35,238
337,204,0.34,241
338,204,0.38,242
358,204,0.4,243
360,204,0.37,243
361,204,0.4,241
369,204,0.36,245
370,204,0.34,242
371,204,0.4,242
372,204,0.34,240
373,204,0.38,241
390,204,0.4,239
391,204,0.38,242
392,204,0.36,241
408,204,0.39,242
409,204,0.36,243
410,204,0.36,242
414,204,0.33,242
427,204,0.4,242
428,204,0.37,241
41,205,0.4,240
42,205,0.4,240
43,205,0.39,243
62,205,0.33,241
63,205,0.39,241
94,205,0.4,243
95,205,0.4,242
117,205,0.35,243
119,205,0.35,239
148,205,0.37,241
153,205,0.34,238
155,205,0.33,240
156,205,0.35,244
157,205,0.34,238
158,205,0.39,243
159,205,0.34,241
160,205,0.37,240
161,205,0.37,239
162,205,0.4,243
163,205,0.33,241
164,205,0.39,241
168,205,0.37,243
187,205,0.33,241
188,205,0.37,241
193,205,0.38,240
194,205,0.4,241
195,205,0.37,242
196,205,0.34,240
197,205,0.39,239
198,205,0.4,238
199,205,0.38,243
200,205,0.35,239
201,205,0.34,239
202,205,0.4,241
203,205,0.39,241
204,205,0.4,242
205,205,0.33,240
206,205,0.4,241
207,205,0.35,242
208,205,0.4,241
209,205,0.37,240
210,205,0.34,242
211,205,0.36,240
212,205,0.34,240
213,205,0.37,243
214,205,0.4,242
215,205,0.4,238
227,205,0.4,240
229,205,0.33,238
247,205,0.39,240
248,205,0.4,241
249,205,0.38,245
274,205,0.36,244
275,205,0.4,242
304,205,0.4,242
305,205,0.4,242
306,205,0.4,240
307,205,0.34,242
323,205,0.35,235
335,205,0.4,240
336,205,0.4,241
356,205,0.4,239
357,205,0.4,241
358,205,0.4,242
359,205,0.39,241
368,205,0.4,244
369,205,0.4,239
370,205,0.34,241
371,205,0.4,241
387,205,0.34,240
388,205,0.36,243
389,205,0.4,243
390,205,0.4,243
393,205,0.4,240
406,205,0.38,243
407,205,0.4,242
408,205,0.4,242
428,205,0.35,240
45,206,0.39,240
60,206,0.4,241
61,206,0.4,240
63,206,0.38,246
64,206,0.37,241
65,206,0.4,240
94,206,0.37,242
95,206,0.4,242
97,206,0.4,242
98,206,0.34,241
117,206,0.4,238
118,206,0.39,241
119,206,0.37,241
120,206,0.35,240
121,206,0.4,242
158,206,0.33,241
186,206,0.35,239
187,206,0.4,240
188,206,0.38,243
189,206,0.35,237
196,206,0.4,243
200,206,0.36,240
208,206,0.4,237
209,206,0.4,239
210,206,0.4,241
212,206,0.38,241
213,206,0.4,240
214,206,0.36,242
215,206,0.4,242
229,206,0.4,240
231,206,0.38,242
232,206,0.36,241
248,206,0.39,245
249,206,0.36,238
276,206,0.39,243
277,206,0.37,243
305,206,0.35,244
306,206,0.36,240
322,206,0.37,239
323,206,0.38,243
324,206,0.38,242
334,206,0.37,242
335,206,0.39,242
367,206,0.4,240
368,206,0.4,240
369,206,0.4,240
370,206,0.36,242
385,206,0.33,240
386,206,0.33,239
388,206,0.35,243
389,206,0.34,240
401,206,0.36,241
402,206,0.36,241
403,206,0.35,241
404,206,0.4,243
44,207,0.37,243
45,207,0.33,240
46,207,0.4,241
65,207,0.36,240
96,207,0.36,243
97,207,0.34,242
100,207,0.33,240
101,207,0.35,241
117,207,0.34,240
120,207,0.36,241
121,207,0.37,242
122,207,0.4,241
151,207,0.33,241
152,207,0.39,241
155,207,0.35,241
156,207,0.4,243
175,207,0.34,240
176,207,0.4,239
189,207,0.35,241
199,207,0.33,239
210,207,0.37,240
211,207,0.4,240
212,207,0.37,239
214,207,0.33,240
215,207,0.4,242
216,207,0.4,241
217,207,0.4,239
219,207,0.4,243
231,207,0.38,242
232,207,0.37,241
233,207,0.34,240
249,207,0.4,241
275,207,0.36,241
276,207,0.4,238
302,207,0.38,239
303,207,0.35,240
304,207,0.34,241
318,207,0.34,244
319,207,0.4,241
320,207,0.33,240
321,207,0.35,239
322,207,0.39,245
334,207,0.4,238
335,207,0.4,240
336,207,0.4,242
351,207,0.4,242
352,207,0.34,242
353,207,0.4,240
354,207,0.33,240
355,207,0.4,240
356,207,0.34,240
357,207,0.4,239
361,207,0.35,242
363,207,0.4,242
364,207,0.4,242
365,207,0.4,241
367,207,0.34,239
382,207,0.4,240
383,207,0.4,242
384,207,0.36,240
386,207,0.34,240
387,207,0.4,241
388,207,0.4,239
394,207,0.39,240
396,207,0.4,238
402,207,0.4,241
403,207,0.4,240
404,207,0.4,239
44,208,0.4,243
45,208,0.4,240
46,208,0.4,241
47,208,0.4,239
48,208,0.4,240
49,208,0.38,241
50,208,0.34,238
64,208,0.33,240
65,208,0.38,243
66,208,0.36,242
97,208,0.37,241
99,208,0.35,242
102,208,0.4,241
103,208,0.39,242
104,208,0.39,241
122,208,0.35,242
123,208,0.4,243
125,208,0.4,245
126,208,0.37,241
128,208,0.39,238
152,208,0.4,235
153,208,0.38,242
154,208,0.4,240
155,208,0.38,241
168,208,0.4,242
169,208,0.4,239
170,208,0.4,241
171,208,0.39,242
172,208,0.4,240
189,208,0.38,239
190,208,0.4,241
191,208,0.38,242
204,208,0.37,241
205,208,0.35,248
216,208,0.4,241
217,208,0.37,240
218,208,0.36,241
219,208,0.4,242
220,208,0.4,244
221,208,0.4,242
233,208,0.38,241
234,208,0.38,238
248,208,0.33,237
249,208,0.38,242
275,208,0.4,239
300,208,0.33,241
301,208,0.4,242
302,208,0.4,241
303,208,0.4,242
304,208,0.36,246
313,208,0.34,242
315,208,0.34,241
316,208,0.39,243
317,208,0.39,241
318,208,0.4,241
321,208,0.36,243
347,208,0.37,240
349,208,0.36,241
351,208,0.39,241
352,208,0.37,242
354,208,0.34,240
358,208,0.36,239
360,208,0.34,240
362,208,0.38,241
364,208,0.4,242
379,208,0.34,242
380,208,0.39,239
381,208,0.4,239
389,208,0.4,243
390,208,0.33,240
391,208,0.35,240
392,208,0.38,243
395,208,0.38,240
396,208,0.34,241
398,208,0.35,242
400,208,0.35,237
46,209,0.4,240
51,209,0.34,239
52,209,0.4,240
65,209,0.39,243
68,209,0.33,244
71,209,0.4,243
72,209,0.4,241
101,209,0.39,242
102,209,0.34,240
103,209,0.34,241
123,209,0.4,241
124,209,0.34,243
125,209,0.39,240
126,209,0.36,240
127,209,0.38,244
128,209,0.4,238
129,209,0.36,241
130,209,0.34,241
131,209,0.37,240
132,209,0.37,242
150,209,0.35,241
151,209,0.4,242
166,209,0.35,241
167,209,0.36,241
169,209,0.33,239
170,209,0.4,241
171,209,0.4,241
172,209,0.4,242
173,209,0.4,241
178,209,0.4,240
179,209,0.4,241
180,209,0.4,244
192,209,0.4,242
193,209,0.35,243
202,209,0.39,236
203,209,0.4,245
216,209,0.36,241
217,209,0.33,242
218,209,0.39,240
219,209,0.4,243
220,209,0.4,239
233,209,0.36,238
249,209,0.35,237
251,209,0.34,240
275,209,0.4,242
276,209,0.4,242
299,209,0.4,239
302,209,0.39,241
311,209,0.35,242
314,209,0.37,242
315,209,0.4,242
318,209,0.34,245
331,209,0.4,243
332,209,0.33,241
333,209,0.4,236
334,209,0.4,240
335,209,0.33,241
345,209,0.4,244
348,209,0.4,236
349,209,0.33,241
351,209,0.38,235
352,209,0.4,241
353,209,0.4,240
354,209,0.4,241
355,209,0.4,240
357,209,0.39,241
358,209,0.37,242
359,209,0.33,242
360,209,0.4,242
366,209,0.38,245
368,209,0.4,242
369,209,0.34,242
374,209,0.35,241
375,209,0.35,239
376,209,0.36,240
377,209,0.4,241
378,209,0.4,242
379,209,0.39,241
380,209,0.4,242
382,209,0.34,239
383,209,0.38,243
386,209,0.35,242
387,209,0.33,240
388,209,0.38,241
392,209,0.4,240
393,209,0.35,242
394,209,0.34,239
398,209,0.4,242
50,210,0.34,241
52,210,0.37,241
54,210,0.4,237
69,210,0.39,242
70,210,0.39,241
71,210,0.32,238
104,210,0.38,242
105,210,0.4,241
106,210,0.36,241
107,210,0.36,242
126,210,0.34,241
127,210,0.37,239
128,210,0.33,243
129,210,0.39,242
130,210,0.33,240
131,210,0.4,238
132,210,0.39,242
134,210,0.39,244
135,210,0.34,242
136,210,0.36,242
137,210,0.33,241
138,210,0.37,239
139,210,0.4,241
140,210,0.4,243
147,210,0.37,241
148,210,0.36,241
149,210,0.4,245
150,210,0.34,239
166,210,0.4,239
167,210,0.4,240
168,210,0.4,240
169,210,0.4,243
170,210,0.4,244
176,210,0.37,241
177,210,0.4,244
178,210,0.38,242
179,210,0.35,242
180,210,0.39,241
181,210,0.4,244
217,210,0.4,241
218,210,0.4,242
220,210,0.35,242
221,210,0.39,242
222,210,0.38,242
223,210,0.4,237
234,210,0.39,241
249,210,0.4,243
275,210,0.4,242
292,210,0.4,238
293,210,0.4,239
294,210,0.4,238
295,210,0.4,240
296,210,0.37,239
297,210,0.4,243
298,210,0.36,236
299,210,0.36,239
300,210,0.33,242
301,210,0.4,240
308,210,0.4,240
309,210,0.33,240
310,210,0.4,240
312,210,0.37,241
313,210,0.4,242
314,210,0.36,241
331,210,0.4,241
333,210,0.33,240
341,210,0.4,243
347,210,0.36,240
348,210,0.35,240
349,210,0.4,243
350,210,0.35,239
352,210,0.39,243
353,210,0.4,242
355,210,0.34,240
356,210,0.4,241
364,210,0.33,242
366,210,0.4,234
368,210,0.39,241
370,210,0.4,241
371,210,0.38,243
372,210,0.4,242
373,210,0.33,241
377,210,0.36,240
383,210,0.4,243
384,210,0.38,241
388,210,0.35,241
389,210,0.39,242
390,210,0.4,240
391,210,0.34,239
392,210,0.4,241
50,211,0.4,242
52,211,0.34,240
53,211,0.39,241
57,211,0.4,240
58,211,0.34,242
59,211,0.4,242
70,211,0.4,240
71,211,0.39,242
72,211,0.38,240
73,211,0.35,243
76,211,0.33,242
77,211,0.38,239
78,211,0.38,240
82,211,0.33,243
105,211,0.4,243
106,211,0.37,239
109,211,0.4,240
110,211,0.34,238
111,211,0.35,241
112,211,0.35,242
114,211,0.4,240
116,211,0.37,238
130,211,0.4,240
132,211,0.4,242
133,211,0.36,236
135,211,0.4,240
136,211,0.34,243
138,211,0.35,241
139,211,0.34,241
142,211,0.33,241
143,211,0.4,240
144,211,0.4,241
145,211,0.4,241
146,211,0.4,241
147,211,0.4,241
148,211,0.4,241
149,211,0.35,241
150,211,0.38,239
165,211,0.36,239
168,211,0.38,240
169,211,0.32,237
175,211,0.4,241
176,211,0.37,239
177,211,0.34,240
178,211,0.4,240
179,211,0.39,241
190,211,0.35,245
216,211,0.37,244
221,211,0.38,242
222,211,0.4,240
223,211,0.4,240
224,211,0.35,241
233,211,0.36,240
234,211,0.37,240
249,211,0.4,240
250,211,0.4,243
273,211,0.4,240
287,211,0.4,242
288,211,0.34,240
289,211,0.4,241
290,211,0.38,241
291,211,0.4,242
292,211,0.4,239
293,211,0.4,242
294,211,0.34,238
295,211,0.38,243
296,211,0.4,241
298,211,0.4,239
299,211,0.37,238
300,211,0.4,241
305,211,0.34,240
306,211,0.36,241
307,211,0.34,242
308,211,0.4,242
309,211,0.4,244
310,211,0.4,240
331,211,0.4,241
338,211,0.33,242
339,211,0.37,243
340,211,0.34,241
343,211,0.36,240
344,211,0.4,243
345,211,0.35,244
346,211,0.4,241
347,211,0.36,241
348,211,0.38,242
349,211,0.4,241
350,211,0.39,241
351,211,0.4,238
352,211,0.38,241
354,211,0.4,245
355,211,0.33,243
356,211,0.37,243
359,211,0.35,241
360,211,0.4,240
361,211,0.34,241
362,211,0.4,242
363,211,0.4,241
365,211,0.4,243
367,211,0.4,240
368,211,0.37,240
369,211,0.4,245
370,211,0.4,239
371,211,0.37,243
383,211,0.4,241
387,211,0.36,244
388,211,0.39,240
53,212,0.4,241
54,212,0.39,240
55,212,0.4,241
58,212,0.36,241
60,212,0.39,243
73,212,0.38,244
74,212,0.39,239
76,212,0.37,241
77,212,0.34,239
79,212,0.4,236
80,212,0.34,241
81,212,0.34,242
82,212,0.4,239
84,212,0.36,241
85,212,0.36,238
108,212,0.36,241
109,212,0.4,240
110,212,0.36,236
111,212,0.4,236
114,212,0.4,241
115,212,0.4,239
116,212,0.36,241
117,212,0.38,244
118,212,0.4,236
136,212,0.37,240
139,212,0.4,239
140,212,0.34,238
143,212,0.34,239
144,212,0.38,239
145,212,0.4,243
146,212,0.4,242
147,212,0.36,238
148,212,0.4,241
149,212,0.4,240
150,212,0.4,240
163,212,0.35,241
164,212,0.39,243
165,212,0.4,243
168,212,0.4,242
169,212,0.39,241
170,212,0.39,242
180,212,0.35,242
188,212,0.36,243
189,212,0.34,241
190,212,0.33,241
191,212,0.37,243
204,212,0.4,242
205,212,0.38,240
221,212,0.4,242
222,212,0.4,242
223,212,0.4,243
224,212,0.4,244
233,212,0.4,242
235,212,0.34,241
272,212,0.4,243
273,212,0.4,240
277,212,0.38,242
279,212,0.4,242
283,212,0.4,240
284,212,0.35,239
285,212,0.36,239
286,212,0.4,239
287,212,0.38,240
288,212,0.4,244
289,212,0.36,240
290,212,0.33,242
291,212,0.39,240
292,212,0.35,241
293,212,0.37,238
294,212,0.34,241
295,212,0.4,242
297,212,0.4,244
298,212,0.37,243
300,212,0.38,240
301,212,0.38,244
303,212,0.4,240
304,212,0.39,243
305,212,0.39,241
306,212,0.33,239
307,212,0.4,241
308,212,0.4,241
329,212,0.4,240
330,212,0.4,239
331,212,0.4,241
338,212,0.4,242
343,212,0.36,240
345,212,0.35,242
346,212,0.37,241
347,212,0.36,242
348,212,0.35,241
349,212,0.37,241
350,212,0.4,245
351,212,0.36,240
352,212,0.4,240
353,212,0.4,243
354,212,0.34,241
355,212,0.39,243
356,212,0.4,243
357,212,0.4,241
358,212,0.4,243
360,212,0.39,241
365,212,0.33,242
367,212,0.4,236
60,213,0.4,242
62,213,0.34,242
63,213,0.4,243
64,213,0.37,241
66,213,0.4,240
67,213,0.37,237
78,213,0.35,242
80,213,0.37,240
81,213,0.4,244
82,213,0.37,238
83,213,0.35,241
84,213,0.34,238
85,213,0.33,241
87,213,0.4,243
88,213,0.38,242
89,213,0.35,243
90,213,0.4,242
91,213,0.4,238
92,213,0.4,239
93,213,0.33,241
94,213,0.33,238
98,213,0.4,243
100,213,0.4,244
101,213,0.4,242
106,213,0.4,242
117,213,0.34,241
118,213,0.37,243
119,213,0.4,243
120,213,0.33,243
121,213,0.4,241
122,213,0.39,240
123,213,0.4,242
124,213,0.4,242
127,213,0.4,241
145,213,0.4,243
147,213,0.34,241
148,213,0.4,241
163,213,0.4,241
164,213,0.4,240
169,213,0.35,240
170,213,0.4,241
171,213,0.4,243
181,213,0.33,242
182,213,0.4,242
183,213,0.4,241
184,213,0.39,238
188,213,0.4,239
189,213,0.4,242
190,213,0.4,241
191,213,0.36,242
200,213,0.4,238
203,213,0.4,242
204,213,0.37,240
205,213,0.4,242
217,213,0.33,236
220,213,0.35,240
221,213,0.4,241
222,213,0.36,242
223,213,0.35,243
235,213,0.4,243
246,213,0.36,242
249,213,0.35,239
250,213,0.35,241
269,213,0.4,241
270,213,0.4,239
271,213,0.33,241
272,213,0.4,241
273,213,0.38,243
274,213,0.37,241
275,213,0.37,241
276,213,0.38,242
277,213,0.4,241
278,213,0.39,241
279,213,0.4,242
280,213,0.33,239
281,213,0.4,239
282,213,0.4,242
283,213,0.36,242
284,213,0.38,240
285,213,0.34,239
286,213,0.39,239
287,213,0.36,241
288,213,0.39,239
289,213,0.35,241
290,213,0.4,241
291,213,0.4,241
292,213,0.35,240
293,213,0.4,241
294,213,0.35,242
295,213,0.35,241
330,213,0.4,241
331,213,0.35,240
337,213,0.36,238
340,213,0.4,240
343,213,0.4,241
344,213,0.33,240
346,213,0.38,243
348,213,0.38,238
350,213,0.4,243
351,213,0.4,243
352,213,0.4,241
353,213,0.35,240
354,213,0.4,237
62,214,0.39,241
63,214,0.36,244
64,214,0.34,238
65,214,0.4,243
66,214,0.33,239
67,214,0.36,239
68,214,0.4,241
69,214,0.4,242
71,214,0.4,243
77,214,0.36,239
78,214,0.4,240
79,214,0.38,242
81,214,0.38,240
82,214,0.38,243
83,214,0.4,241
84,214,0.4,242
85,214,0.4,243
86,214,0.38,239
87,214,0.38,242
88,214,0.39,241
89,214,0.4,240
90,214,0.38,241
91,214,0.4,241
92,214,0.38,238
93,214,0.33,240
94,214,0.4,240
95,214,0.37,244
96,214,0.4,236
97,214,0.38,238
99,214,0.39,241
100,214,0.4,243
101,214,0.4,240
102,214,0.4,242
103,214,0.38,237
104,214,0.4,244
105,214,0.4,244
107,214,0.33,241
108,214,0.4,240
117,214,0.39,240
119,214,0.35,241
121,214,0.36,242
123,214,0.4,241
124,214,0.4,238
125,214,0.4,240
126,214,0.37,240
127,214,0.4,241
128,214,0.4,241
129,214,0.34,239
130,214,0.34,243
131,214,0.35,242
132,214,0.37,242
135,214,0.4,241
146,214,0.33,240
163,214,0.4,242
164,214,0.36,240
165,214,0.35,243
169,214,0.34,242
170,214,0.38,243
171,214,0.4,243
172,214,0.4,240
181,214,0.37,241
187,214,0.4,242
188,214,0.34,239
199,214,0.33,244
200,214,0.35,240
214,214,0.4,239
216,214,0.34,241
217,214,0.35,242
218,214,0.4,242
220,214,0.33,236
221,214,0.4,241
232,214,0.4,236
246,214,0.35,239
247,214,0.38,244
249,214,0.34,243
268,214,0.37,242
269,214,0.4,240
270,214,0.35,241
271,214,0.39,242
272,214,0.34,241
273,214,0.35,242
274,214,0.4,241
275,214,0.36,241
276,214,0.34,240
278,214,0.4,242
279,214,0.4,243
280,214,0.34,242
281,214,0.4,241
282,214,0.4,240
283,214,0.37,243
284,214,0.4,240
285,214,0.4,239
286,214,0.35,239
287,214,0.35,238
288,214,0.37,240
324,214,0.34,241
325,214,0.38,241
327,214,0.4,241
329,214,0.4,238
330,214,0.39,246
331,214,0.35,241
332,214,0.38,241
335,214,0.34,241
336,214,0.33,242
337,214,0.4,240
338,214,0.4,241
339,214,0.4,241
340,214,0.4,240
341,214,0.4,239
342,214,0.39,244
65,215,0.4,241
67,215,0.36,242
69,215,0.34,241
71,215,0.38,243
72,215,0.38,238
74,215,0.35,242
75,215,0.35,241
76,215,0.4,242
78,215,0.36,241
79,215,0.36,242
80,215,0.4,240
81,215,0.4,242
82,215,0.37,242
85,215,0.4,242
86,215,0.39,241
87,215,0.35,241
88,215,0.36,242
93,215,0.37,242
94,215,0.4,241
96,215,0.4,239
105,215,0.34,243
107,215,0.38,240
108,215,0.36,241
124,215,0.4,241
125,215,0.35,242
126,215,0.4,240
127,215,0.39,238
128,215,0.4,239
129,215,0.37,244
130,215,0.39,242
131,215,0.33,241
132,215,0.35,241
135,215,0.35,241
136,215,0.4,240
137,215,0.4,239
139,215,0.4,238
140,215,0.38,239
142,215,0.35,241
143,215,0.4,238
146,215,0.4,240
163,215,0.33,240
164,215,0.33,241
165,215,0.4,240
167,215,0.37,242
168,215,0.4,240
169,215,0.34,242
170,215,0.34,240
171,215,0.35,242
172,215,0.39,242
173,215,0.4,241
197,215,0.37,236
198,215,0.37,239
199,215,0.37,240
202,215,0.34,238
214,215,0.4,240
216,215,0.39,241
217,215,0.34,240
218,215,0.37,239
219,215,0.4,238
230,215,0.38,241
232,215,0.35,240
244,215,0.4,242
245,215,0.38,242
246,215,0.4,240
247,215,0.4,243
267,215,0.33,235
268,215,0.4,241
269,215,0.4,241
270,215,0.4,241
271,215,0.38,243
272,215,0.4,242
273,215,0.37,244
274,215,0.4,241
275,215,0.4,241
276,215,0.36,243
278,215,0.36,240
280,215,0.36,238
281,215,0.4,240
282,215,0.35,242
323,215,0.4,242
324,215,0.4,241
325,215,0.4,242
326,215,0.39,240
327,215,0.33,240
328,215,0.4,243
329,215,0.38,245
331,215,0.34,239
332,215,0.35,243
333,215,0.4,239
338,215,0.4,241
339,215,0.36,242
340,215,0.4,240
341,215,0.4,242
342,215,0.36,241
72,216,0.4,235
74,216,0.38,241
75,216,0.34,243
82,216,0.35,240
86,216,0.36,239
87,216,0.36,241
88,216,0.38,243
128,216,0.35,241
135,216,0.4,238
136,216,0.39,242
137,216,0.36,244
139,216,0.36,239
140,216,0.38,240
142,216,0.36,243
143,216,0.4,240
163,216,0.38,239
164,216,0.4,242
167,216,0.38,244
168,216,0.33,240
169,216,0.4,243
170,216,0.39,240
171,216,0.4,242
172,216,0.39,242
173,216,0.36,241
174,216,0.35,243
177,216,0.4,242
178,216,0.38,242
179,216,0.34,241
180,216,0.38,241
182,216,0.4,238
183,216,0.4,241
188,216,0.39,244
189,216,0.4,239
194,216,0.38,242
195,216,0.4,248
196,216,0.4,240
197,216,0.4,242
198,216,0.4,242
199,216,0.4,238
202,216,0.4,241
209,216,0.4,242
210,216,0.39,240
211,216,0.39,243
213,216,0.35,241
214,216,0.4,241
216,216,0.36,242
217,216,0.4,240
218,216,0.37,240
219,216,0.37,240
230,216,0.35,240
232,216,0.37,241
243,216,0.4,234
244,216,0.34,243
245,216,0.4,244
246,216,0.4,243
247,216,0.36,241
267,216,0.37,239
269,216,0.39,240
270,216,0.35,241
271,216,0.39,240
273,216,0.4,243
274,216,0.36,242
275,216,0.38,242
276,216,0.4,241
277,216,0.33,240
278,216,0.38,242
316,216,0.39,242
317,216,0.39,240
318,216,0.4,242
319,216,0.4,240
320,216,0.4,242
321,216,0.38,244
322,216,0.4,242
323,216,0.4,241
324,216,0.37,243
325,216,0.37,241
326,216,0.4,243
327,216,0.38,241
328,216,0.4,242
332,216,0.37,242
333,216,0.4,241
171,217,0.39,243
172,217,0.39,240
173,217,0.4,242
174,217,0.34,240
176,217,0.34,239
177,217,0.33,242
178,217,0.4,242
179,217,0.33,242
180,217,0.36,241
181,217,0.33,246
182,217,0.4,240
183,217,0.4,241
184,217,0.39,241
185,217,0.4,246
186,217,0.33,239
187,217,0.34,239
188,217,0.4,240
189,217,0.39,241
190,217,0.38,240
191,217,0.33,242
192,217,0.35,243
193,217,0.4,241
194,217,0.4,241
195,217,0.36,244
196,217,0.36,242
197,217,0.38,241
209,217,0.36,242
210,217,0.4,241
211,217,0.4,239
212,217,0.4,241
213,217,0.4,240
214,217,0.4,242
216,217,0.4,240
228,217,0.36,241
229,217,0.38,238
230,217,0.4,240
232,217,0.37,242
237,217,0.39,242
243,217,0.4,244
244,217,0.4,239
267,217,0.35,238
268,217,0.4,240
269,217,0.4,240
271,217,0.34,242
272,217,0.34,241
273,217,0.4,242
274,217,0.34,241
277,217,0.4,242
314,217,0.36,241
315,217,0.4,241
316,217,0.4,242
317,217,0.4,238
318,217,0.35,241
319,217,0.33,241
320,217,0.35,240
321,217,0.35,243
322,217,0.4,242
323,217,0.4,242
326,217,0.4,242
327,217,0.38,241
171,218,0.34,240
172,218,0.34,241
173,218,0.4,244
174,218,0.39,239
175,218,0.38,241
176,218,0.4,239
177,218,0.4,241
178,218,0.4,243
180,218,0.4,244
181,218,0.4,243
182,218,0.4,241
183,218,0.4,242
184,218,0.36,240
185,218,0.37,241
186,218,0.38,241
187,218,0.4,240
189,218,0.38,242
190,218,0.37,241
191,218,0.37,242
192,218,0.4,241
193,218,0.39,238
204,218,0.4,241
205,218,0.4,241
206,218,0.4,241
207,218,0.4,240
208,218,0.4,241
209,218,0.4,242
210,218,0.4,241
211,218,0.36,241
212,218,0.39,242
226,218,0.39,246
227,218,0.4,241
228,218,0.4,243
229,218,0.37,241
236,218,0.35,242
237,218,0.35,243
238,218,0.4,242
239,218,0.4,244
240,218,0.4,241
241,218,0.4,244
242,218,0.35,242
268,218,0.4,241
271,218,0.35,240
272,218,0.4,242
273,218,0.4,242
291,218,0.38,242
292,218,0.36,240
298,218,0.33,241
299,218,0.37,243
301,218,0.4,242
302,218,0.4,242
303,218,0.39,240
304,218,0.36,240
305,218,0.4,239
306,218,0.36,242
307,218,0.4,239
308,218,0.35,242
309,218,0.37,242
310,218,0.4,240
311,218,0.4,237
312,218,0.39,241
313,218,0.4,239
314,218,0.36,239
315,218,0.4,240
316,218,0.36,243
317,218,0.37,241
319,218,0.33,239
320,218,0.4,240
321,218,0.4,240
322,218,0.36,239
175,219,0.4,238
180,219,0.33,244
181,219,0.38,247
182,219,0.4,243
183,219,0.4,241
184,219,0.35,241
185,219,0.4,243
186,219,0.4,244
187,219,0.4,242
189,219,0.34,242
190,219,0.4,242
199,219,0.37,241
200,219,0.35,243
203,219,0.33,241
204,219,0.35,243
205,219,0.4,239
206,219,0.33,239
207,219,0.4,242
208,219,0.35,243
209,219,0.4,239
210,219,0.35,244
219,219,0.39,244
220,219,0.34,241
221,219,0.34,242
224,219,0.35,241
225,219,0.4,241
226,219,0.34,241
227,219,0.4,242
229,219,0.4,241
231,219,0.4,244
236,219,0.38,243
237,219,0.4,244
239,219,0.4,241
240,219,0.39,242
265,219,0.37,240
266,219,0.4,242
267,219,0.36,240
268,219,0.37,241
269,219,0.34,243
270,219,0.38,241
279,219,0.39,240
282,219,0.37,239
284,219,0.4,237
288,219,0.35,242
289,219,0.37,244
290,219,0.4,239
291,219,0.4,241
292,219,0.33,243
294,219,0.34,242
296,219,0.33,244
297,219,0.39,243
298,219,0.36,243
299,219,0.33,239
301,219,0.4,240
302,219,0.33,238
303,219,0.4,237
304,219,0.4,239
305,219,0.36,240
306,219,0.4,240
307,219,0.4,241
308,219,0.39,242
309,219,0.38,240
310,219,0.34,238
311,219,0.33,242
312,219,0.4,240
313,219,0.37,241
314,219,0.4,239
315,219,0.33,239
316,219,0.4,241
317,219,0.35,240
142,220,0.39,242
143,220,0.39,242
183,220,0.4,244
187,220,0.39,240
188,220,0.4,240
189,220,0.4,241
190,220,0.33,243
191,220,0.4,239
192,220,0.4,240
194,220,0.37,241
195,220,0.4,240
198,220,0.33,242
199,220,0.4,243
200,220,0.4,240
201,220,0.34,241
216,220,0.4,240
217,220,0.34,241
218,220,0.4,241
219,220,0.39,242
220,220,0.4,240
222,220,0.34,241
223,220,0.4,240
224,220,0.36,239
225,220,0.4,242
226,220,0.4,243
227,220,0.36,239
229,220,0.4,240
230,220,0.35,244
232,220,0.38,243
233,220,0.37,243
234,220,0.39,241
261,220,0.34,242
262,220,0.33,242
263,220,0.4,244
264,220,0.38,243
265,220,0.4,240
266,220,0.35,241
267,220,0.37,241
268,220,0.38,247
269,220,0.4,241
270,220,0.34,239
277,220,0.38,241
280,220,0.4,239
282,220,0.37,240
283,220,0.37,241
284,220,0.33,240
285,220,0.4,241
286,220,0.4,242
287,220,0.4,239
288,220,0.34,240
289,220,0.35,242
290,220,0.33,242
292,220,0.36,241
293,220,0.4,241
294,220,0.37,240
295,220,0.33,239
296,220,0.34,242
297,220,0.4,243
299,220,0.39,241
300,220,0.39,239
302,220,0.4,240
303,220,0.4,243
311,220,0.4,242
316,220,0.4,239
140,221,0.37,238
141,221,0.4,243
142,221,0.39,239
143,221,0.4,246
191,221,0.4,239
192,221,0.4,240
193,221,0.4,240
194,221,0.33,244
197,221,0.33,246
198,221,0.39,242
217,221,0.4,237
218,221,0.39,245
219,221,0.4,239
224,221,0.4,235
225,221,0.33,241
226,221,0.4,242
228,221,0.4,241
229,221,0.4,241
234,221,0.34,242
259,221,0.4,242
260,221,0.36,241
261,221,0.4,241
262,221,0.4,241
263,221,0.4,242
264,221,0.4,239
272,221,0.4,242
273,221,0.4,242
274,221,0.4,242
275,221,0.39,237
276,221,0.35,242
277,221,0.35,244
280,221,0.4,244
281,221,0.35,241
282,221,0.4,241
195,222,0.37,242
196,222,0.4,240
198,222,0.39,241
200,222,0.37,234
201,222,0.4,242
202,222,0.33,237
203,222,0.4,241
216,222,0.35,239
259,222,0.37,243
260,222,0.37,242
261,222,0.4,239
267,222,0.4,242
270,222,0.35,242
271,222,0.37,242
272,222,0.4,241
273,222,0.4,241
274,222,0.36,236
275,222,0.4,242
142,223,0.34,240
143,223,0.36,242
198,223,0.35,241
199,223,0.34,241
200,223,0.37,242
201,223,0.4,243
202,223,0.33,241
203,223,0.37,241
205,223,0.38,239
253,223,0.4,242
254,223,0.4,242
255,223,0.39,240
256,223,0.4,241
257,223,0.34,235
259,223,0.36,239
260,223,0.4,240
263,223,0.32,239
264,223,0.34,240
266,223,0.4,242
267,223,0.34,240
268,223,0.37,242
269,223,0.36,241
270,223,0.4,242
272,223,0.35,240
142,224,0.37,243
203,224,0.4,241
204,224,0.4,241
205,224,0.4,240
206,224,0.4,235
207,224,0.39,239
208,224,0.4,240
252,224,0.4,238
253,224,0.37,241
256,224,0.4,240
257,224,0.4,240
258,224,0.33,242
259,224,0.34,240
263,224,0.4,241
264,224,0.4,241
265,224,0.4,240
266,224,0.39,241
142,225,0.4,243
199,225,0.34,241
204,225,0.4,239
205,225,0.35,241
206,225,0.4,242
207,225,0.4,246
210,225,0.4,239
211,225,0.38,242
252,225,0.33,242
253,225,0.4,240
254,225,0.4,241
255,225,0.36,242
256,225,0.34,241
258,225,0.36,240
259,225,0.4,243
260,225,0.33,245
261,225,0.33,242
262,225,0.4,242
264,225,0.4,239
141,226,0.4,243
142,226,0.35,241
189,226,0.33,239
190,226,0.38,241
191,226,0.4,242
192,226,0.4,241
193,226,0.4,241
196,226,0.4,245
197,226,0.4,240
198,226,0.39,235
200,226,0.4,241
201,226,0.4,242
202,226,0.35,243
203,226,0.4,241
205,226,0.35,239
206,226,0.4,243
207,226,0.33,241
208,226,0.4,241
209,226,0.4,238
211,226,0.4,241
212,226,0.4,241
246,226,0.38,241
248,226,0.4,241
249,226,0.4,242
250,226,0.37,244
251,226,0.4,243
255,226,0.33,246
256,226,0.34,244
257,226,0.38,242
258,226,0.38,243
142,227,0.34,241
143,227,0.4,244
185,227,0.33,242
186,227,0.37,242
187,227,0.4,240
188,227,0.37,236
190,227,0.4,238
191,227,0.37,241
192,227,0.38,243
193,227,0.4,239
194,227,0.4,243
195,227,0.4,241
196,227,0.4,241
197,227,0.36,241
198,227,0.4,240
200,227,0.4,241
202,227,0.4,241
203,227,0.36,240
204,227,0.35,238
205,227,0.4,237
206,227,0.4,241
207,227,0.35,240
208,227,0.4,238
209,227,0.4,240
210,227,0.4,240
214,227,0.37,242
216,227,0.36,240
217,227,0.34,239
240,227,0.35,243
243,227,0.38,240
244,227,0.38,239
246,227,0.4,242
248,227,0.35,241
249,227,0.33,241
250,227,0.4,239
143,228,0.4,242
144,228,0.4,241
182,228,0.4,242
184,228,0.38,239
185,228,0.4,240
186,228,0.39,241
187,228,0.4,241
188,228,0.4,244
189,228,0.39,243
193,228,0.4,241
194,228,0.33,241
204,228,0.35,239
205,228,0.35,238
206,228,0.39,237
207,228,0.35,242
213,228,0.38,238
215,228,0.4,244
216,228,0.36,240
217,228,0.36,241
218,228,0.34,240
219,228,0.37,241
223,228,0.38,241
230,228,0.4,241
234,228,0.4,239
236,228,0.35,242
237,228,0.34,242
238,228,0.38,239
239,228,0.39,240
240,228,0.4,243
241,228,0.33,240
242,228,0.39,239
243,228,0.39,240
244,228,0.34,242
143,229,0.34,240
144,229,0.4,240
145,229,0.38,243
180,229,0.4,243
182,229,0.37,240
183,229,0.34,238
184,229,0.38,240
185,229,0.4,242
186,229,0.37,239
217,229,0.4,242
220,229,0.34,241
221,229,0.4,243
222,229,0.34,242
223,229,0.37,241
224,229,0.4,242
227,229,0.39,243
228,229,0.4,242
229,229,0.4,240
230,229,0.35,241
231,229,0.4,241
232,229,0.39,241
235,229,0.4,238
236,229,0.4,244
239,229,0.34,239
240,229,0.4,239
242,229,0.4,241
144,230,0.4,239
145,230,0.39,241
180,230,0.4,241
182,230,0.39,241
221,230,0.38,240
222,230,0.4,242
223,230,0.39,242
224,230,0.37,240
225,230,0.4,240
226,230,0.36,241
227,230,0.37,242
228,230,0.4,240
229,230,0.4,241
231,230,0.4,242
232,230,0.4,242
233,230,0.34,241
235,230,0.34,243
145,231,0.4,241
146,231,0.4,242
178,231,0.4,242
179,231,0.34,240
182,231,0.39,243
223,231,0.36,237
226,231,0.35,243
145,232,0.4,244
146,232,0.35,241
147,232,0.38,238
178,232,0.36,241
179,232,0.4,242
180,232,0.4,242
146,233,0.37,241
147,233,0.4,240
149,233,0.4,240
176,233,0.4,241
177,233,0.4,242
178,233,0.39,241
146,234,0.38,241
147,234,0.4,241
149,234,0.37,242
150,234,0.4,241
176,234,0.4,240
178,234,0.39,239
151,235,0.39,242
173,235,0.4,240
174,235,0.35,241
152,236,0.38,244
153,236,0.4,242
154,236,0.4,240
155,236,0.36,239
156,236,0.4,241
157,236,0.38,243
171,236,0.37,238
172,236,0.4,241
175,236,0.38,240
176,236,0.38,241
153,237,0.35,241
154,237,0.4,242
155,237,0.33,241
156,237,0.4,242
157,237,0.35,241
158,237,0.4,243
169,237,0.37,241
170,237,0.4,239
171,237,0.4,240
172,237,0.38,241
173,237,0.4,242
157,238,0.33,241
158,238,0.33,240
159,238,0.4,242
160,238,0.39,241
162,238,0.36,239
163,238,0.37,241
164,238,0.4,241
166,238,0.4,240
159,239,0.38,241
160,239,0.33,237
164,239,0.4,240
165,239,0.39,238
166,239,0.4,241
167,239,0.38,237
168,239,0.4,240